Country Code,Country Name,Region,rank_balanced,target_tuition_usd,compact_capex_usd_mn,compact_capex_rub_mn,compact_opex_usd_mn,compact_opex_rub_mn,compact_breakeven_students,standard_capex_usd_mn,standard_capex_rub_mn,standard_opex_usd_mn,standard_opex_rub_mn,standard_breakeven_students,campus_capex_usd_mn,campus_capex_rub_mn,campus_opex_usd_mn,campus_opex_rub_mn,campus_breakeven_students
ARE,United Arab Emirates,Middle East & North Africa,1,12546.324863703816,2.5921652326379476,190.11872995650455,0.8259021802658114,60.57463914854356,66.0,6.105413081594868,447.79297489126134,1.5652579845670644,114.80165551689294,125.0,17.414434884252984,1277.2373463766971,4.055413081594868,297.43859489126135,323.0
SAU,Saudi Arabia,Middle East & North Africa,2,11302.699346574673,2.3357255758321074,171.31052234359973,0.7190523232633781,52.737885976499896,64.0,5.4643139395802685,400.77245585899936,1.3373116229618733,98.08324874986644,118.0,15.704837172214049,1151.8492956239982,3.4143139395802686,250.41807585899937,302.0
MYS,Malaysia,East Asia & Pacific,3,6140.921721279935,2.0011697892606297,146.77299655561592,0.5796540788585955,42.513916898173285,94.0,4.627924473151573,339.4286413890397,1.039928701565004,76.27211471610303,169.0,13.474465261737532,988.2657903707727,2.5779244731515734,189.07426138903972,420.0
TUR,Türkiye,Europe & Central Asia,4,6507.808278580261,2.083976721415725,152.84635506482638,0.6141569672565521,45.04448294367765,94.0,4.834941803539313,354.6120376620659,1.1135348634806446,81.670655613179,171.0,14.026511476104835,1028.7548470988424,2.7849418035393128,204.25765766206592,428.0
THA,Thailand,East Asia & Pacific,5,3913.2972579466955,1.9851198266792698,145.5958345200337,0.5729665944496957,42.023432716680695,146.0,4.587799566698174,336.48573630008417,1.025662068159351,75.22574846225217,262.0,13.367465511195132,980.4180434668912,2.5377995666981743,186.1313563000842,649.0
CHN,China,East Asia & Pacific,6,4292.211549910663,2.3334451683906656,171.1432690523776,0.7181021534961106,52.66819710515733,167.0,5.458612920976664,400.35432263094407,1.3352845941250362,97.93457915766899,311.0,15.689634455937771,1150.7342736825174,3.4086129209766636,249.99994263094402,794.0
CHL,Chile,Latin America & Caribbean,7,5432.901682044847,2.281311205261526,167.31957651421925,0.6963796688589692,51.074991880924685,128.0,5.328278013153815,390.7950912855481,1.2889432935658012,94.5357413459727,237.0,15.342074701743508,1125.242990094795,3.278278013153815,240.44071128554813,603.0
ARG,Argentina,Latin America & Caribbean,8,4818.9538377102745,2.276310374606665,166.95279759100137,0.6942959894194436,50.9221673295839,144.0,5.315775936516662,389.87814397750344,1.28449811076148,94.20971563644567,267.0,15.308735830711099,1122.7977972733424,3.265775936516662,239.52376397750345,678.0
VNM,Viet Nam,East Asia & Pacific,9,3000.0,1.9682093387153785,144.35555845500522,0.5659205577980744,41.506651022918845,189.0,4.545523346788446,333.38504613751303,1.0106305233025588,74.12328084889354,337.0,13.25472892476919,972.1495363667015,2.4955233467884463,183.0306661375131,832.0
PHL,Philippines,East Asia & Pacific,10,3000.0,2.0581578021343274,150.95270257661926,0.6033990842226362,44.25546107359134,201.0,4.770394505335817,349.877906441548,1.0905847130082909,79.98740895699487,364.0,13.854385347562182,1016.1304971774616,2.7203945053358174,199.52352644154803,907.0
BRA,Brazil,Latin America & Caribbean,11,3537.425789850664,2.2808081317383166,167.2826792909624,0.6961700548909652,51.05961803790099,197.0,5.327020329345791,390.7028482274059,1.2884961171007259,94.5029438141888,364.0,15.338720878255444,1124.9970086064159,3.277020329345791,240.34846822740593,926.0
IDN,Indonesia,East Asia & Pacific,12,3000.0,1.9890093853823845,145.88110875773145,0.5745872439093269,42.1422969823881,192.0,4.597523463455961,337.19892189432863,1.0291194536732307,75.47932556242796,343.0,13.39339590254923,982.3198717182096,2.547523463455961,186.84454189432861,849.0
ISR,Israel,Middle East & North Africa,13,8520.991643235684,3.1537950430908843,231.31068212244057,1.0599146012878684,77.7379525510169,124.0,7.50948760772721,550.7728553061014,2.064484482747453,151.41672410883606,242.0,21.158633620605894,1551.8503608162703,5.45948760772721,400.41847530610136,641.0
COL,Colombia,Latin America & Caribbean,14,3325.8986399616433,2.0878047160627986,153.12711397302346,0.615751965026166,45.161465822093106,185.0,4.8445117901569965,355.31393493255865,1.1169375253891545,81.92021908713198,336.0,14.052031440418657,1030.6265731534897,2.7945117901569967,204.9595549325587,840.0
KWT,Kuwait,Middle East & North Africa,15,8304.744136587216,2.5729567964380715,188.70991409523532,0.8178986651825297,59.987632539681385,98.0,6.057391991095178,444.27093523808827,1.5481838190560637,113.54937475132031,186.0,17.286378642920475,1267.845240634902,4.0073919910951785,293.91655523808834,483.0
PER,Peru,Latin America & Caribbean,16,3000.0,2.3046181082509403,169.02898868431365,0.7060908784378916,51.78724695179734,235.0,5.38654527062735,395.06862171078404,1.3096605406675024,96.05521883050102,437.0,15.497454055006267,1136.6390712287575,3.33654527062735,244.71424171078408,1112.0
DOM,Dominican Republic,Latin America & Caribbean,17,4361.380107712473,2.160784663039645,158.4797260121145,0.6461602762665186,47.39172083838103,148.0,5.026961657599112,368.6954650302862,1.1818085893685732,86.67809645521288,271.0,14.538564420264299,1066.3106534140966,2.976961657599112,218.3410850302862,683.0
MEX,Mexico,Latin America & Caribbean,18,3967.1331663422816,2.425140675770334,177.86854766742908,0.7563086149043058,55.470396528095435,191.0,5.687851689425835,417.16751916857265,1.4167917117958524,103.91260459327027,357.0,16.300937838468894,1195.569464449527,3.637851689425835,266.81313916857266,917.0
IND,India,South Asia,19,3000.0,1.9,139.35284,0.5375,39.422185,179.0,4.375,320.87825,0.9500000000000001,69.67642,317.0,12.8,938.79808,2.325,170.52387,775.0
IRN,"Iran, Islamic Rep.",Middle East & North Africa,20,3147.143762528404,1.9200794410469677,140.82553849237237,0.5458664337695698,40.03580937182181,173.0,4.425198602617419,324.5599962309309,0.9678483920417491,70.98548532655323,308.0,12.93386294031312,948.6160699491493,2.375198602617419,174.20561623093093,755.0
JOR,Jordan,Middle East & North Africa,21,3000.0,2.2181541002992535,162.68740707070833,0.6700642084580222,49.14492127946179,223.0,5.170385250748133,379.2146676767707,1.2328036447104473,90.41825739618515,411.0,14.921027335328356,1094.3618604713888,3.120385250748133,228.86028767677075,1040.0
EGY,"Egypt, Arab Rep.",Middle East & North Africa,22,3023.6672840155197,1.9,139.35284,0.5375,39.422185,178.0,4.375,320.87825,0.9500000000000001,69.67642,314.0,12.8,938.79808,2.325,170.52387,769.0
MAR,Morocco,Middle East & North Africa,23,3000.0,2.167778274158588,158.99266262857782,0.6490742808994115,47.605444428574074,216.0,5.04444568539647,369.9778065714445,1.1880251325854114,87.13404011429138,396.0,14.585188494390586,1069.7302308571852,2.994445685396469,219.62342657144447,998.0
OMN,Oman,Middle East & North Africa,24,6609.794483415341,2.3247787263260826,170.50764099216966,0.714491135969201,52.40335208007069,108.0,5.436946815815206,398.7652524804241,1.3275810900676288,97.36957643748413,201.0,15.631858175507215,1146.4967532811309,3.3869468158152056,248.4108724804241,512.0
GEO,Georgia,Europe & Central Asia,25,4479.103460909496,2.03810822361325,149.48219430940074,0.5950450931721873,43.642749295583634,133.0,4.720270559033124,346.20163577350183,1.0727628654339996,78.68029049724508,240.0,13.720721490754999,1006.3271087293382,2.670270559033124,195.84725577350184,596.0
GHA,Ghana,Sub-Saharan Africa,26,3000.0,1.9865825280142417,145.70311430166532,0.5735760533392673,42.068132625693885,191.0,4.591456320035604,336.7539357541633,1.0269622471237705,75.32110826814697,342.0,13.377216853428278,981.1332420111022,2.541456320035604,186.39955575416332,847.0
BHR,Bahrain,Middle East & North Africa,27,10600.529487493259,2.2473622907231356,164.82964090588135,0.6822342878013065,50.0375187107839,64.0,5.243405726807839,384.5702522647034,1.2587664806427874,92.32246524967233,119.0,15.115748604820904,1108.6434193725424,3.193405726807839,234.21587226470342,301.0
DZA,Algeria,Middle East & North Africa,28,3000.0,2.0376814465152604,149.45089294063663,0.5948672693813585,43.6297070585986,198.0,4.719203616288151,346.12338235159166,1.0723835080135649,78.65246705834369,357.0,13.717876310101737,1006.1184329375777,2.669203616288151,195.76900235159164,890.0
URY,Uruguay,Latin America & Caribbean,29,5766.97909118809,2.631609990558113,193.011750503498,0.8423374960658802,61.78006437645748,146.0,6.2040249763952815,455.02552625874495,1.6003199916072113,117.37322933644265,277.0,17.677399937054084,1296.5241500233199,4.154024976395281,304.6711462587449,720.0
BLR,Belarus,Europe & Central Asia,30,5227.375064227648,1.9035471427734747,139.6130002207206,0.5389779761556144,39.53058509196691,103.0,4.383867856933686,321.5286505518015,0.9531530157986441,69.90767352952943,182.0,12.823647618489831,940.5324814714708,2.3338678569336864,171.1742705518015,446.0
PAN,Panama,Latin America & Caribbean,31,6551.0851552406375,2.2837122398962433,167.49567703805408,0.6973800999567679,51.148367099189194,106.0,5.334280599740607,391.23534259513514,1.2910775465744384,94.69227514493697,197.0,15.358081599308289,1126.4169935870273,3.2842805997406073,240.88096259513517,501.0
ZAF,South Africa,Sub-Saharan Africa,32,3000.0,2.17986484388623,159.87913516405408,0.6541103516192625,47.97480798502254,218.0,5.074662109715575,372.19398791013526,1.1987687501210933,87.92201570138141,400.0,14.6657656259082,1075.6400477603606,3.0246621097155746,221.83960791013521,1008.0
SEN,Senegal,Sub-Saharan Africa,33,3000.0,2.079464428981694,152.51540729346175,0.612276845409039,44.906588038942395,204.0,4.823661072454235,353.78466823365443,1.1095239368726169,81.37647981641045,370.0,13.996429526544627,1026.5485286230785,2.7736610724542348,203.4302882336544,925.0
NGA,Nigeria,Sub-Saharan Africa,34,3000.0,1.9,139.35284,0.5375,39.422185,179.0,4.375,320.87825,0.9500000000000001,69.67642,317.0,12.8,938.79808,2.325,170.52387,775.0
AGO,Angola,Sub-Saharan Africa,35,3000.0,1.9242325756999294,141.13014433910533,0.5475969065416373,40.16272847462722,183.0,4.435581439249823,325.3215108477633,0.9715400672888261,71.25624607920474,324.0,12.961550504666196,950.6467755940355,2.3855814392498234,174.96713084776334,795.0
CRI,Costa Rica,Latin America & Caribbean,36,4855.218508452941,2.5255498519255424,185.2329181196862,0.7981457716356427,58.53888421653592,164.0,5.938874629813856,435.5784452992155,1.5060443128227046,110.45871166194331,310.0,16.970332346170284,1244.6652674645748,3.8888746298138566,285.22406529921557,801.0
CIV,Côte d'Ivoire,Sub-Saharan Africa,37,3000.0,2.090247728476032,153.3062932982547,0.6167698868650132,45.23612387427278,206.0,4.85061932119008,355.76188324563674,1.119109091978695,82.0794895984486,373.0,14.068318189840213,1031.8211019883645,2.8006193211900796,205.40750324563672,934.0
SRB,Serbia,Europe & Central Asia,38,4842.153556438135,2.1999524745323047,161.35243431110754,0.6624801977217936,48.58868262962814,137.0,5.124881186330762,375.8772357777688,1.2166244218064932,89.23161494320671,251.0,14.799683163548698,1085.4620420740503,3.074881186330762,225.52285577776885,635.0
VEN,"Venezuela, RB",Latin America & Caribbean,39,4164.256637027377,2.575071377963543,188.8650051168069,0.8187797408181428,60.05225379866953,197.0,6.062678444908856,444.6586627920172,1.5500634470787047,113.68723343716168,372.0,17.300475853090283,1268.8791807787125,4.012678444908857,294.3042827920172,964.0
QAT,Qatar,Middle East & North Africa,40,14000.0,2.5451498730121873,186.67045422625665,0.8063124470884113,59.1378575942736,58.0,5.987874682530468,439.17228556564163,1.523466553788611,111.73652153445036,109.0,17.10099915341458,1254.2488415083776,3.9378746825304685,288.81790556564164,281.0
MNG,Mongolia,East Asia & Pacific,41,3031.6771057283418,2.0846987740400125,152.89931300368104,0.6144578225166718,45.066548751533766,203.0,4.836746935100031,354.7444325092026,1.1141766880355668,81.71772933660539,368.0,14.03132516026675,1029.1079000245404,2.786746935100031,204.39005250920263,919.0
KEN,Kenya,Sub-Saharan Africa,42,3000.0,2.0277101891561666,148.7195650293942,0.5907125788150693,43.324987095580916,197.0,4.694275472890416,344.2950625734855,1.0635201681388147,78.00239780390596,355.0,13.65140126104111,1001.2429135292947,2.644275472890416,193.9406825734855,881.0
KGZ,Kyrgyz Republic,Europe & Central Asia,43,3000.0,1.9936952787173319,146.22478904413248,0.576539699465555,42.28549710172187,192.0,4.60923819679333,338.0581226103312,1.0332846921931842,75.78481915034001,344.0,13.424635191448882,984.6110736275501,2.5592381967933298,187.70374261033126,853.0
IRQ,Iraq,Middle East & North Africa,44,3000.0,2.2058253391912355,161.78317134750628,0.6649272246630147,48.76815639479428,222.0,5.139563347978088,376.9540783687657,1.2218447459477648,89.61449230889448,407.0,14.838835594608238,1088.3336223167087,3.089563347978088,226.5996983687657,1030.0
AZE,Azerbaijan,Europe & Central Asia,45,3972.9868408291763,1.9725768328729705,144.67588619950197,0.5677403470304044,41.64012091645917,143.0,4.556442082182427,334.185865498755,1.0145127403315295,74.40801662177957,255.0,13.283845552486472,974.2850546633467,2.5064420821824265,183.831485498755,631.0
ECU,Ecuador,Latin America & Caribbean,46,3000.0,2.231203400390478,163.64448971687904,0.6755014168293658,49.54370571536627,225.0,5.203008500976194,381.60737429219756,1.2444030225693137,91.2689975261147,415.0,15.008022669269852,1100.7424114458602,3.1530085009761946,231.2529942921976,1051.0
TZA,Tanzania,Sub-Saharan Africa,47,3000.0,1.9560870646083806,143.4664672318112,0.5608696102534919,41.13619634658801,187.0,4.515217661520952,331.16231807952806,0.9998551685407828,73.33297753938776,333.0,13.173913764055872,966.2222615454082,2.4652176615209513,180.80793807952804,822.0
BGD,Bangladesh,South Asia,48,3000.0,1.9339079905320236,141.83977409438452,0.551628329388343,40.45840753932688,184.0,4.459769976330058,327.0955852359612,0.9801404360284653,71.88702808389735,327.0,13.026053270213492,955.3776406292302,2.4097699763300584,176.74120523596125,803.0
ARM,Armenia,Europe & Central Asia,49,3614.181281727189,2.124804547191449,155.84081478739077,0.6311685613297704,46.29217449474614,175.0,4.937011367978623,362.0981869684769,1.1498262641701769,84.33239758879178,318.0,14.298696981276327,1048.7179119159384,2.8870113679786225,211.7438069684769,799.0
KHM,Cambodia,East Asia & Pacific,50,3000.0,2.0437314608035475,149.89462276859106,0.5973881086681447,43.81459448691294,199.0,4.734328652008869,347.23270692147764,1.0777612984920424,79.04689357208096,359.0,13.758209738690319,1009.0766317906072,2.684328652008869,196.87832692147768,895.0
TUN,Tunisia,Middle East & North Africa,51,3000.0,1.9682868957048674,144.3612467638195,0.5659528732103614,41.509021151591455,189.0,4.545717239262169,333.39926690954877,1.010699462848771,74.12833712339513,337.0,13.255245971365783,972.1874584254633,2.4957172392621683,183.04488690954875,832.0
SYR,Syrian Arab Republic,Middle East & North Africa,52,3000.0,1.9,139.35284,0.5375,39.422185,179.0,4.375,320.87825,0.9500000000000001,69.67642,317.0,12.8,938.79808,2.325,170.52387,775.0
PAK,Pakistan,Middle East & North Africa,53,3000.0,1.9,139.35284,0.5375,39.422185,179.0,4.375,320.87825,0.9500000000000001,69.67642,317.0,12.8,938.79808,2.325,170.52387,775.0
GTM,Guatemala,Latin America & Caribbean,54,3000.0,2.220429939058276,162.85432527831455,0.6710124746076147,49.21447053263105,224.0,5.176074847645689,379.6319631957863,1.234826612496245,90.56662913627959,412.0,14.936199593721838,1095.474648522097,3.1260748476456888,229.27758319578632,1042.0
PRY,Paraguay,Latin America & Caribbean,55,3000.0,2.073470829147625,152.07581510467176,0.6097795121448437,44.72342462694656,203.0,4.808677072869062,352.68568776167933,1.1041962925756668,80.98573120415267,368.0,13.9564721943175,1023.617914031145,2.7586770728690624,202.33130776167934,920.0
BRN,Brunei Darussalam,East Asia & Pacific,56,14000.0,2.1139594675548548,155.04539760455623,0.6266497781478559,45.96075066856508,45.0,4.909898668887136,360.1096440113905,1.140186193382093,83.62536009293886,81.0,14.226396450365698,1043.4151306970416,2.859898668887136,209.75526401139055,204.0
LBY,Libya,Middle East & North Africa,57,3000.0,2.276667606040569,166.97899823039708,0.6944448358502371,50.933084262665446,231.0,5.316669015101422,389.94364557599266,1.2848156498138392,94.23300509368629,428.0,15.311117373603794,1122.9724682026472,3.2666690151014226,239.58926557599267,1089.0
RWA,Rwanda,Sub-Saharan Africa,58,3000.0,1.9348951496188111,141.91217589558224,0.5520396456745047,40.4885749564926,184.0,4.4622378740470285,327.27658973895564,0.9810179107722767,71.95138524051755,327.0,13.032634330792074,955.8603193038815,2.412237874047028,176.9222097389556,804.0
CMR,Cameroon,Sub-Saharan Africa,59,3000.0,2.0393760936287473,149.5751844606694,0.5955733723453113,43.681495191945565,199.0,4.723440234071868,346.4341111516734,1.0738898610033307,78.76294840948388,358.0,13.729173957524981,1006.9470430711292,2.673440234071868,196.07973115167343,891.0
MUS,Mauritius,Sub-Saharan Africa,60,5042.008436513384,2.127875837541854,156.06607427833472,0.6324482656424391,46.38603261597279,125.0,4.944689593854634,362.6613356958367,1.1525563000372034,84.53262824740862,229.0,14.319172250279026,1050.2196418555648,2.8946895938546344,212.30695569583676,574.0
CUB,Cuba,Latin America & Caribbean,61,4164.256637027377,2.029489680620138,148.85007933953113,0.591454033591724,43.37936805813796,142.0,4.698724201550344,344.6213483488278,1.0651019383290112,78.11841052402767,256.0,13.663264537467585,1002.1130089302075,2.648724201550344,194.2669683488278,636.0
UGA,Uganda,Sub-Saharan Africa,62,3000.0,2.0427542448968006,149.82295023601299,0.5969809353736668,43.784730931672065,199.0,4.731885612242001,347.0535255900324,1.0768926621304893,78.98318465423375,359.0,13.75169496597867,1008.5988149067531,2.681885612242001,196.6991455900324,894.0
COD,"Congo, Dem. Rep.",Sub-Saharan Africa,63,3000.0,2.0918774070295885,153.42581979021531,0.6174489195956618,45.28592657925638,206.0,4.8546935175739705,356.06069947553823,1.1205576951374119,82.18573536908028,374.0,14.079182713530589,1032.617945268102,2.8046935175739707,205.70631947553827,935.0
LKA,Sri Lanka,South Asia,64,3000.0,1.9699407698765374,144.4825478495168,0.5666419874485573,41.559563270632005,189.0,4.549851924691344,333.70251962379206,1.012169573223589,74.23616031068161,337.0,13.266271799176916,972.996132330112,2.4998519246913435,183.348139623792,833.0
ZMB,Zambia,Sub-Saharan Africa,65,3000.0,1.9569635439909687,143.530751385056,0.561234809996237,41.162981410440004,187.0,4.517408859977422,331.32302846264,1.0006342613253056,73.39011900893868,334.0,13.179756959939793,966.6508225670401,2.4674088599774215,180.96864846264,822.0
NPL,Nepal,South Asia,66,3000.0,1.904127599563824,139.65557301136928,0.5392198331515933,39.5483237547372,180.0,4.385318998909559,321.63508252842314,0.9536689773900657,69.94551601010602,318.0,12.827517330425493,940.8163000757952,2.3353189989095595,171.28070252842315,778.0
BEN,Benin,Sub-Saharan Africa,67,3000.0,2.0529192967455545,150.56849173278724,0.6012163736439811,44.095373221994684,200.0,4.757298241863886,348.91737933196805,1.0859282637738263,79.64588820692201,362.0,13.819461978303696,1013.5690915519149,2.707298241863886,198.5629993319681,902.0
ETH,Ethiopia,Sub-Saharan Africa,68,3000.0,2.0708265715652043,151.88187573424972,0.6086777381521683,44.642616555937366,203.0,4.80206642891301,352.2008393356242,1.1018458413912926,80.8133406526664,367.0,13.938843810434694,1022.3249848949979,2.75206642891301,201.84645933562425,917.0
MRT,Mauritania,Sub-Saharan Africa,69,3000.0,1.9654490579686588,144.15310952803011,0.5647704408202745,41.42229730334588,188.0,4.538622644921647,332.8789238200753,1.0081769404165857,73.94332624713789,336.0,13.236327053124393,970.7998768535342,2.488622644921647,182.5245438200753,830.0
NAM,Namibia,Sub-Saharan Africa,70,3000.0,2.12972105962185,156.2014095084811,0.6332171081757707,46.44242229520045,211.0,4.949302649054625,362.99967377120277,1.1541964974416445,84.652926229761,385.0,14.331473730812334,1051.1218767232074,2.8993026490546248,212.64529377120277,966.0
LBN,Lebanon,Middle East & North Africa,71,3000.0,1.947812166662956,142.85955642686116,0.557421736109565,40.88331684452549,186.0,4.4945304166573905,329.645041067153,0.9924997037004055,72.79350126832105,331.0,13.118747777753041,962.1761895124079,2.4445304166573902,179.29066106715297,815.0
BOL,Bolivia,Latin America & Caribbean,72,3000.0,2.0679782937494613,151.67297278544297,0.6074909557289421,44.55557366060123,202.0,4.794945734373653,351.6785819636074,1.09931403888841,80.62764914261598,366.0,13.919855291663074,1020.9322985696198,2.744945734373653,201.32420196360744,915.0
SLV,El Salvador,Latin America & Caribbean,73,3000.0,2.207189907415785,161.88325369354035,0.6654957947565769,48.80985737230847,222.0,5.142974768539462,377.20428423385084,1.2230576954806978,89.7034543942581,408.0,14.847932716105232,1089.0008379569356,3.092974768539462,226.84990423385088,1031.0
GUY,Guyana,Latin America & Caribbean,74,12693.00987116649,2.116401517632029,155.22450634859646,0.6276672990133454,46.03537931191519,49.0,4.916003794080073,360.5574158714912,1.1423569045618036,83.78456786541909,90.0,14.242676784213526,1044.6091889906431,2.866003794080072,210.20303587149115,226.0
HND,Honduras,Latin America & Caribbean,75,3000.0,2.273880215939167,166.77456100575588,0.6932834233079862,50.84790208573161,231.0,5.309700539847917,389.43255251438967,1.282337969723704,94.05128311622745,427.0,15.29253477292778,1121.609553371706,3.259700539847917,239.07817251438968,1087.0
NER,Niger,Sub-Saharan Africa,76,3000.0,2.0956242357750994,153.70062569899457,0.6190100982396247,45.40042904124773,206.0,4.864060589437749,356.74771424748644,1.1238882095778662,82.43000728799518,375.0,14.104161571833995,1034.4499846599638,2.814060589437748,206.3933342474864,938.0
BFA,Burkina Faso,Sub-Saharan Africa,77,3000.0,2.060377411298495,151.1154967033123,0.604323921374373,44.32329195971346,201.0,4.775943528246238,350.2848917582807,1.0925576989319956,80.1321148473887,364.0,13.869182741989968,1017.2157913554154,2.725943528246238,199.93051175828074,909.0
MDG,Madagascar,Sub-Saharan Africa,78,3000.0,1.9708165686482777,144.54678208431181,0.567006903603449,41.58632753512992,189.0,4.552041421620694,333.8631052107795,1.0129480610206913,74.29325740827717,338.0,13.272110457655184,973.4243605620787,2.502041421620694,183.50872521077952,834.0
TGO,Togo,Sub-Saharan Africa,79,3000.0,2.0486961760459748,150.25875285744556,0.5994567400191562,43.96631535726898,200.0,4.746740440114937,348.1430321436139,1.082174378707533,79.37056476217381,361.0,13.791307840306498,1011.5041657163036,2.6967404401149366,197.78865214361386,899.0
AFG,Afghanistan,Middle East & North Africa,80,3000.0,1.9,139.35284,0.5375,39.422185,179.0,4.375,320.87825,0.9500000000000001,69.67642,317.0,12.8,938.79808,2.325,170.52387,775.0
MLI,Mali,Sub-Saharan Africa,81,3000.0,2.0444041704202034,149.9439617136312,0.5976684043417514,43.83515238067967,199.0,4.736010426050509,347.3560542840781,1.0783592625957366,79.09075041211666,359.0,13.762694469468023,1009.4055580908748,2.686010426050508,197.00167428407804,895.0
BWA,Botswana,Sub-Saharan Africa,82,3252.330912857098,2.124470089974465,155.81628449105114,0.631029204156027,46.28195353793798,194.0,4.936175224936163,362.0368612276279,1.149528968866191,84.31059288093435,353.0,14.296467266496434,1048.5543766070077,2.8861752249361623,211.6824812276279,887.0
LAO,Lao PDR,East Asia & Pacific,83,3000.0,1.9,139.35284,0.5375,39.422185,179.0,4.375,320.87825,0.9500000000000001,69.67642,317.0,12.8,938.79808,2.325,170.52387,775.0
MOZ,Mozambique,Sub-Saharan Africa,84,3000.0,2.1432172549493447,157.19126906010274,0.6388405228955601,46.8548637750428,213.0,4.983043137373361,365.4743226502568,1.1661931155105285,85.532801386758,389.0,14.421448366328963,1057.7209404006849,2.933043137373361,215.11994265025683,978.0
TJK,Tajikistan,Europe & Central Asia,85,3000.0,1.9,139.35284,0.5375,39.422185,179.0,4.375,320.87825,0.9500000000000001,69.67642,317.0,12.8,938.79808,2.325,170.52387,775.0
FJI,Fiji,East Asia & Pacific,86,3000.0,2.1986155760759587,161.25438136548468,0.661923156698316,48.547827235618605,221.0,5.121538940189897,375.63210341371166,1.2154360676230742,89.1444567693197,405.0,14.790770507173058,1084.8083557698978,3.071538940189896,225.27772341371164,1024.0
NIC,Nicaragua,Latin America & Caribbean,87,3000.0,2.0385508329345896,149.51465687042136,0.5952295137227455,43.65627536267555,198.0,4.721377082336473,346.2827921760533,1.0731562959418572,78.70914610704119,358.0,13.72367221956393,1006.543525802809,2.6713770823364733,195.92841217605334,890.0
GIN,Guinea,Sub-Saharan Africa,88,3000.0,2.1182838451682695,155.36256302648349,0.6284516021534454,46.09290292770144,209.0,4.920709612920673,360.90255756620866,1.144030084594017,83.90728491242974,381.0,14.25522563445513,1045.5295668432232,2.870709612920673,210.54817756620866,957.0
SOM,"Somalia, Fed. Rep.",Sub-Saharan Africa,89,3000.0,2.1573626797406957,158.22874543782967,0.6447344498919565,47.287145599095695,215.0,5.018406699351739,368.06801359457415,1.178766826436174,86.45500261140415,393.0,14.515751198271303,1064.6374495855312,2.968406699351739,217.7136335945742,989.0
GAB,Gabon,Sub-Saharan Africa,90,3406.2590990097156,2.13870101273962,156.8600315979696,0.636958755308175,46.716848165820664,187.0,4.9717525318490505,364.646228994924,1.1621786779907737,85.2383680870841,341.0,14.391340084930802,1055.5126906531307,2.9217525318490507,214.291848994924,858.0
COG,"Congo, Rep.",Sub-Saharan Africa,91,3000.0,2.085897786461268,152.98725289110067,0.6149574110255285,45.103190371291944,205.0,4.839744466153171,354.96428222775165,1.1152424768544607,81.79589812542281,372.0,14.039318576408455,1029.6941659406712,2.7897444661531705,204.60990222775166,930.0
MWI,Malawi,Sub-Saharan Africa,92,3000.0,1.9563618712479252,143.4866225400593,0.5609841130199688,41.14459439169138,187.0,4.515904678119813,331.21270635014827,1.000099441109267,73.35089336894163,333.0,13.175745808319501,966.3566302670621,2.465904678119813,180.8583263501483,822.0
GMB,"Gambia, The",Sub-Saharan Africa,93,3000.0,1.9012622004310185,139.44541432353245,0.5380259168462578,39.46075763480519,179.0,4.378155501077546,321.1096858088311,0.9511219559386832,69.7587082875844,317.0,12.808414669540124,939.415242156883,2.3281555010775463,170.7553058088311,776.0
BIH,Bosnia and Herzegovina,Europe & Central Asia,94,3694.9848394888436,2.122673330496224,155.68450368258283,0.6302805543734264,46.22704486774284,171.0,4.9316833262405595,361.7074092064571,1.1479318493299766,84.19345438451806,311.0,14.284488869974826,1047.6758378838856,2.881683326240559,211.35302920645702,780.0
MMR,Myanmar,East Asia & Pacific,95,3000.0,1.9,139.35284,0.5375,39.422185,179.0,4.375,320.87825,0.9500000000000001,69.67642,317.0,12.8,938.79808,2.325,170.52387,775.0
YEM,"Yemen, Rep.",Middle East & North Africa,96,3000.0,2.234291362323093,163.87097196168,0.6767880676346221,49.63807331736666,226.0,5.210728405807732,382.1735799041999,1.2471478776205271,91.4703150770489,416.0,15.028609082153952,1102.2522930778666,3.160728405807732,231.81919990419996,1054.0
DJI,Djibouti,Middle East & North Africa,97,3000.0,2.2687802618448067,166.40051201264075,0.6911584424353361,50.692048338600316,230.0,5.296950654612017,388.4974300316019,1.277804677195384,93.71879512234736,426.0,15.258535078965378,1119.115893417605,3.246950654612017,238.14305003160192,1082.0
TCD,Chad,Sub-Saharan Africa,98,3000.0,2.081069057732104,152.6330965426803,0.6129454407217099,44.955625226116794,204.0,4.827672644330259,354.07889135670075,1.1109502735396477,81.4810924823825,370.0,14.007127051547359,1027.3331236178688,2.7776726443302593,203.7245113567008,926.0
MDA,Moldova,Europe & Central Asia,99,3000.0,2.1825899194134863,160.07900201349497,0.6552457997556191,48.058085838956224,218.0,5.081474798533715,372.69365503373734,1.2011910394786542,88.09967512310662,400.0,14.683932796089907,1076.9724934232997,3.031474798533715,222.33927503373735,1010.0
BDI,Burundi,Sub-Saharan Africa,100,3000.0,1.9,139.35284,0.5375,39.422185,179.0,4.375,320.87825,0.9500000000000001,69.67642,317.0,12.8,938.79808,2.325,170.52387,775.0
BTN,Bhutan,South Asia,101,3000.0,1.9,139.35284,0.5375,39.422185,179.0,4.375,320.87825,0.9500000000000001,69.67642,317.0,12.8,938.79808,2.325,170.52387,775.0
ZWE,Zimbabwe,Sub-Saharan Africa,102,3000.0,2.208249805272979,161.96099041801924,0.6659374188637412,48.842247674174686,222.0,5.145624513182447,377.3986260450481,1.2239998269093146,89.772553704906,408.0,14.85499870181986,1089.519082786795,3.0956245131824476,227.04424604504814,1032.0
SLE,Sierra Leone,Sub-Saharan Africa,103,3000.0,1.9,139.35284,0.5375,39.422185,179.0,4.375,320.87825,0.9500000000000001,69.67642,317.0,12.8,938.79808,2.325,170.52387,775.0
SDN,Sudan,Sub-Saharan Africa,104,3000.0,2.2876407058753387,167.78380487543848,0.6990169607813911,51.26842036476603,233.0,5.344101764688347,391.9556621885962,1.2945695163336346,94.94838877816755,432.0,15.384271372502258,1128.3378458362565,3.294101764688347,241.60128218859623,1098.0
MDV,Maldives,South Asia,105,4146.193771287104,2.3697965051846435,173.8094069576604,0.7332485438269347,53.779087899025164,177.0,5.549491262961609,407.019667394151,1.367596893497461,100.30447951792037,330.0,15.931976701230958,1168.5085263844028,3.499491262961609,256.66528739415105,844.0
TKM,Turkmenistan,Europe & Central Asia,106,3359.213783830082,2.0318099405045373,149.02025555238856,0.5924208085435572,43.450274813495234,176.0,4.704524851261343,345.04678888097146,1.0671643915595888,78.26967826878985,318.0,13.678732936696914,1003.2475170159237,2.6545248512613426,194.69240888097139,790.0
GNQ,Equatorial Guinea,Sub-Saharan Africa,107,3000.0,2.141175846813758,157.04154483836953,0.6379899361723991,46.792478682653964,213.0,4.977939617034394,365.1000120959238,1.164378530501118,85.3997131896618,388.0,14.407838978758384,1056.7227789224635,2.927939617034394,214.74563209592378,976.0
CPV,Cabo Verde,Sub-Saharan Africa,108,3000.0,2.284869692178905,167.58056875529272,0.6978623717412102,51.18373864803863,233.0,5.337174230447262,391.4475718882318,1.2921063930479155,94.76773444914909,431.0,15.365797947859367,1126.982938368618,3.2871742304472615,241.09319188823176,1096.0
TTO,Trinidad and Tobago,Latin America & Caribbean,109,5752.8282400016915,2.3782003881378793,174.42577798742934,0.7367501617241163,54.0359091614289,128.0,5.570500970344698,408.56059496857335,1.375067011678115,100.85236487771499,239.0,15.98800258758586,1172.6176665828623,3.520500970344698,258.20621496857336,612.0
LBR,Liberia,Sub-Saharan Africa,110,3000.0,2.2691661192739594,166.42881218558156,0.6913192163641497,50.70384007732565,230.0,5.297915298184899,388.5681804639539,1.278147661576853,93.74395083162807,426.0,15.261107461826397,1119.3045612372105,3.247915298184899,238.21380046395393,1083.0
SUR,Suriname,Latin America & Caribbean,111,3452.238329789502,2.0248127757561827,148.50705829995115,0.5895053232317428,43.236442624979645,171.0,4.687031939390456,343.76379574987783,1.0609446895610515,77.81350293328993,307.0,13.632085171707885,999.8262019996744,2.6370319393904564,193.40941574987787,764.0
SYC,Seychelles,Sub-Saharan Africa,112,5263.519644878851,2.417125572628876,177.2806911486632,0.7529689885953648,55.22545631194299,143.0,5.667813931572189,415.69787787165797,1.4096671756701118,103.3900654654784,268.0,16.24750381752584,1191.6504209910881,3.617813931572189,265.343497871658,687.0
PNG,Papua New Guinea,East Asia & Pacific,113,3000.0,2.5602388480463185,187.77713397556997,0.8125995200192991,59.598974156487465,271.0,6.025597120115795,441.93898493892476,1.5368789760411716,112.72023686717327,512.0,17.201592320308787,1261.6267065037996,3.975597120115795,291.5846049389248,1325.0
TLS,Timor-Leste,East Asia & Pacific,114,3000.0,1.9920906222253156,146.10709776024464,0.5758710925938815,42.2364590667686,192.0,4.605226555563289,337.7638944006116,1.0318583308669473,75.68020467577303,344.0,13.413937481502105,983.8264650682977,2.555226555563289,187.4095144006116,852.0
JAM,Jamaica,Latin America & Caribbean,115,3000.0,2.532742687110149,185.7604665463319,0.8011427862958952,58.758696060971616,267.0,5.956856717775372,436.89731636582974,1.5124379440979099,110.92764359673946,504.0,17.018284580734324,1248.182256975546,3.906856717775371,286.5429363658297,1302.0
PRK,"Korea, Dem. People's Rep.",East Asia & Pacific,116,3000.0,2.533111529337388,185.78751876310963,0.801296470557245,58.769967817962346,267.0,5.957778823343469,436.96494690777405,1.512765803855456,110.95169001165301,504.0,17.02074352891592,1248.3626050873975,3.9077788233434694,286.61056690777406,1303.0
LSO,Lesotho,Sub-Saharan Africa,117,3000.0,2.032918629604712,149.10157080227614,0.5928827623352966,43.484156167615055,198.0,4.70729657401178,345.25007700569034,1.0681498929819662,78.34195849091213,356.0,13.686124197364746,1003.7896186818409,2.6572965740117795,194.89569700569035,886.0
BLZ,Belize,Latin America & Caribbean,118,3000.0,2.4137347846156754,177.03199854893825,0.7515561602565313,55.12183439539092,251.0,5.6593369615391875,415.07614637234553,1.4066531418806,103.16900537683398,469.0,16.2248985641045,1189.9924703262548,3.6093369615391877,264.72176637234554,1203.0
CHI,Channel Islands,Europe & Central Asia,119,7595.496452444911,2.427850007932656,178.06725984180954,0.7574375033052733,55.55319326742064,100.0,5.69462501983164,417.6642996045238,1.4192000070512498,104.08923763716403,187.0,16.319000052884373,1196.8942122787303,3.64462501983164,267.3099196045238,480.0
ERI,Eritrea,Sub-Saharan Africa,120,3000.0,2.039669127962483,149.59667665362915,0.5956954699843677,43.69045027234547,199.0,4.724172819906206,346.4878416340728,1.074150335966651,78.78205258100367,358.0,13.731127519749883,1007.0903243575275,2.674172819906206,196.1334616340728,891.0
SWZ,Eswatini,Sub-Saharan Africa,121,3000.0,2.0464136844482135,150.091346706696,0.5985057018534223,43.89656279445666,200.0,4.7410342111205335,347.72451676673995,1.080145497287301,79.22175929484088,360.0,13.776091229654757,1010.3881247113065,2.6910342111205336,197.37013676673996,897.0
SSD,South Sudan,Sub-Saharan Africa,122,3000.0,2.649461037428221,194.32101054472045,0.8497754322617587,62.32558939363352,283.0,6.248652593570553,458.29867636180114,1.6161875888250854,118.53701603975152,539.0,17.79640691618814,1305.2525502981364,4.198652593570552,307.9442963618011,1400.0
GNB,Guinea-Bissau,Sub-Saharan Africa,123,3000.0,2.031506463761435,148.99799747553317,0.5922943599005979,43.44100061480549,197.0,4.703766159403587,344.9911436888329,1.0668946344546089,78.24989331158504,356.0,13.676709758409567,1003.0991298368879,2.6537661594035873,194.63676368883293,885.0
BRB,Barbados,Latin America & Caribbean,124,3930.7905738370196,3.374894802188575,247.52693441379796,1.152039500911906,84.49472433908247,293.0,8.062237005471438,591.3134860344949,2.2610176019454,165.83117059004263,575.0,22.6326320145905,1659.9587094253195,6.012237005471437,440.9591060344949,1530.0
PLW,Palau,East Asia & Pacific,125,3000.0,2.991364003887562,219.3974049555278,0.9922350016198174,72.77408706480323,331.0,7.103410009718904,520.9896623888194,1.920101336788944,140.82714440491358,640.0,20.07576002591708,1472.4285130368519,5.053410009718904,370.6352823888194,1684.0
GRD,Grenada,Latin America & Caribbean,126,3195.2717759246593,2.4941749161811,182.9317673824201,0.7850728817421249,57.580071409341706,246.0,5.860437290452749,429.82556845605023,1.4781554810498667,108.413244339929,463.0,16.761166107874,1229.3242625494674,3.8104372904527493,279.47118845605024,1193.0
CAF,Central African Republic,Sub-Saharan Africa,127,3000.0,2.1855617743697455,160.29696855466486,0.6564840726540606,48.148905231110355,219.0,5.088904435924364,373.2385713866621,1.2038326883286627,88.2934231597021,401.0,14.703745162464969,1078.4256036977656,3.0389044359243638,222.88419138666214,1013.0
SLB,Solomon Islands,East Asia & Pacific,128,3000.0,2.7511359872291967,201.7782173929433,0.892139994678832,65.43275891372637,297.0,6.502839968072992,476.9416934823583,1.7065653219815085,125.16564434928296,569.0,18.47423991486131,1354.967262619622,4.452839968072992,326.5873134823583,1484.0
HTI,Haiti,Latin America & Caribbean,129,3000.0,2.6576139056497152,194.91897125041044,0.8531724606873813,62.57473968767101,284.0,6.269034764124288,459.7935781260261,1.6234345827997467,119.0685366670315,541.0,17.8507593709981,1309.2389550027362,4.219034764124288,309.4391981260261,1406.0
KNA,St. Kitts and Nevis,Latin America & Caribbean,130,5518.1593819685995,2.687686655511307,197.12461498715908,0.8657027731297111,63.49375791131627,157.0,6.344216638778267,465.30768746789767,1.6501659160100504,121.02910887747473,299.0,18.051244370075377,1323.9432465810603,4.294216638778266,314.9533074678976,778.0
ATG,Antigua and Barbuda,Latin America & Caribbean,131,5286.894800145489,2.7192796834917465,199.44176139414526,0.8788665347882276,64.45923558089385,166.0,6.423199208729366,471.1005534853631,1.678248607548219,123.08879457257355,317.0,18.261864556611645,1339.3908892943018,4.373199208729366,320.7461734853631,827.0
STP,São Tomé and Principe,Sub-Saharan Africa,132,3000.0,2.4565954352611863,180.17555296562233,0.7694147646921607,56.43164873567596,256.0,5.766488588152965,422.9350324140558,1.4447514980099432,105.96327596944207,482.0,16.510636235074575,1210.9494997708155,3.7164885881529646,272.58065241405575,1239.0
LCA,St. Lucia,Latin America & Caribbean,133,4365.444394592837,2.3759850839035135,174.2632995997857,0.7358271182931305,53.968209833244046,169.0,5.564962709758783,408.15439899946426,1.3730978523586785,100.70793964425397,315.0,15.97323389269009,1171.5344773319048,3.514962709758783,257.80001899946427,805.0
VCT,St. Vincent and the Grenadines,Latin America & Caribbean,134,3368.555792883534,2.42321031455938,177.72696802691732,0.7555042977330749,55.41140501121555,224.0,5.683025786398449,416.81357006729326,1.4150758351638935,103.78675602392653,420.0,16.2880687637292,1194.6256001794488,3.6330257863984494,266.4591900672933,1079.0
KIR,Kiribati,East Asia & Pacific,135,3000.0,2.5626903856019787,187.95693856543727,0.8136209940008243,59.673892735598855,271.0,6.031725964004946,442.38849641359315,1.539058120535092,112.88006316927756,513.0,17.21793590401319,1262.8254037695815,3.981725964004946,292.03411641359315,1327.0
COM,Comoros,Sub-Saharan Africa,136,3000.0,2.2060786983539282,161.80175362059117,0.6650327909808034,48.77589900857965,222.0,5.14019674588482,377.00053405147787,1.2220699540923807,89.63100988496993,407.0,14.840524655692857,1088.4575041372746,3.0901967458848203,226.64615405147788,1030.0
NRU,Nauru,East Asia & Pacific,137,3000.0,3.178390030351774,233.11456703010833,1.0701625126465721,78.48957126254513,357.0,7.570975075879433,555.2825675752707,2.086346693646021,153.02017736009628,695.0,21.322600202345157,1563.876260200722,5.520975075879433,404.9281875752708,1840.0
WSM,Samoa,East Asia & Pacific,138,3000.0,2.5610660496039226,187.83780391573023,0.8129441873349676,59.62425329822093,271.0,6.027665124009806,442.09065978932557,1.5376142663145977,112.77416570287133,513.0,17.20710699735948,1262.0311727715348,3.977665124009806,291.7362797893256,1326.0
DMA,Dominica,Latin America & Caribbean,139,3373.0855272897484,2.32929106103586,170.83859186418968,0.7163712754316083,52.5412482767457,212.0,5.44822765258965,399.59262966047424,1.3315920542540978,97.66375499039084,395.0,15.661940406905734,1148.7030924279313,3.39822765258965,249.23824966047425,1007.0
TON,Tonga,East Asia & Pacific,140,3000.0,2.7537676711916745,201.97123456881368,0.8932365296631976,65.51318273700569,298.0,6.5094191779791855,477.42423642203414,1.7089045966148215,125.33721517227882,570.0,18.491784474611162,1356.2540437920911,4.459419177979186,327.06985642203415,1486.0
MAF,St. Martin (French part),Latin America & Caribbean,141,4164.256637027377,2.395967586376777,175.72888826818377,0.7441531609903238,54.57887177840991,179.0,5.614918965941943,411.81837067045944,1.3908600767793575,102.01068512727448,334.0,16.10645057584518,1181.3050684545585,3.564918965941943,261.46399067045945,856.0
MHL,Marshall Islands,East Asia & Pacific,142,3000.0,3.1471347740408344,230.82219401334132,1.057139489183681,77.53441583889222,352.0,7.492836935102086,549.5516350333534,2.058564243591853,150.98251245630343,686.0,21.114231826938894,1548.5937734222755,5.442836935102086,399.1972550333534,1814.0
VUT,Vanuatu,East Asia & Pacific,143,3000.0,3.1527329357429954,231.23278334595994,1.0594720565595814,77.70549472748331,353.0,7.506832339357488,550.5781083648998,2.063540387327107,151.34748075196438,688.0,21.151552904953302,1551.3310356397328,5.456832339357488,400.22372836489984,1819.0
TUV,Tuvalu,East Asia & Pacific,144,3000.0,3.306702258741473,242.5254477842311,1.1236259411422802,82.41077157676294,375.0,7.891755646853682,578.8097694605776,2.2004020077701982,161.3854046970943,733.0,22.178015058276486,1626.615465228207,5.841755646853682,428.4553894605777,1947.0
