Country Code,Country Name,Region,IncomeGroup,student_pool_2026,student_pool_2035,student_pool_2050,student_pool_growth_2026_2050_pct,gdp_pc_ppp,gdp_growth,trade_gdp,services_share,tertiary_enrollment,internet_users,urban_share,gov_effectiveness,reg_quality,rule_of_law,pol_stability,target_tuition_usd,standard_capex_usd_mn,standard_capex_rub_mn,standard_opex_usd_mn,standard_opex_rub_mn,standard_breakeven_students,data_coverage_pct
ARE,United Arab Emirates,Middle East & North Africa,High income,2149474.4100077306,2546708.1444229707,2927947.392894231,36.216899315572704,69701.80479835454,3.991807054853979,199.0449792375464,54.9012947560482,63.7384451086316,100.0,85.8171088279791,11.229973316192613,7.29673993587497,6.173300921916961,4.742716610431675,12546.324863703816,6.105413081594868,447.7929748912613,1.5652579845670644,114.80165551689294,125.0,100.0
SAU,Saudi Arabia,Middle East & North Africa,High income,7017385.782960276,7961135.164149521,8830309.07797864,25.834738905484333,62792.77414763707,1.996501734361587,54.67870526687325,47.07456035542807,83.884129573915,100.0,84.4554020211443,5.575087547302245,3.619496226310727,2.901995867490769,-1.492571711540224,11302.699346574673,5.4643139395802685,400.77245585899936,1.3373116229618731,98.08324874986644,118.0,100.0
MYS,Malaysia,East Asia & Pacific,Upper middle income,7370573.29315381,7518806.388115466,7642222.832983172,3.685595801369801,34116.23178488853,5.105459210240412,137.3625711615591,53.72030050186682,38.5013945445142,98.0206059,76.9170296648992,6.127587676048279,4.626259922981263,4.003408133983616,1.17960289120674,6140.921721279935,4.627924473151573,339.4286413890397,1.039928701565004,76.27211471610303,169.0,100.0
TUR,Türkiye,Europe & Central Asia,Upper middle income,15479225.709568392,14978575.59081826,14582115.941243902,-5.7955726284806826,36154.49043655701,3.327623089379898,54.59880611959156,57.52127735801306,105.88606262207,89.77024003,89.3443122873887,-1.735381111502647,-1.606571525335315,-3.583810329437255,-7.07756268978122,6507.808278580261,4.834941803539313,354.6120376620659,1.1135348634806446,81.670655613179,171.0,100.0
THA,Thailand,East Asia & Pacific,Upper middle income,10995029.23694813,10046126.89730656,9334529.14019037,-15.102279957362462,21740.540321926088,2.541820677352888,136.7471070224512,59.1528957274226,49.0776442074561,90.86718789,61.8689338391321,1.2019406855106352,1.107804477214813,1.7141092419624324,-1.962120175361633,3913.297257946696,4.587799566698174,336.48573630008417,1.025662068159351,75.22574846225217,262.0,100.0
CHN,China,East Asia & Pacific,Upper middle income,194194459.52415377,173609474.5546623,158488492.04793045,-18.38670761447869,23845.619721725907,4.9773565917572,37.19842013880647,56.74834174178266,76.8757843123403,91.6,65.8946980998325,4.753098189830781,-2.495554655790329,-0.2809097953140738,-3.5916793346405025,4292.211549910663,5.458612920976664,400.35432263094407,1.3352845941250362,97.934579157669,311.0,100.0
CHL,Chile,Latin America & Caribbean,High income,3185687.914405413,2961818.1644386263,2791140.4070915743,-12.385001855634648,30182.78712247137,2.644311548715379,63.85985724806601,56.077469183556886,110.176902770996,95.590243,88.9950908479196,5.02289032936096,6.480122029781343,4.3756563067436245,0.95311959087849,5432.901682044847,5.328278013153815,390.7950912855481,1.2889432935658012,94.5357413459727,237.0,100.0
ARG,Argentina,Latin America & Caribbean,Upper middle income,8613236.767870747,8712579.653138397,8794630.52619649,2.105988297017225,26771.96576505708,-1.342930721577389,27.929760849367003,53.651404605042416,107.822574129434,89.66715228,92.2742315972952,-2.642621397972108,-3.3777477443218253,-2.8757857382297543,-0.8926253616809829,4818.9538377102745,5.315775936516662,389.8781439775034,1.28449811076148,94.20971563644568,267.0,100.0
VNM,Viet Nam,East Asia & Pacific,Lower middle income,16544428.68978428,15437808.701848531,14591208.409059668,-11.805909514002554,14415.215953281288,7.091187466339747,173.86202478296536,42.35960253246238,37.5923642016718,84.15,38.4900703430176,0.8852683007717149,-2.678254097700118,-0.5983031317591665,-0.2546651400625702,3000.0,4.545523346788446,333.38504613751303,1.0106305233025588,74.12328084889354,337.0,100.0
PHL,Philippines,East Asia & Pacific,Lower middle income,27036270.04302288,28840874.32137284,30408497.3922274,12.47297553929696,10375.940417993756,5.692016128234116,65.88547252869684,63.22349522199786,47.4134996154186,67.26300914,55.4520983215477,1.0786433666944528,1.14978474378586,-2.92702981829643,-3.962353289127353,3000.0,4.770394505335817,349.877906441548,1.0905847130082909,79.98740895699487,364.0,100.0
BRA,Brazil,Latin America & Caribbean,Upper middle income,37393225.67482868,34885142.84744466,32966739.76113828,-11.837668010198154,19652.365499170355,3.4193151659773946,35.58452393853885,59.17075271742485,69.7317733764648,84.46347227,87.8958549533146,-3.827350199222564,-2.07534748315811,-2.161619901657104,-2.859974503517152,3537.425789850664,5.327020329345791,390.7028482274059,1.288496117100726,94.5029438141888,364.0,100.0
IDN,Indonesia,East Asia & Pacific,Upper middle income,55540004.50577425,57178470.7727367,58554548.041807726,5.427697680002996,14470.43720205784,5.030344694190376,42.572647301834,43.77191678887955,44.8813034886441,72.78075544,58.7509635387997,4.06228464841843,2.1096512973308568,-1.075231239199635,-2.830627202987668,3000.0,4.597523463455961,337.19892189432863,1.0291194536732309,75.47932556242796,343.0,100.0
ISR,Israel,Middle East & North Africa,High income,1917135.4096135097,2249297.374281174,2565133.3895271425,33.80032399715927,47338.84246242046,0.8719684243774424,54.452000296972734,72.5367368776929,56.2561111450195,88.18242225,91.536188843818,8.0175883769989,7.85258543491366,5.486925065517426,-10.253938794136031,8520.991643235684,7.50948760772721,550.7728553061014,2.064484482747453,151.41672410883606,242.0,100.0
COL,Colombia,Latin America & Caribbean,Upper middle income,10395020.269001603,10376124.83916181,10360714.03564149,-0.3300256514402022,18477.214666453576,1.598331536652296,37.025468707788754,58.14297191767456,59.2901382446289,79.34543299,78.5210811866115,-0.5311454385519029,0.707239881157873,-3.207910537719727,-5.021192610263824,3325.8986399616438,4.8445117901569965,355.31393493255865,1.1169375253891545,81.92021908713198,336.0,100.0
KWT,Kuwait,Middle East & North Africa,High income,753448.2681160613,975086.449692053,1206414.0875228366,60.119033857411466,46137.46742548454,-2.5601109996751745,96.07978815819996,55.8544139729526,51.8967176944636,100.0,100.0,0.0527818948030471,2.246450781822205,2.391679406166077,2.857254356145861,8304.744136587216,6.057391991095178,444.2709352380882,1.5481838190560635,113.54937475132031,186.0,100.0
PER,Peru,Latin America & Caribbean,Upper middle income,6999950.757457024,7311065.160617269,7575956.458625974,8.228710759934032,15661.749771195591,3.303940981715158,51.47588786726472,51.29361055076753,71.2404708862305,81.95705992,85.1912729600355,-3.443109512329102,2.045436292886736,-3.766928672790528,-3.6524989008903503,3000.0,5.38654527062735,395.068621710784,1.3096605406675024,96.05521883050102,437.0,100.0
DOM,Dominican Republic,Latin America & Caribbean,Upper middle income,2357488.299452207,2366002.1365041905,2372981.729615453,0.6572007236195443,24229.889487291515,4.953522044928491,51.783514395232565,59.81219256352568,57.6509476207267,91.0022446,72.4121874752151,0.8962408900260901,1.198308363556864,-0.9001459777355219,1.6730981022119489,4361.380107712473,5.026961657599112,368.6954650302862,1.1818085893685732,86.67809645521288,271.0,100.0
MEX,Mexico,Latin America & Caribbean,Upper middle income,27115174.42467111,27651920.42215163,28098674.74115548,3.6271214821672615,22039.628701901565,1.427427690804663,74.58890798251433,58.10376044985082,48.203441619873,83.12233799,79.7538805976118,-1.388530090451238,-1.203918159008026,-5.644757449626924,-4.415327191352848,3967.1331663422816,5.687851689425835,417.1675191685727,1.4167917117958524,103.91260459327027,357.0,100.0
IND,India,South Asia,Lower middle income,315419887.7026989,324772655.4347876,332628737.20734257,5.455854299480323,9818.042706866394,6.494765523838211,44.64929350696764,49.87444022550503,34.4465039692543,70.0,35.3788972368389,3.32577100396156,-0.9587870687246322,1.318551957607269,-4.445538580417634,3000.0,4.375,320.87825,0.95,69.67642,317.0,100.0
IRN,"Iran, Islamic Rep.",Middle East & North Africa,Upper middle income,14674754.809641024,13487234.170568764,12591716.44320991,-14.19470644281292,17484.13201404669,3.6631205683071775,52.06213067943476,49.78746557069355,58.6838607788086,85.3404007,77.0201263427734,-7.156778454780568,-11.81231474876404,-7.426684498786912,-11.858706831932102,3147.143762528404,4.425198602617419,324.5599962309309,0.9678483920417492,70.98548532655323,308.0,100.0
JOR,Jordan,Middle East & North Africa,Lower middle income,2653134.4949587034,3048669.8586884253,3417399.32384094,28.806109540787997,9520.250644974538,2.488894096036475,99.67944773657244,60.39207615510124,35.9184001120427,95.62244985,92.9501393764286,2.703494578599927,1.5239382088184383,1.8043768703937548,-1.41913941502571,3000.0,5.170385250748133,379.2146676767707,1.2328036447104471,90.41825739618515,411.0,100.0
EGY,"Egypt, Arab Rep.",Middle East & North Africa,Lower middle income,25158826.93988241,28160745.57479989,30890333.727558155,22.78129581069624,16798.151577864,2.3991692678251013,39.60075208737333,48.932455490468,38.0398346509947,74.64839935,42.8004363938404,-1.676618814468381,-4.658194065093995,-1.289248988032341,-6.067350149154664,3023.66728401552,4.375,320.87825,0.95,69.67642,314.0,100.0
MAR,Morocco,Middle East & North Africa,Lower middle income,7427954.526874524,7510254.135214382,7578199.386551594,2.022694930797986,9162.7470703125,3.79336515978963,92.18724460624036,52.72686167764383,48.1839617510572,91.2,62.7998124018197,-0.2514057718217373,-0.4494559541344642,-0.8925414979457831,-2.574328571558002,3000.0,5.04444568539647,369.9778065714445,1.1880251325854114,87.13404011429138,396.0,100.0
OMN,Oman,Middle East & North Africa,High income,993745.0223533836,1118865.5101234152,1233271.1712024128,24.103380994229703,36721.08046341856,1.6316322112744928,114.85267152201726,46.013700099547,42.226921081543,95.25174678,79.4440302814714,1.922292619943619,3.041762292385102,4.289684712886811,4.106365680694577,6609.794483415341,5.436946815815206,398.7652524804241,1.3275810900676288,97.36957643748411,201.0,100.0
GEO,Georgia,Europe & Central Asia,Upper middle income,519628.1625566595,478595.46298780007,447589.8774160873,-13.863429723695395,24883.908116163868,9.679793875006908,103.45647144905574,61.98458893460389,89.4861221313477,83.79855689,61.0789605093733,5.539001107215883,6.626047015190126,1.240955367684361,-2.3488788604736355,4479.103460909496,4.720270559033124,346.20163577350183,1.0727628654339996,78.68029049724508,240.0,100.0
GHA,Ghana,Sub-Saharan Africa,Lower middle income,8095889.876785631,9420474.736899735,10670116.312775306,31.7967076524976,7055.624960093233,5.590454695932664,69.78842273905916,40.936949539029584,21.330810546875,72.17569733,58.3654868038581,-0.648631125688553,-1.26456540822983,-0.6974652186036109,-0.1513449270278218,3000.0,4.591456320035604,336.7539357541633,1.0269622471237705,75.32110826814697,342.0,100.0
BHR,Bahrain,Middle East & North Africa,High income,257737.61259744305,259304.35860351013,260591.7651778726,1.1073869085950871,58891.83048607366,2.6037967064845446,157.81849214758608,53.186143865182665,58.3677241853667,100.0,100.0,4.880391240119934,7.54589700698855,3.281393110752106,-2.617773115634915,10600.52948749326,5.243405726807839,384.5702522647034,1.2587664806427874,92.32246524967232,119.0,100.0
DZA,Algeria,Middle East & North Africa,Upper middle income,7954031.928584033,8062508.556933138,8152280.23768432,2.492425362134276,15501.919700396596,3.699999999079793,40.13457411707029,46.79498470024742,54.4283410150344,77.4178009,75.2792907190618,-4.690945982933043,-6.636610090732574,-4.748550772666932,-4.045196890830991,3000.0,4.719203616288151,346.12338235159166,1.0723835080135649,78.65246705834369,357.0,100.0
URY,Uruguay,Latin America & Caribbean,High income,584607.1782787191,561190.2932800434,542787.0191017508,-7.153548695741463,32038.772728822725,3.108254780661724,52.46491678563794,65.26274361978174,79.9536903496537,91.99109007,95.5981951588181,5.951747953891754,4.725777387619022,5.023638010025025,6.754209995269774,5766.97909118809,6.2040249763952815,455.02552625874495,1.6003199916072113,117.37322933644263,277.0,100.0
BLR,Belarus,Europe & Central Asia,Upper middle income,1095651.2789412525,941730.3690043197,832808.4227239259,-23.989645361553013,29040.97257904249,4.009848524654515,131.91792910244993,49.6802343028905,70.1107509145358,94.26182128,79.1551015210848,-6.9402602314949045,-9.93673443794248,-8.75659894943239,-5.105559527873994,5227.375064227648,4.383867856933686,321.5286505518015,0.953153015798644,69.90767352952943,182.0,100.0
PAN,Panama,Latin America & Caribbean,High income,892979.5474421681,955396.3552947866,1009768.5622512966,13.07857667554162,36394.91752911465,2.7478854554691594,83.6737787798304,69.34266277723722,53.6949637061742,72.77149963,65.9958447685488,-1.468045115470885,0.831479728221891,-2.4218684732914,1.491712942719461,6551.0851552406375,5.334280599740607,391.2353425951352,1.2910775465744384,94.69227514493696,197.0,100.0
ZAF,South Africa,Sub-Saharan Africa,Upper middle income,12991970.368640916,13079650.643934185,13151743.70735923,1.2297852764809658,13597.653849599776,0.534843531905139,61.64677047302495,62.99218075460045,23.493768799339,78.35759735,63.6917984858172,-1.7986267805099514,-1.5658856183290462,0.603645585477352,-4.659494161605836,3000.0,5.074662109715575,372.19398791013526,1.1987687501210933,87.92201570138141,400.0,100.0
SEN,Senegal,Sub-Saharan Africa,Lower middle income,4785318.92796592,6060022.089515711,7363290.278640676,53.87250859308068,4460.923721763184,6.060551411989763,68.14051476562113,48.40904299438117,15.3302400879779,60.11780167,55.2368169057304,0.4877263456583022,-2.4155563712120047,-1.9154299795627567,-0.9701396524906172,3000.0,4.823661072454235,353.78466823365443,1.1095239368726169,81.37647981641045,370.0,100.0
NGA,Nigeria,Sub-Saharan Africa,Lower middle income,58885333.009726495,74365192.08719678,90150414.41551502,53.09485368898952,7994.215638614593,4.062364088883186,26.166512865529874,53.72956173652699,9.74153350922586,41.21139908,62.9755675573659,-5.935346961021423,-6.558056056499479,-6.213825047016146,-12.3790683746338,3000.0,4.375,320.87825,0.95,69.67642,317.0,100.0
AGO,Angola,Sub-Saharan Africa,Lower middle income,8994537.652858742,11842195.892231174,14863293.244305411,65.24799626116857,8901.887366115625,4.423906644068751,50.84223055620905,41.05518599093585,9.9549065722902,40.70479965,70.6551379036435,-7.062367081642181,-5.329717278480532,-7.69346213340761,-2.39053535461426,3000.0,4.435581439249823,325.3215108477633,0.971540067288826,71.25624607920474,324.0,100.0
CRI,Costa Rica,Latin America & Caribbean,High income,907046.6838708688,854983.3916425959,814768.9381531283,-10.173428485945225,26973.436158071898,4.321224296461452,71.33101376876166,68.78334621390864,55.0202903747559,87.17019653,79.3107672397967,1.8213753402233128,3.8048329949378976,2.7252165377140063,6.889307796955108,4855.218508452941,5.938874629813856,435.5784452992155,1.5060443128227046,110.45871166194333,310.0,100.0
CIV,Côte d'Ivoire,Sub-Saharan Africa,Lower middle income,7574924.875830854,9385586.33343632,11198819.931225648,47.84067320532084,6747.037967773879,6.019534619400616,51.26403794091189,51.85812090743068,12.3354902267456,41.43219902,53.9733113940142,-2.516584217548373,-0.812569655478,-3.228379964828494,-4.422517359256745,3000.0,4.85061932119008,355.76188324563674,1.119109091978695,82.0794895984486,373.0,100.0
SRB,Serbia,Europe & Central Asia,Upper middle income,814849.4283641899,714704.4534779184,642461.8371552235,-21.15576021879705,26900.853091322973,3.9499262259293175,111.72502838891629,58.78323171706553,70.582649230957,87.69071294,62.3830029804177,0.0534402322955429,0.965409904718399,-0.5215314105153083,-0.2737679481506347,4842.153556438135,5.124881186330762,375.8772357777688,1.2166244218064932,89.23161494320671,251.0,100.0
VEN,"Venezuela, RB",Latin America & Caribbean,,5858386.8685923545,5819697.836494943,5788287.339314492,-1.1965670900581316,23134.759094596546,5.299999999999841,26.08116575964987,38.636645244606136,78.2699203491211,76.67890167,89.285859883201,-11.194406747818,-14.183732509613034,-15.060735225677467,-8.32319617271422,4164.256637027377,6.062678444908856,444.6586627920172,1.5500634470787047,113.68723343716168,372.0,93.33333333333331
QAT,Qatar,Middle East & North Africa,High income,401295.70574988186,362247.3796494706,333299.1588909275,-16.944249809973044,110889.79270169129,2.359705869265966,100.21364084561216,46.06970587350455,43.0178909301758,98.08540344,99.3219891728394,8.38188827037814,6.839286208152769,6.530195355415346,6.953667998313904,14000.0,5.987874682530468,439.1722855656416,1.523466553788611,111.73652153445036,109.0,100.0
MNG,Mongolia,East Asia & Pacific,Upper middle income,600004.6480669972,596356.2592682597,593392.7572271497,-1.101973269898604,16842.650587379678,5.122045391226607,138.44837914124938,44.340718599568326,69.044059753418,85.12349701,70.9566040039062,-3.3007504045963296,-1.228742763400075,-1.2913649827241869,4.148688495159153,3031.6771057283418,4.836746935100031,354.7444325092026,1.1141766880355668,81.71772933660539,368.0,100.0
KEN,Kenya,Sub-Saharan Africa,Lower middle income,14818884.70248112,18112931.25634745,21369282.11855317,44.20303921370898,5845.201177178245,4.724739947101384,40.18601399687559,55.303535805589554,10.4185962462804,34.97622513,31.8937831721599,-2.125236392021176,-2.735646098852156,-2.283551514148709,-6.564403414726256,3000.0,4.694275472890416,344.2950625734855,1.063520168138815,78.00239780390596,355.0,100.0
KGZ,Kyrgyz Republic,Europe & Central Asia,Lower middle income,1402717.7111506085,1462481.254196653,1513280.4695377515,7.882039095125703,7048.989521112644,9.040135561200117,127.65057780285888,52.1398197179977,53.8761747562613,92.0286026,34.7219977865937,-6.235095143318175,-4.317042648792266,-8.218857169151299,-3.36853837966919,3000.0,4.60923819679333,338.0581226103312,1.0332846921931842,75.78481915034001,344.0,100.0
IRQ,Iraq,Middle East & North Africa,Upper middle income,11187614.728944708,13299476.26383081,15332743.438936422,37.05104984771594,12725.043126039314,-1.5452519831830358,70.70874347489435,45.76618170303999,15.5580997467041,81.47450256,69.8861494108913,-9.72724449634553,-10.06829118728636,-11.852167963981657,-16.89168667793271,3000.0,5.139563347978088,376.9540783687657,1.2218447459477648,89.61449230889448,407.0,100.0
AZE,Azerbaijan,Europe & Central Asia,Upper middle income,1683501.6591374257,1542321.2040012588,1436179.1142900027,-14.690959376549896,22072.14911571765,4.07140205008956,82.6898691594703,42.3163443805061,41.3413783372226,90.80000181,58.573795837717,-0.2284955345094204,-0.761666975915433,-3.966102540493009,-5.115277290344235,3972.986840829176,4.556442082182427,334.185865498755,1.0145127403315295,74.40801662177957,255.0,100.0
ECU,Ecuador,Latin America & Caribbean,Upper middle income,3856019.879839804,3976855.851466113,4078512.62635076,5.770010358976663,13935.539112540237,-2.001254763410259,57.2031395531255,57.15664402450104,67.8851161961618,77.17273115,63.2376932397602,-3.459714949131014,-5.027406871318818,-6.7045355439186105,-2.366979867219926,3000.0,5.203008500976194,381.6073742921976,1.2444030225693137,91.2689975261147,415.0,100.0
TZA,Tanzania,Sub-Saharan Africa,Lower middle income,17156018.695715252,21755799.356348667,26464786.158671107,54.25948542059316,3713.26293945313,5.526313830594503,41.513120720824354,29.563074223197432,4.01880979537964,31.16209984,36.1684458862992,-3.185566484928128,-4.118762910366055,-2.614488035440442,-0.3692612051963806,3000.0,4.515217661520952,331.16231807952806,0.9998551685407828,73.33297753938776,333.0,100.0
BGD,Bangladesh,South Asia,Lower middle income,40369237.09038298,42233553.05523561,43823387.8829505,8.556393535092077,8486.784956605168,4.223259112501609,26.77807580404776,51.41665550465746,23.7295608009814,53.42171316,32.6783196323307,-4.881338775157929,-6.399070858955383,-3.5186006426811245,-6.360597014427186,3000.0,4.459769976330058,327.0955852359612,0.9801404360284652,71.88702808389735,327.0,100.0
ARM,Armenia,Europe & Central Asia,Upper middle income,459083.6630131549,424148.125579501,397671.7586531452,-13.377061591984797,20078.784898484384,5.900000000462285,150.06472658874205,61.98936974538848,52.7748065090859,81.33930206,65.8113671449901,-1.2889097779989271,0.333445131778717,-0.854125857353209,-5.804947614669799,3614.181281727189,4.937011367978623,362.0981869684769,1.1498262641701769,84.33239758879178,318.0,100.0
KHM,Cambodia,East Asia & Pacific,Lower middle income,3646600.621301555,3744508.634000232,3826536.2852984937,4.934339750447236,7008.889345517265,5.97510939607335,143.44700970301105,35.59472224389468,21.4437426836662,68.47530365,40.8727033252729,-2.1411200165748614,-4.792328894138337,-5.733892083168032,0.3114567436277863,3000.0,4.734328652008869,347.23270692147764,1.0777612984920424,79.04689357208096,359.0,100.0
TUN,Tunisia,Middle East & North Africa,Lower middle income,2035770.364564828,1922083.372601629,1834132.4635286413,-9.904746848954604,12774.915856802114,1.6144456497698627,106.29854920424688,62.60742636169368,38.1219482421875,76.5,70.3585355691955,-2.103605598211285,-4.3339284658432,-0.972882330417634,-4.416657745838163,3000.0,4.545717239262169,333.3992669095488,1.010699462848771,74.12833712339513,337.0,100.0
SYR,Syrian Arab Republic,Middle East & North Africa,Low income,7445571.063742047,10828856.182047512,14774531.833933804,98.43383009104365,4454.853732714638,0.7327813018613654,35.60946807999561,44.93905348548575,43.7606582641602,33.77000046,72.0761345758254,-12.51713478565214,-12.670790672302282,-14.246260643005373,-19.25424742698667,3000.0,4.375,320.87825,0.95,69.67642,317.0,100.0
PAK,Pakistan,Middle East & North Africa,Lower middle income,60698989.23416279,68642028.4713762,75935187.15538725,25.101238280009408,5500.323948242852,3.048982873354646,27.578468352069503,50.73193893423793,10.8564126844434,57.253,39.1734368360905,-4.044532656669617,-6.307057321071626,-6.019198596477508,-13.52911555767058,3000.0,4.375,320.87825,0.95,69.67642,317.0,100.0
GTM,Guatemala,Latin America & Caribbean,Upper middle income,4604435.349385929,5025901.465023717,5400093.653317491,17.28025791561336,12640.887502314612,3.651863828948194,47.344196760267046,61.83986165460102,27.2948879201171,60.22140121,55.9547027274763,-6.280170857906343,-2.032484561204909,-7.52693963050841,-1.710554525256157,3000.0,5.176074847645689,379.6319631957863,1.234826612496245,90.5666291362796,412.0,100.0
PRY,Paraguay,Latin America & Caribbean,Upper middle income,1429689.421772058,1406015.2407915697,1386977.7447129935,-2.987479406969717,16296.283618926347,4.249960104640721,76.83115654306243,48.745130179115584,37.6179261040957,81.57806793,69.8622585886961,-3.2344575822353336,-0.5525754392147065,-4.075222194194795,0.5742914006114005,3000.0,4.808677072869062,352.68568776167933,1.1041962925756668,80.98573120415267,368.0,100.0
BRN,Brunei Darussalam,East Asia & Pacific,High income,84462.39736018456,78040.36120881274,73173.01400803599,-13.366164950310033,79071.7333801445,4.052517093067266,132.5874396422447,38.95329126072233,36.4182725443167,96.29828801,74.8983133873697,9.8125092983246,6.83824145793915,6.207976698875427,9.562004566192613,14000.0,4.909898668887136,360.1096440113905,1.140186193382093,83.62536009293886,81.0,100.0
LBY,Libya,Middle East & North Africa,Upper middle income,1563823.4559120503,1726152.1728920368,1871810.890353604,19.694514318557133,12583.83387268161,1.8999505202544211,128.81617584293642,28.339991463935128,58.543701171875,81.95449829,87.8854066107749,-11.451223373413107,-13.6214282512665,-12.388432741165182,-15.1761083602905,3000.0,5.316669015101422,389.9436455759927,1.2848156498138392,94.23300509368627,428.0,100.0
RWA,Rwanda,Sub-Saharan Africa,Low income,3595444.691720412,4377375.885086074,5147469.444942419,43.16641990894781,3264.6445147439244,8.890655295731136,69.95441356805613,47.550146937663165,9.41173924647801,31.70330048,29.8849714294083,2.7185385227203347,0.8730221614241609,1.4360531866550448,0.7566403150558489,3000.0,4.4622378740470285,327.27658973895564,0.9810179107722768,71.95138524051755,327.0,100.0
CMR,Cameroon,Sub-Saharan Africa,Lower middle income,7119656.113637435,8808310.012363473,10496961.483707434,47.43635529812875,4916.9335401949365,3.524723080522449,34.40317859154232,50.71914395875753,16.6614294830602,46.25880051,55.4031748609078,-6.343838036060335,-6.394311070442198,-7.26738512516023,-9.803054809570328,3000.0,4.723440234071868,346.4341111516734,1.0738898610033307,78.76294840948388,358.0,100.0
MUS,Mauritius,Sub-Saharan Africa,Upper middle income,213665.74625609643,193236.33392599013,178064.1863085954,-16.662268319241747,28011.15798062992,4.925123048642945,145.4217003011527,64.3722524144138,45.7771156388358,73.30793533,39.0162147027917,4.970963239669799,7.451350450515721,5.636879682540895,5.427931725978852,5042.008436513384,4.944689593854634,362.6613356958367,1.1525563000372034,84.53262824740862,229.0,100.0
CUB,Cuba,Latin America & Caribbean,Upper middle income,1495627.981760983,1306076.7721279543,1169905.9951721155,-21.77827578522269,23134.759094596546,-1.0617327322052432,124.86323886505312,73.39182364773798,43.1040700506779,70.47699738,77.1664929228275,-3.328694760799408,-10.509533762931838,-3.1712743937969217,2.6895116567611668,4164.256637027377,4.698724201550344,344.6213483488278,1.0651019383290112,78.11841052402767,256.0,93.33333333333331
UGA,Uganda,Sub-Saharan Africa,Low income,13463783.63658268,17257181.59208019,21180307.11889607,57.31318692129521,2879.670092903761,6.055580758755895,42.652788908856174,43.1413581135321,4.61899995803833,8.949831061,31.2777698213557,-3.846560001373292,-3.621557354927064,-3.324480921030045,-4.86854267120361,3000.0,4.731885612242001,347.0535255900324,1.0768926621304893,78.98318465423375,359.0,100.0
COD,"Congo, Dem. Rep.",Sub-Saharan Africa,Low income,25856773.599316392,33144118.23099489,40681162.03186994,57.33270771626928,1602.0749798949962,6.12675551779212,100.55408831727506,46.57245937410286,6.37987995147705,19.67350006,44.7455804408753,-11.82346403598787,-9.86002957820895,-11.69515335559844,-14.314034223556549,3000.0,4.8546935175739705,356.06069947553823,1.120557695137412,82.18573536908028,374.0,100.0
LKA,Sri Lanka,South Asia,Lower middle income,4033121.650732121,4038519.407450364,4042934.941947297,0.243317510975527,13752.83674038602,5.008719309571589,42.39750087110473,57.46951134715525,20.7412633848006,54.59,20.2996997058686,-1.7659522593021395,-3.554332852363587,-0.6347377002239225,-3.559789001941684,3000.0,4.549851924691344,333.70251962379206,1.012169573223589,74.23616031068161,337.0,100.0
ZMB,Zambia,Sub-Saharan Africa,Lower middle income,5464554.455435373,6950425.412593938,8475900.11559203,55.106883547686,3708.069042956468,3.8200482551859096,62.53488740644427,57.18829340581525,3.96159738763825,17.10099983,45.4703838491279,-4.612790405750275,-3.48670029640198,-3.703891932964328,1.4120910018682462,3000.0,4.517408859977422,331.32302846264,1.0006342613253056,73.39011900893868,334.0,100.0
NPL,Nepal,South Asia,Lower middle income,7015507.81158878,6934803.663157234,6869589.123059433,-2.079944780166976,5046.815929729462,3.6653743074496674,40.52982267719089,55.218460045243646,21.2915596292014,46.32189941,66.772343163029,-5.654626250267029,-4.629896104335781,-3.238686233758927,-1.5832949578762052,3000.0,4.385318998909559,321.63508252842314,0.9536689773900656,69.94551601010602,318.0,100.0
BEN,Benin,Sub-Saharan Africa,Lower middle income,3508785.559058615,4334699.882160702,5159472.980685892,47.04440878028879,3901.3258849439226,7.453115662262007,40.63980224015232,48.87953999339777,10.2350101470947,33.98379898,52.5455354818423,-1.532888889312746,-2.0708540976047543,-3.5399675369262686,-2.425916045904162,3000.0,4.757298241863886,348.91737933196805,1.0859282637738263,79.64588820692201,362.0,100.0
ETH,Ethiopia,Sub-Saharan Africa,,34514312.63868072,42676742.14831792,50834847.67370932,47.28628150843694,2892.2222016826404,7.612774475110726,17.400435858318723,37.471940643257376,5.9192507771213,21.94129944,23.6222839355469,-5.380634665489196,-7.147555947303799,-4.691422879695894,-13.78697443008424,3000.0,4.80206642891301,352.2008393356242,1.1018458413912926,80.8133406526664,367.0,100.0
MRT,Mauritania,Sub-Saharan Africa,Lower middle income,1266844.0673597665,1635473.1401605953,2019318.373129452,59.39754742964689,6482.690167243336,6.307602132908443,93.59883558814715,42.42948331538044,5.97194330025359,45.77939987,60.6068586411829,-5.345190346240997,-6.979757964611054,-4.473955452442168,-3.523967921733853,3000.0,4.538622644921647,332.8789238200753,1.0081769404165857,73.94332624713789,336.0,100.0
NAM,Namibia,Sub-Saharan Africa,Lower middle income,675174.9947837568,746590.0089641985,810779.8198717039,20.08439680610184,10281.335640298836,3.7115450241673074,109.62850981893162,54.45860916977618,26.1092654658031,64.87460327,50.4088030252155,0.2162765935063362,-0.4358255416154864,3.118273138999942,3.8134405016899104,3000.0,4.949302649054625,362.9996737712028,1.1541964974416443,84.652926229761,385.0,100.0
LBN,Lebanon,Middle East & North Africa,Lower middle income,1189219.182032936,1200930.8750409742,1210588.6828530242,1.7969354298134954,11330.26873874222,-0.7605844702573137,104.20641006918235,42.38046233722557,54.4012561547071,80.63400269,90.703695784554,-11.06267309188846,-7.101231455802891,-8.15552628040311,-10.633274078369109,3000.0,4.494530416657391,329.645041067153,0.9924997037004056,72.79350126832105,331.0,100.0
BOL,Bolivia,Latin America & Caribbean,Lower middle income,2827765.5047432394,3026134.88407836,3198976.242125124,13.127352206511556,11329.151806153595,-1.1233559551721155,46.977871614840325,53.36246116287,33.28544998168945,79.70469666,71.2361453773988,-4.476367473602298,-8.23983144760132,-8.53536558151242,-2.1922854483127567,3000.0,4.794945734373653,351.6785819636074,1.09931403888841,80.62764914261598,366.0,93.33333333333331
SLV,El Salvador,Latin America & Caribbean,Upper middle income,1423887.6567610062,1335554.0072160936,1267642.499700165,-10.973137966253654,11669.0817135644,2.602020161210689,84.6596461582312,61.03668716152938,32.8347079463918,66.47769928,75.0674905102199,0.3530731573700905,-2.155337840318677,-2.585501223802567,0.0163267988245933,3000.0,5.142974768539462,377.2042842338509,1.2230576954806978,89.7034543942581,408.0,100.0
GUY,Guyana,Latin America & Caribbean,High income,176224.41118732642,169448.51976365357,164114.90999511746,-6.871636631168299,70516.7215064805,43.81931080243552,194.35075731017207,14.46084584830349,26.4315792489043,83.00080109,26.477717988557,-2.061408996582033,-3.941265106201171,-2.395630389451978,-0.38620426133275,12693.00987116649,4.916003794080073,360.5574158714912,1.1423569045618036,83.78456786541909,90.0,100.0
HND,Honduras,Latin America & Caribbean,Lower middle income,2613410.229553889,2840994.5514877574,3042269.229317932,16.40993805389863,6585.855357178611,3.553970032966689,91.1101585856976,58.40900330016356,23.3177890777588,58.62269974,58.7850728104829,-5.566559314727782,-3.856208503246308,-7.66505694389344,-3.21452012658119,3000.0,5.309700539847917,389.43255251438967,1.282337969723704,94.05128311622744,427.0,100.0
NER,Niger,Sub-Saharan Africa,Low income,6909842.713583182,9579637.569739835,12554562.410432218,81.69100124019899,1803.4369300531985,10.300000000779292,49.97598373513892,45.02858336126775,4.15170730347346,15.55760002,18.0497398450803,-4.486411511898043,-5.718477010726928,-4.9566208720207205,-11.68201720714567,3000.0,4.864060589437749,356.74771424748644,1.1238882095778662,82.43000728799518,375.0,100.0
BFA,Burkina Faso,Sub-Saharan Africa,Low income,6021275.985030509,7655072.241076744,9331696.242339756,54.9787165633876,2547.672328522092,4.799809516671587,60.50242229123484,43.947133130068536,10.0419678526515,28.25270081,28.3352514896662,-5.783592402935026,-3.399434864521024,-5.192452788352963,-14.246621131897,3000.0,4.775943528246238,350.2848917582807,1.0925576989319956,80.1321148473887,364.0,100.0
MDG,Madagascar,Sub-Saharan Africa,Low income,8003791.130121109,9731487.173891708,11430878.46356616,42.81830044949204,1657.0497062296852,4.199999999886472,54.979588143715205,47.71761506144672,6.1466638463036,18.67790031,32.4339893339844,-7.159432888030992,-5.5968261957168615,-6.824622154235838,-4.835219562053679,3000.0,4.552041421620694,333.8631052107795,1.0129480610206911,74.29325740827717,338.0,100.0
TGO,Togo,Sub-Saharan Africa,Low income,2280673.811464389,2790010.679796143,3293926.044011381,44.42775759749691,2960.7754256910853,6.532045055637909,61.57509239689401,49.160730242495966,14.9029897765252,39.48320007,43.8148491605996,-4.046364307403565,-3.452611356973646,-3.69249814748764,-6.67936599254608,3000.0,4.746740440114937,348.1430321436139,1.082174378707533,79.37056476217381,361.0,100.0
AFG,Afghanistan,Middle East & North Africa,Low income,11161151.977243043,13757082.581672972,16343846.538260529,46.43512221305384,1983.8126199290875,2.266943736491882,67.58466515163852,46.37436986919928,10.85435962677,16.09499931,25.7007352636188,-13.90909588336947,-8.864976763725249,-11.54748642444614,-17.38856387138367,3000.0,4.375,320.87825,0.95,69.67642,317.0,100.0
MLI,Mali,Sub-Saharan Africa,Low income,6143312.289378168,8145121.861980771,10283038.359820535,67.38589665382932,2916.185295371537,4.992269174829218,49.8960414309506,36.31495770028896,5.12750941173932,36.80149841,31.6075621182225,-7.97018659114839,-4.756928801536561,-6.843548238277436,-19.1039535999298,3000.0,4.736010426050509,347.3560542840781,1.0783592625957366,79.09075041211666,359.0,100.0
BWA,Botswana,Sub-Saharan Africa,Upper middle income,610514.0532354573,649287.1352754808,682871.4268204255,11.851876824375427,18068.505071428324,-2.989868794679282,71.10525790521241,63.49448699832582,21.4087908549348,57.45950036,67.4623537838418,3.015798956155776,3.482043564319614,2.733054667711256,7.269079923629791,3252.330912857098,4.936175224936163,362.0368612276279,1.149528968866191,84.31059288093435,353.0,100.0
LAO,Lao PDR,East Asia & Pacific,Lower middle income,1779245.2797076409,1857157.2994392167,1923454.1710682355,8.105059656771463,8600.324546655535,4.130192644369373,75.09189092041244,43.53465035847397,14.8841695785522,65.59269714,39.5552154401406,-4.502950191497799,-6.494585394859316,-5.830338716506956,5.701232373714445,3000.0,4.375,320.87825,0.95,69.67642,317.0,100.0
MOZ,Mozambique,Sub-Saharan Africa,Low income,8626711.327155583,10783148.463194678,12960759.697194722,50.2398678439165,1500.3142744635054,2.14854964610538,95.65942035119404,41.096446399804535,7.4630510423433,20.52729988,36.4332337447237,-5.016402363777161,-4.959698796272277,-7.1842640638351085,-8.880839109420812,3000.0,4.983043137373361,365.4743226502568,1.1661931155105285,85.532801386758,389.0,100.0
TJK,Tajikistan,Europe & Central Asia,Lower middle income,2223435.918779115,2332898.589645996,2426503.526254907,9.1330541960164,4755.932967047187,8.399999809839812,65.63470103673535,34.70826662007408,35.6398418742497,55.79339981,26.1788063651548,-5.406226038932802,-8.24756026268006,-8.940618515014622,-3.3097505271434797,3000.0,4.375,320.87825,0.95,69.67642,317.0,100.0
FJI,Fiji,East Asia & Pacific,Upper middle income,188568.6829544088,186270.84873339423,184415.25563178305,-2.2026071654909773,13592.463593743454,3.530858960763524,98.42496729666526,54.56842105263158,75.0089752283697,74.7052002,59.0766602292457,3.4354507923126225,-0.6315616741776467,2.134327679872514,5.210404217243196,3000.0,5.121538940189897,375.63210341371166,1.2154360676230742,89.1444567693197,405.0,93.33333333333331
NIC,Nicaragua,Latin America & Caribbean,Lower middle income,1554387.2231511355,1604758.7835535803,1647177.026128705,5.969542311951148,7661.602027228183,3.5878302292344983,98.52583771001588,46.82840693825443,30.3635101318359,61.39550018,59.2628402709961,-7.594618916511549,-6.146411955356597,-8.947308421134931,-0.8788503259420362,3000.0,4.721377082336473,346.2827921760533,1.0731562959418572,78.70914610704119,358.0,100.0
GIN,Guinea,Sub-Saharan Africa,Lower middle income,3702424.832673872,4450911.008528358,5179252.35063191,39.88811615903845,4016.341913860717,5.350046590517081,97.77781773127477,36.3402000064846,10.8547201156616,33.30469894,38.0713036688655,-6.355570197105409,-7.532402038574208,-7.79776275157929,-6.145126044750215,3000.0,4.920709612920673,360.9025575662087,1.144030084594017,83.90728491242974,381.0,100.0
SOM,"Somalia, Fed. Rep.",Sub-Saharan Africa,Low income,4715170.975733573,6220087.699492499,7819620.455400051,65.83959512058833,1409.3349223328275,4.111393357794711,130.32506058327067,47.880788964975935,2.41033005714417,27.94020081,54.6176465524521,-13.861417889595009,-13.15872740745542,-15.48403263092042,-16.643206357955936,3000.0,5.018406699351739,368.06801359457415,1.178766826436174,86.45500261140415,393.0,93.33333333333331
GAB,Gabon,Sub-Saharan Africa,Upper middle income,544384.9638366669,623906.4007787519,697854.3412757873,28.191332904846035,18923.66166116509,3.3940389959240065,92.04680551512556,36.82191091358106,7.65526008605957,68.72090149,91.8632094677575,-5.458665072917938,-4.933736920356749,-6.108853518962859,-2.348691105842592,3406.259099009716,4.9717525318490505,364.646228994924,1.1621786779907737,85.2383680870841,341.0,100.0
COG,"Congo, Rep.",Sub-Saharan Africa,Lower middle income,1493141.481962807,1885949.2934634855,2286564.0951732104,53.137805277997565,6181.4707163596695,2.579669439217213,93.18812208397524,45.01837302083081,10.3812103271484,47.25159836,63.8866111699904,-9.34001183509828,-8.67584443092346,-7.144111275672911,0.1341340467333797,3000.0,4.839744466153171,354.96428222775165,1.1152424768544609,81.79589812542281,372.0,100.0
MWI,Malawi,Sub-Saharan Africa,Low income,5806813.026230989,7500644.840563691,9265322.658349292,59.559514254983824,1634.24660266597,1.673434085291504,42.43766839909665,44.20655908107665,2.70813684546823,18.96159935,17.268503531213,-6.016545832157133,-5.406174302101132,-1.088468566536904,-1.649309486150739,3000.0,4.515904678119813,331.21270635014827,1.000099441109267,73.35089336894163,333.0,100.0
GMB,"Gambia, The",Sub-Saharan Africa,Low income,693385.3777308834,841927.6443058148,987850.009344994,42.46767253410386,3057.6841774689096,5.55126069510321,42.17061722748818,56.78981923120492,13.4765901565552,49.49430084,64.2994103409645,-4.134154200553895,-4.47711473703384,-2.620201826095581,-0.0841395063325761,3000.0,4.378155501077546,321.1096858088311,0.9511219559386832,69.7587082875844,317.0,100.0
BIH,Bosnia and Herzegovina,Europe & Central Asia,Upper middle income,393759.1847906579,331138.87481329066,287733.7079335932,-26.92647713435133,20527.6935527158,2.9715174617652025,95.15629571081716,56.55885660469075,45.5027618408203,86.10091103,52.1224302754935,-6.77468776702881,-0.9890377819538088,-2.462736815214157,-2.473613232374193,3694.984839488844,4.93168332624056,361.7074092064571,1.1479318493299766,84.19345438451806,311.0,100.0
MMR,Myanmar,East Asia & Pacific,Lower middle income,10834458.717340527,10651048.056399208,10503611.722094914,-3.0536550452316846,5276.294339878527,-0.9720464136336204,98.42496729666526,41.353452684918935,20.3723297119141,45.4477005,30.4499084074136,-12.269614100456227,-10.05794548988341,-11.31858599185944,-14.87689089775084,3000.0,4.375,320.87825,0.95,69.67642,317.0,93.33333333333331
YEM,"Yemen, Rep.",Middle East & North Africa,Low income,9641639.498486925,11257061.998902168,12785980.193654263,32.612095646811824,14138.417778599354,0.7524475929625538,56.07782272150765,41.81186184279609,8.80690002441406,17.49099922,36.8077517596594,-15.927942991256728,-12.9013550281525,-12.872833847999582,-17.94057083129885,3000.0,5.210728405807732,382.1735799041999,1.2471478776205271,91.4703150770489,416.0,93.33333333333331
DJI,Djibouti,Middle East & North Africa,Lower middle income,281208.6439636492,314290.64087444847,344328.6894122935,22.445983366287827,6871.124404531289,6.980484672763339,241.23746309828667,76.08475938762741,5.16012001037598,65.29889679,72.9052635052978,-5.120327889919285,-6.531374454498292,-7.876174092292799,-3.616906881332395,3000.0,5.296950654612017,388.4974300316019,1.277804677195384,93.71879512234736,426.0,100.0
TCD,Chad,Sub-Saharan Africa,Low income,5120974.867645802,7148272.894089914,9421995.467788896,83.98831689873816,2412.8658553920027,4.199258540858651,47.86798929516993,29.781004684500047,4.39665967267065,12.62689972,26.9315292389497,-10.3540412187576,-8.09494495391848,-9.47967457771299,-10.91624033451077,3000.0,4.827672644330259,354.07889135670075,1.1109502735396477,81.4810924823825,370.0,100.0
MDA,Moldova,Europe & Central Asia,Upper middle income,302579.4459833638,227771.3317323488,181093.55833971692,-40.15007934488924,16376.61137042646,0.1030593643712052,88.66611542868309,62.26595667893283,74.7109378669046,77.3687973,43.516471862793,-1.154663965106008,0.7384863719344161,-1.0686100721359282,-4.785897254943847,3000.0,5.081474798533715,372.6936550337373,1.2011910394786542,88.09967512310662,400.0,100.0
BDI,Burundi,Sub-Saharan Africa,Low income,3429191.205492628,4525622.998296504,5691467.464363393,65.97113206307121,1051.25931339275,4.112273762649437,60.50242229123484,43.22195252648998,6.38454008102417,8.595999718,24.8302838651025,-8.400793910026561,-6.900111198425291,-8.757394194602968,-8.206820845603941,3000.0,4.375,320.87825,0.95,69.67642,317.0,93.33333333333331
BTN,Bhutan,South Asia,Lower middle income,171686.86445089334,160943.99370875812,152689.27764881516,-11.065253514203444,14610.29591195358,4.632157045239268,81.73662786885451,52.790780093676815,13.011259392916,91.27739716,42.5645249803412,3.964137375354766,-2.807215869426724,4.673852801322936,6.879602968692781,3000.0,4.375,320.87825,0.95,69.67642,317.0,100.0
ZWE,Zimbabwe,Sub-Saharan Africa,Lower middle income,4165809.418024264,4963448.823618193,5733063.448510989,37.62183703617514,5215.253010757424,1.7423952488079095,41.48653126563136,50.605296083734366,7.74912957845971,41.64279938,39.8933716820696,-8.19234454631803,-9.36851048469546,-8.93999767303468,-6.541132271289826,3000.0,5.145624513182447,377.3986260450481,1.2239998269093146,89.772553704906,408.0,100.0
SLE,Sierra Leone,Sub-Saharan Africa,Low income,2203886.4832447176,2690328.0932671987,3170617.271206858,43.864817689650295,3098.762906096628,4.293223366901628,40.545445045216574,42.56504346784308,1.98783004283905,25.10499954,45.3626823156371,-8.0890861749649,-7.449259281158449,-5.83074301481247,-1.670821055769922,3000.0,4.375,320.87825,0.95,69.67642,317.0,100.0
SDN,Sudan,Sub-Saharan Africa,Low income,12593443.033909706,14994998.841400215,17310746.975058634,37.45841330640787,1861.39794921875,-13.964337519717915,1.99541210225008,54.66663365270762,15.8645696640015,18.60000038,34.8673015510839,-13.839434742927573,-11.2219741344452,-11.7192401885986,-17.268572807311983,3000.0,5.344101764688347,391.9556621885962,1.2945695163336346,94.94838877816755,432.0,100.0
MDV,Maldives,South Asia,Upper middle income,85479.66155111471,70041.29734860251,59600.94241171013,-30.274709410179117,23034.40984048391,3.494404226542855,156.47395574101117,72.09732607678175,48.4968654322788,85.23999786,41.9982152717385,-0.8958143740892428,-4.704275727272037,-0.5502106696367267,3.7108463644981393,4146.193771287104,5.549491262961609,407.019667394151,1.367596893497461,100.30447951792036,330.0,100.0
TKM,Turkmenistan,Europe & Central Asia,Upper middle income,1340856.7801537532,1262097.4777781211,1201344.6805025311,-10.404698079329888,18662.29879905601,6.2994265836888985,28.734607630305213,50.35063691273102,20.4250351701637,17.99029922,47.0875253910294,-8.4454970359802,-14.47668313980105,-10.40604758262636,-0.779971748590468,3359.213783830082,4.704524851261343,345.04678888097146,1.0671643915595888,78.26967826878985,318.0,100.0
GNQ,Equatorial Guinea,Sub-Saharan Africa,Upper middle income,407026.6284258856,503581.9649547525,600140.0718469777,47.444916360369184,15454.42849356404,0.907248245986736,60.54145109759066,51.09751501646961,1.84452998638153,63.29930115,71.3574028749806,-9.24244368076323,-10.32098138332366,-9.370805263519278,-1.647599354386328,3000.0,4.977939617034394,365.1000120959238,1.164378530501118,85.3997131896618,388.0,100.0
CPV,Cabo Verde,Sub-Saharan Africa,Upper middle income,107958.24316156136,99892.82156540646,93771.60741997116,-13.1408545805619,9848.952763509347,7.243885389909451,96.50535366786292,68.72455454046235,24.2905954414767,74.73519897,76.7721471004354,0.0957366535440084,1.700317516922948,2.800740420818326,6.322718977928163,3000.0,5.337174230447262,391.4475718882318,1.2921063930479155,94.76773444914907,431.0,100.0
TTO,Trinidad and Tobago,Latin America & Caribbean,High income,206788.28072762996,183932.2249257324,167223.68943851886,-19.13289822319445,31960.156888898287,2.509208139795689,78.03680761820395,59.181769491509215,23.8493010569383,82.15989685,53.961056681951,-0.3055027835071086,-0.915145277976993,-1.9850994646549225,2.809536725282672,5752.828240001692,5.570500970344698,408.56059496857335,1.375067011678115,100.852364877715,239.0,93.33333333333331
LBR,Liberia,Sub-Saharan Africa,Low income,1439209.5650249445,1836529.8227448848,2245707.1052647294,56.03753336824211,1646.0586136660083,4.021854649648347,60.50242229123484,41.92692282672556,10.838520055325,32.23360062,55.5387986654968,-9.48755025863645,-6.465898990631102,-7.221415281295812,-0.8134660795331,3000.0,5.297915298184899,388.5681804639539,1.278147661576853,93.74395083162808,426.0,93.33333333333331
SUR,Suriname,Latin America & Caribbean,Upper middle income,134342.68111161052,142480.77209309605,149511.3351539083,11.291016314983173,19179.101832163906,1.7209573701173897,90.9613941465855,50.84586814803813,2.56642457392281,87.4,65.7641857200885,-6.770666897296905,-5.096388757228852,-0.4358021505177017,2.889169305562974,3452.238329789502,4.687031939390456,343.76379574987783,1.0609446895610517,77.81350293328993,307.0,100.0
SYC,Seychelles,Sub-Saharan Africa,High income,20380.487015645187,22672.697447412625,24744.85011180596,21.41442004212386,29241.77580488251,3.4656806641534104,188.3691852974113,65.76557570278855,14.5342502593994,87.81800079,45.2898622460415,4.373209238052368,1.477525785565375,3.030545830726624,5.344503581523897,5263.519644878851,5.667813931572189,415.697877871658,1.4096671756701118,103.3900654654784,268.0,100.0
PNG,Papua New Guinea,East Asia & Pacific,Lower middle income,2493027.9476012965,2850703.831755329,3182592.795008,27.65973193642608,4288.528289881756,3.799795600868876,131.0829110162487,42.02738070464117,1.94981002807617,18.81159973,15.4061816403333,-5.616729855537415,-4.498957693576815,-3.778639137744905,-3.351913750171658,3000.0,6.025597120115795,441.9389849389248,1.5368789760411716,112.72023686717328,512.0,100.0
TLS,Timor-Leste,East Asia & Pacific,Lower middle income,372459.7596294619,439974.2591369842,504586.4710113978,35.47409027847219,3890.9576343418657,-9.100693697727351,95.44850212862212,71.63052024185393,30.9611108169641,35.04199982,28.6641074179574,-5.893680870532988,-3.415493100881576,-5.838153898715972,1.821291685104367,3000.0,4.605226555563289,337.7638944006116,1.0318583308669471,75.68020467577303,344.0,100.0
JAM,Jamaica,Latin America & Caribbean,Upper middle income,558924.064154352,497811.08412230486,453078.8213903287,-18.93732074752701,11340.263880045086,-0.5350390638674867,78.03680761820395,59.95832658230936,26.2334142821948,90.10870361,58.9301585439922,2.8510332107543936,0.686234049499035,-1.221616014838219,2.693861305713656,3000.0,5.956856717775372,436.89731636582974,1.51243794409791,110.92764359673946,504.0,93.33333333333331
PRK,"Korea, Dem. People's Rep.",East Asia & Pacific,Low income,4235091.557125711,3867724.4767475063,3592355.8791671344,-15.17642934725102,13592.463593743454,3.264209418402281,98.42496729666526,59.1528957274226,26.7206192016602,0.0,63.8589748211522,-10.388698220253008,-16.70431256294248,-11.50007879734042,-2.5631870031356816,3000.0,5.957778823343469,436.9649469077741,1.512765803855456,110.951690011653,504.0,66.66666666666667
LSO,Lesotho,Sub-Saharan Africa,Lower middle income,556858.452945052,572586.3080948164,585780.1475794838,5.193724631721763,2640.2854455253578,2.854522531795453,141.51375589724964,48.04396286850516,9.93844298033582,51.79660034,43.6780334209246,-6.675244152545927,-4.131046235561371,-3.360120296478274,-2.14032560586929,3000.0,4.70729657401178,345.25007700569034,1.0681498929819662,78.34195849091213,356.0,100.0
BLZ,Belize,Latin America & Caribbean,Upper middle income,98117.4564235909,106296.29509375108,113506.08654070772,15.683886107566124,12621.408196189694,3.5046643502389543,108.97244652147604,62.440963096945154,24.8098643151325,80.00582262,41.7532107338224,-2.63418245315552,-3.014079958200458,-4.449283242225647,4.09728044271469,3000.0,5.659336961539188,415.07614637234553,1.4066531418806,103.16900537683398,469.0,100.0
CHI,Channel Islands,Europe & Central Asia,High income,22157.57842182455,21807.274206304315,21525.37477353748,-2.853216340935372,42197.20251358284,3.7150059036726617,105.33256455543818,91.18101004117474,75.1643373416554,91.60810962,32.7056211227456,5.076377660036088,5.203724116086962,4.309919238090515,3.7608208060264583,7595.496452444911,5.69462501983164,417.6642996045238,1.4192000070512498,104.08923763716405,187.0,40.0
ERI,Eritrea,Sub-Saharan Africa,Low income,959505.7021915392,1162921.999576403,1362402.439128454,41.99003049348087,3710.665991204799,8.679800101380494,47.39379011886839,47.880788964975935,3.20262002944946,14.34939957,34.5365524291992,-12.55629289150236,-16.540951013565092,-12.33439028263092,-5.54937434196472,3000.0,4.724172819906206,346.4878416340728,1.074150335966651,78.78205258100367,358.0,86.66666666666667
SWZ,Eswatini,Sub-Saharan Africa,Lower middle income,298829.7234150106,305584.3082862502,311221.10617430496,4.14663662559609,10380.396663051582,2.9739107597398515,107.48062105387932,51.363374494612856,6.43545771863543,63.40309906,26.2498461258639,-6.194708287715913,-5.022303283214567,-4.184222519397739,-2.5031388998031643,3000.0,4.7410342111205335,347.72451676673995,1.080145497287301,79.22175929484088,360.0,100.0
SSD,South Sudan,Sub-Saharan Africa,Low income,3337457.375164565,4752088.983213103,6368906.108919127,90.83108465482906,3710.665991204799,-10.793364627114316,65.55134918450028,56.550451259454434,9.74153350922586,6.671000004,21.3768190444906,-16.29521775245665,-14.82071471214292,-14.96765065193174,-15.302755117416408,3000.0,6.248652593570553,458.29867636180114,1.6161875888250854,118.53701603975152,539.0,86.66666666666667
GNB,Guinea-Bissau,Sub-Saharan Africa,Low income,552014.3138605776,670583.2535509546,787112.4947885401,42.58914579293703,2744.27981043716,4.146311372173315,38.80658478900153,37.88481072220083,2.62031006813049,29.77739906,46.113204421822,-10.02809000015256,-8.74912631511688,-10.05505824089053,-2.293656677007675,3000.0,4.703766159403587,344.9911436888329,1.0668946344546089,78.24989331158504,356.0,100.0
BRB,Barbados,Latin America & Caribbean,High income,44888.68369143023,44289.20417154603,43805.64436990738,-2.4127223889383487,21837.725410205665,2.482262139618598,78.03680761820395,75.53430558611906,50.801079116886,70.36470032,59.5397032429174,2.663102716207507,3.521754086017608,2.8993677198886894,8.30989980697632,3930.79057383702,8.062237005471438,591.3134860344949,2.2610176019454,165.83117059004263,575.0,93.33333333333331
PLW,Palau,East Asia & Pacific,High income,2567.003828422423,2378.228328017567,2234.7861825055843,-12.941844583107075,16425.97227144462,2.215998001704847,106.69759028159368,74.76885391016678,71.8428437792329,83.92549896,79.2095042878667,3.096127897500995,2.809487491846084,6.5482744574546805,7.565450191497801,3000.0,7.103410009718904,520.9896623888194,1.920101336788944,140.82714440491358,640.0,100.0
GRD,Grenada,Latin America & Caribbean,Upper middle income,20537.46011432415,18567.034009528757,17104.178931042177,-16.717165434139446,17751.509866248107,3.963325163981878,78.03680761820395,65.71008968246683,99.9891967773438,70.16159821,36.5628000454229,-0.0423923619091511,2.202856242656706,4.234645068645474,7.1261343955993794,3195.27177592466,5.860437290452749,429.82556845605023,1.4781554810498667,108.413244339929,463.0,93.33333333333331
CAF,Central African Republic,Sub-Saharan Africa,Low income,1424136.3051592512,1667036.8211531874,1897493.8138746845,33.23821652468168,1111.2194163888284,1.4999999984753458,46.43189998022507,42.08031552554489,2.77519989013672,13.78250027,44.1243555638904,-12.14506435394287,-10.27890682220458,-12.31650769710543,-15.421749830245991,3000.0,5.088904435924364,373.2385713866621,1.2038326883286627,88.2934231597021,401.0,100.0
SLB,Solomon Islands,East Asia & Pacific,Lower middle income,198058.75718338872,247311.2091715805,296998.26625791145,49.954624820205055,2353.2480822924267,2.997559876041038,111.35297206445496,46.92086349881877,38.093350068095845,29.04070091,30.6617188562194,-5.135224759578704,-5.460424959659578,-1.840405941009524,3.1210907101631173,3000.0,6.502839968072992,476.9416934823583,1.7065653219815085,125.16564434928296,569.0,93.33333333333331
HTI,Haiti,Latin America & Caribbean,Lower middle income,2752914.3678876776,2897941.8985072183,3022346.600514953,9.78716358816538,2809.64535578242,-4.16963395808132,22.24788537261069,48.31296155859748,1.05140995979309,47.8614006,55.0372652481002,-15.57733750343323,-9.73421227931978,-9.545252680778502,-10.041652560234049,3000.0,6.269034764124288,459.7935781260261,1.6234345827997467,119.0685366670315,541.0,100.0
KNA,St. Kitts and Nevis,Latin America & Caribbean,High income,7701.968588896084,6792.75999063475,6133.432540808422,-20.365391392909828,30656.441010936665,0.3122268558581709,78.03680761820395,66.13110264152189,93.92236328125,76.88400269,31.795061903951,2.6628757417202014,3.793502211570743,3.356832921504972,6.463752746582032,5518.1593819686,6.344216638778267,465.30768746789767,1.6501659160100504,121.02910887747473,299.0,93.33333333333331
ATG,Antigua and Barbuda,Latin America & Caribbean,High income,16266.3433792471,15527.66874753055,14950.22064049898,-8.09107927985372,29371.63777858605,3.6563876595697735,117.70352776835269,69.06171407890508,25.1156271899089,72.73040009,24.3906919254799,2.6628757417202014,3.822257459163669,2.6501522362232186,6.463752746582032,5286.894800145489,6.423199208729366,471.1005534853631,1.678248607548219,123.08879457257356,317.0,100.0
STP,São Tomé and Principe,Sub-Saharan Africa,Lower middle income,60321.21567477112,75934.24250281046,91806.73830534476,52.19643251278543,5491.29829852275,1.0999994010075085,60.50242229123484,80.34174930688846,12.8210802078247,59.11759949,68.8710170184884,-6.317046701908111,-6.581653058528898,-4.863875508308411,3.08493521809578,3000.0,5.766488588152965,422.9350324140558,1.4447514980099432,105.96327596944208,482.0,93.33333333333331
LCA,St. Lucia,Latin America & Caribbean,Upper middle income,32395.24021827841,28604.8611464833,25853.116180740733,-20.194707597341434,24252.468858849097,3.891750242188977,78.03680761820395,75.89818771458503,15.0396404266357,68.20500183,29.0973354237452,0.5168423429131508,2.7802520096302,4.235196650028232,7.1261343955993794,4365.444394592837,5.564962709758783,408.15439899946426,1.3730978523586783,100.70793964425395,315.0,93.33333333333331
VCT,St. Vincent and the Grenadines,Latin America & Caribbean,Upper middle income,17237.2928222109,15003.96786448967,13404.509301041711,-22.23541457873537,18714.198849352968,4.061834900502092,78.03680761820395,66.40187424386933,41.4983277591973,76.19010162,47.8487050456749,0.5168423429131508,2.223244726657864,4.00548720359802,7.1261343955993794,3368.555792883534,5.683025786398449,416.81357006729326,1.4150758351638937,103.78675602392651,420.0,93.33333333333331
KIR,Kiribati,East Asia & Pacific,Lower middle income,28723.648023872647,29815.15384607556,30739.046346667143,7.016512391181906,3257.136291253097,5.266897479170993,107.60377850993824,67.10602287184929,4.96087980270386,89.44029999,62.4620431275642,-0.676011748611927,-1.952036917209624,4.115557730197907,7.699225783348048,3000.0,6.031725964004946,442.3884964135932,1.539058120535092,112.88006316927756,513.0,100.0
COM,Comoros,Sub-Saharan Africa,Lower middle income,201543.2300884892,232219.3135098355,260890.27264444373,29.446309126780257,3482.534860374781,3.3381010943571,44.37317674990267,50.070252624186026,18.8190281456697,32.51750183,33.5392215673301,-10.74571573734281,-8.669026851654051,-9.38899326324463,-1.584217354655264,3000.0,5.14019674588482,377.0005340514778,1.2220699540923807,89.63100988496993,407.0,100.0
NRU,Nauru,East Asia & Pacific,High income,2483.8347914392307,2465.057086289188,2449.8259409620723,-1.3692074285444833,12468.76145246149,1.388888888889042,165.84677419354838,59.1528957274226,38.093350068095845,83.01170349,100.0,-0.4746564850211142,0.0671010017395019,-0.1288763042539357,6.836046397686003,3000.0,7.570975075879433,555.2825675752707,2.086346693646021,153.02017736009628,695.0,86.66666666666667
WSM,Samoa,East Asia & Pacific,Upper middle income,45497.58869490085,48332.1047969083,50784.64391755352,11.620517425894295,7686.249425718686,4.748384455647141,79.5241461770504,69.36299757149685,16.0263900756836,21.20000076,17.5029115108018,3.4480397403240177,-1.893741816282274,6.3047112226486215,7.687318801879851,3000.0,6.027665124009806,442.0906597893256,1.5376142663145975,112.77416570287131,513.0,100.0
DMA,Dominica,Latin America & Caribbean,Upper middle income,10516.75334721841,8663.21616423228,7403.410066414281,-29.603654074739527,18739.364040498604,2.052738472526002,78.03680761820395,56.94147248895148,6.9480299949646,82.04689789,73.5449839980866,1.825775057077405,2.157768636941911,4.37396818399429,8.996849775314308,3373.0855272897484,5.44822765258965,399.59262966047424,1.3315920542540978,97.66375499039084,395.0,93.33333333333331
TON,Tonga,East Asia & Pacific,Upper middle income,24057.18034844858,24905.55887448945,25621.86251690989,6.504013129544561,7030.419174397146,2.7901436686266834,79.62392050240447,49.98900877489875,42.8611738148984,67.4417038,21.1505271125521,-0.806676350533963,-2.752452015876773,3.839706540107725,7.613018035888649,3000.0,6.5094191779791855,477.4242364220341,1.7089045966148215,125.33721517227882,570.0,100.0
MAF,St. Martin (French part),Latin America & Caribbean,High income,3391.6864922382238,2336.478850449977,1731.2092565581236,-48.95727360061297,23134.759094596546,4.899999671335337,78.03680761820395,59.95832658230936,33.28544998168945,79.525064825,100.0,-0.5311454385519029,0.686234049499035,-1.9850994646549225,2.6895116567611668,4164.256637027377,5.614918965941943,411.8183706704594,1.3908600767793575,102.01068512727448,334.0,33.333333333333336
MHL,Marshall Islands,East Asia & Pacific,Upper middle income,8467.805994180551,7261.57626228196,6409.841693979169,-24.30339454654141,7209.266549975357,2.501927178528732,123.80913396677472,66.99081209270345,37.6853055916775,65.915802,78.7325660244112,0.489827424287796,-2.9599119126796727,4.73898071050644,8.29485356807709,3000.0,7.492836935102086,549.5516350333534,2.058564243591853,150.98251245630345,686.0,100.0
VUT,Vanuatu,East Asia & Pacific,Lower middle income,70962.40050501762,80977.634938094,90252.78056824004,27.18394519624294,3172.047727513907,0.9421853622759072,63.59961216742535,59.05079620712888,4.87792015075684,22.35140038,22.2866933360645,-3.980238378047946,-0.836684964597223,0.989663735032084,6.525782287120817,3000.0,7.506832339357488,550.5781083648998,2.063540387327107,151.34748075196438,688.0,100.0
TUV,Tuvalu,East Asia & Pacific,Upper middle income,1860.3509263543403,1553.9702643355797,1342.9590849980495,-27.81151846282056,5812.399245377526,3.852809195170323,98.42496729666526,59.1528957274226,19.3509615384615,35.20000076,64.7254793441291,-3.1482590138912223,-1.334358707070354,7.075768589973439,8.32357335090638,3000.0,7.891755646853682,578.8097694605776,2.2004020077701982,161.3854046970943,733.0,86.66666666666667
