origin_iso3,origin_country,region,origin_lat,origin_lon,destination_city,destination_lat,destination_lon,flow_type,modelled_potential_index,stroke_width,SAI_MGIMO_V3_SCORE,rank_practical_student_recruitment,student_recruitment_status,due_diligence_warnings,source,year
NGA,Nigeria,Sub-Saharan Africa,9.439799,7.50322,Moscow,55.7558,37.6176,modelled_potential_not_observed_mgimo_students,80.07701908294327,2.5318099484491667,72.32919317075454,1,practical_priority_pool,,student_attraction_v3.csv,latest open indicators
GNQ,Equatorial Guinea,Sub-Saharan Africa,2.333,8.9902,Moscow,55.7558,37.6176,modelled_potential_not_observed_mgimo_students,62.188377129204945,2.1114268625363164,71.34140402871041,2,practical_priority_pool,,student_attraction_v3.csv,latest open indicators
COD,"Congo, Dem. Rep.",Sub-Saharan Africa,-1.858167,23.458829,Moscow,55.7558,37.6176,modelled_potential_not_observed_mgimo_students,77.3913436295259,2.4686965752938588,70.31333794542492,3,practical_priority_pool,,student_attraction_v3.csv,latest open indicators
EGY,"Egypt, Arab Rep.",Middle East & North Africa,26.186173,29.445837,Moscow,55.7558,37.6176,modelled_potential_not_observed_mgimo_students,77.06758318806291,2.4610882049194784,69.95294946432622,4,practical_priority_pool,,student_attraction_v3.csv,latest open indicators
ARE,United Arab Emirates,Middle East & North Africa,23.466285,54.547256,Moscow,55.7558,37.6176,modelled_potential_not_observed_mgimo_students,65.86496988382339,2.19782679226985,68.61664641924182,5,practical_priority_pool,,student_attraction_v3.csv,latest open indicators
DJI,Djibouti,Middle East & North Africa,11.976343,42.498825,Moscow,55.7558,37.6176,modelled_potential_not_observed_mgimo_students,58.86332354471055,2.033288103300698,68.61476962194496,6,practical_priority_pool,,student_attraction_v3.csv,latest open indicators
TZA,Tanzania,Sub-Saharan Africa,-6.051866,34.959183,Moscow,55.7558,37.6176,modelled_potential_not_observed_mgimo_students,74.55679571846954,2.4020846993840346,68.5578801610842,7,practical_priority_pool,,student_attraction_v3.csv,latest open indicators
MWI,Malawi,Sub-Saharan Africa,-13.386737,33.608082,Moscow,55.7558,37.6176,modelled_potential_not_observed_mgimo_students,70.17387269103199,2.299086008239252,68.24095343481251,8,practical_priority_pool,,student_attraction_v3.csv,latest open indicators
TCD,Chad,Sub-Saharan Africa,15.142959,18.645041,Moscow,55.7558,37.6176,modelled_potential_not_observed_mgimo_students,69.52789638849247,2.2839055651295728,68.11748858521264,9,practical_priority_pool,,student_attraction_v3.csv,latest open indicators
MEX,Mexico,Latin America & Caribbean,23.919988,-102.289448,Moscow,55.7558,37.6176,modelled_potential_not_observed_mgimo_students,76.0120996802466,2.4362843424857954,68.05669582769028,10,practical_priority_pool,,student_attraction_v3.csv,latest open indicators
AGO,Angola,Sub-Saharan Africa,-12.182762,17.984249,Moscow,55.7558,37.6176,modelled_potential_not_observed_mgimo_students,71.68635423394389,2.3346293244976812,68.02352450369692,11,practical_priority_pool,,student_attraction_v3.csv,latest open indicators
PHL,Philippines,East Asia & Pacific,11.198,122.465,Moscow,55.7558,37.6176,modelled_potential_not_observed_mgimo_students,75.60295504454852,2.4266694435468903,67.53355794087017,12,practical_priority_pool,,student_attraction_v3.csv,latest open indicators
IRQ,Iraq,Middle East & North Africa,33.09403,43.26181,Moscow,55.7558,37.6176,modelled_potential_not_observed_mgimo_students,72.12734562074186,2.344992622087434,67.45911853297955,13,practical_priority_pool,,student_attraction_v3.csv,latest open indicators
ETH,Ethiopia,Sub-Saharan Africa,8.032795,39.0886,Moscow,55.7558,37.6176,modelled_potential_not_observed_mgimo_students,76.32633496083521,2.4436688715796273,67.29851129305963,14,practical_priority_pool,,student_attraction_v3.csv,latest open indicators
KEN,Kenya,Sub-Saharan Africa,0.549043,37.907632,Moscow,55.7558,37.6176,modelled_potential_not_observed_mgimo_students,73.09337114014743,2.3676942217934647,67.25766156735719,15,practical_priority_pool,,student_attraction_v3.csv,latest open indicators
SEN,Senegal,Sub-Saharan Africa,15.138125,-14.778586,Moscow,55.7558,37.6176,modelled_potential_not_observed_mgimo_students,68.470843719512,2.2590648274085323,66.94120439476123,16,practical_priority_pool,,student_attraction_v3.csv,latest open indicators
PAK,Pakistan,Middle East & North Africa,29.328389,68.545632,Moscow,55.7558,37.6176,modelled_potential_not_observed_mgimo_students,76.13433190642593,2.439156799801009,66.85323875892492,17,practical_priority_pool,,student_attraction_v3.csv,latest open indicators
TUR,Türkiye,Europe & Central Asia,39.345388,34.508268,Moscow,55.7558,37.6176,modelled_potential_not_observed_mgimo_students,73.03254773022306,2.366264871660242,66.83903462891713,18,practical_priority_pool,,student_attraction_v3.csv,latest open indicators
CIV,Côte d'Ivoire,Sub-Saharan Africa,7.49139,-5.568618,Moscow,55.7558,37.6176,modelled_potential_not_observed_mgimo_students,70.12513327237568,2.297940631900828,66.70200004069213,19,practical_priority_pool,,student_attraction_v3.csv,latest open indicators
UGA,Uganda,Sub-Saharan Africa,1.972589,32.948555,Moscow,55.7558,37.6176,modelled_potential_not_observed_mgimo_students,72.26325939324056,2.3481865957411534,66.68218756401333,20,practical_priority_pool,,student_attraction_v3.csv,latest open indicators
IDN,Indonesia,East Asia & Pacific,-0.954404,101.892949,Moscow,55.7558,37.6176,modelled_potential_not_observed_mgimo_students,75.99827828270236,2.4359595396435054,66.66427539264215,21,practical_priority_pool,,student_attraction_v3.csv,latest open indicators
IND,India,South Asia,22.686852,79.358105,Moscow,55.7558,37.6176,modelled_potential_not_observed_mgimo_students,75.91683149601106,2.43404554015626,66.5511548555709,22,practical_priority_pool,,student_attraction_v3.csv,latest open indicators
MYS,Malaysia,East Asia & Pacific,2.528667,113.83708,Moscow,55.7558,37.6176,modelled_potential_not_observed_mgimo_students,69.7788138675362,2.289802125887101,66.45117786541492,23,practical_priority_pool,,student_attraction_v3.csv,latest open indicators
MRT,Mauritania,Sub-Saharan Africa,19.587062,-9.740299,Moscow,55.7558,37.6176,modelled_potential_not_observed_mgimo_students,62.911352614498995,2.1284167864407264,66.27414567141703,24,practical_priority_pool,,student_attraction_v3.csv,latest open indicators
MLI,Mali,Sub-Saharan Africa,18.692713,-2.038455,Moscow,55.7558,37.6176,modelled_potential_not_observed_mgimo_students,68.82678951704708,2.267429553650606,66.03584890975482,25,practical_priority_pool,,student_attraction_v3.csv,latest open indicators
KWT,Kuwait,Middle East & North Africa,29.413628,47.313999,Moscow,55.7558,37.6176,modelled_potential_not_observed_mgimo_students,60.0986683296192,2.0623187057460513,65.92862822399222,26,practical_priority_pool,,student_attraction_v3.csv,latest open indicators
GHA,Ghana,Sub-Saharan Africa,7.717639,-1.036941,Moscow,55.7558,37.6176,modelled_potential_not_observed_mgimo_students,69.70501546902157,2.288067863522007,65.75291399365472,27,practical_priority_pool,,student_attraction_v3.csv,latest open indicators
CMR,Cameroon,Sub-Saharan Africa,4.585041,12.473488,Moscow,55.7558,37.6176,modelled_potential_not_observed_mgimo_students,69.1034459221342,2.273930979170154,65.64323238615921,28,practical_priority_pool,,student_attraction_v3.csv,latest open indicators
BRA,Brazil,Latin America & Caribbean,-12.098687,-49.55945,Moscow,55.7558,37.6176,modelled_potential_not_observed_mgimo_students,75.13137582898686,2.4155873319811914,65.46024420692619,29,practical_priority_pool,,student_attraction_v3.csv,latest open indicators
NER,Niger,Sub-Saharan Africa,17.446195,9.504356,Moscow,55.7558,37.6176,modelled_potential_not_observed_mgimo_students,68.81430315778017,2.267136124207834,65.45871155414818,30,practical_priority_pool,,student_attraction_v3.csv,latest open indicators
GAB,Gabon,Sub-Saharan Africa,-0.437739,11.835939,Moscow,55.7558,37.6176,modelled_potential_not_observed_mgimo_students,59.07024855795212,2.0381508411118747,65.40324889333678,31,practical_priority_pool,,student_attraction_v3.csv,latest open indicators
VNM,Viet Nam,East Asia & Pacific,21.715416,105.387292,Moscow,55.7558,37.6176,modelled_potential_not_observed_mgimo_students,72.10780261937641,2.344533361555346,65.18194912428332,32,in_preparation_but_ranked,,student_attraction_v3.csv,latest open indicators
BGD,Bangladesh,South Asia,24.214956,89.684963,Moscow,55.7558,37.6176,modelled_potential_not_observed_mgimo_students,74.92942973911435,2.410841598869187,65.1797635265477,33,practical_priority_pool,,student_attraction_v3.csv,latest open indicators
CHN,China,East Asia & Pacific,32.498178,106.337289,Moscow,55.7558,37.6176,modelled_potential_not_observed_mgimo_students,74.89540422065204,2.410041999185323,65.13250586201673,34,practical_priority_pool,,student_attraction_v3.csv,latest open indicators
SYR,Syrian Arab Republic,Middle East & North Africa,35.006636,38.277783,Moscow,55.7558,37.6176,modelled_potential_not_observed_mgimo_students,68.73905496986839,2.2653677917919075,65.11820499438011,35,practical_priority_pool,,student_attraction_v3.csv,latest open indicators
ISR,Israel,Middle East & North Africa,30.911148,34.847915,Moscow,55.7558,37.6176,modelled_potential_not_observed_mgimo_students,63.38508430763103,2.1395494812293294,65.06209061573888,36,practical_priority_pool,,student_attraction_v3.csv,latest open indicators
COG,"Congo, Rep.",Sub-Saharan Africa,0.142331,15.9005,Moscow,55.7558,37.6176,modelled_potential_not_observed_mgimo_students,62.6374555000991,2.121980204252329,64.97943902554864,37,practical_priority_pool,,student_attraction_v3.csv,latest open indicators
JOR,Jordan,Middle East & North Africa,30.805025,36.375991,Moscow,55.7558,37.6176,modelled_potential_not_observed_mgimo_students,64.47441473369815,2.165148746241907,64.52757121725271,38,practical_priority_pool,,student_attraction_v3.csv,latest open indicators
KAZ,Kazakhstan,Europe & Central Asia,49.054149,68.685548,Moscow,55.7558,37.6176,modelled_potential_not_observed_mgimo_students,65.52829294847339,2.1899148842891245,64.50898095731968,39,practical_priority_pool,,student_attraction_v3.csv,latest open indicators
ZMB,Zambia,Sub-Saharan Africa,-14.660804,26.395298,Moscow,55.7558,37.6176,modelled_potential_not_observed_mgimo_students,67.13321626957082,2.2276305823349145,64.34883111260079,40,practical_priority_pool,,student_attraction_v3.csv,latest open indicators
AFG,Afghanistan,Middle East & North Africa,34.164262,66.496586,Moscow,55.7558,37.6176,modelled_potential_not_observed_mgimo_students,69.68451594218924,2.287586124641447,64.06633138808587,41,practical_priority_pool,,student_attraction_v3.csv,latest open indicators
ZWE,Zimbabwe,Sub-Saharan Africa,-18.91164,29.925444,Moscow,55.7558,37.6176,modelled_potential_not_observed_mgimo_students,65.94295575421624,2.199659460224082,63.9319933088282,42,practical_priority_pool,,student_attraction_v3.csv,latest open indicators
BFA,Burkina Faso,Sub-Saharan Africa,12.673048,-1.36388,Moscow,55.7558,37.6176,modelled_potential_not_observed_mgimo_students,66.95145097317092,2.223359097869517,63.546690846920484,43,practical_priority_pool,,student_attraction_v3.csv,latest open indicators
PER,Peru,Latin America & Caribbean,-12.976679,-72.90016,Moscow,55.7558,37.6176,modelled_potential_not_observed_mgimo_students,67.36054581753751,2.2329728267121314,63.30610449583334,44,practical_priority_pool,,student_attraction_v3.csv,latest open indicators
ARG,Argentina,Latin America & Caribbean,-33.501159,-64.173331,Moscow,55.7558,37.6176,modelled_potential_not_observed_mgimo_students,68.04360523907359,2.2490247231182297,63.13261172865426,45,practical_priority_pool,,student_attraction_v3.csv,latest open indicators
SAU,Saudi Arabia,Middle East & North Africa,23.806908,44.6996,Moscow,55.7558,37.6176,modelled_potential_not_observed_mgimo_students,66.7055655350657,2.2175807900740443,63.059973971484226,46,practical_priority_pool,,student_attraction_v3.csv,latest open indicators
MOZ,Mozambique,Sub-Saharan Africa,-13.94323,37.83789,Moscow,55.7558,37.6176,modelled_potential_not_observed_mgimo_students,67.95018620264428,2.2468293757621405,63.02807288222415,47,practical_priority_pool,,student_attraction_v3.csv,latest open indicators
COL,Colombia,Latin America & Caribbean,3.373111,-73.174347,Moscow,55.7558,37.6176,modelled_potential_not_observed_mgimo_students,68.61349064703687,2.2624170302053663,63.01234925621409,48,practical_priority_pool,,student_attraction_v3.csv,latest open indicators
UZB,Uzbekistan,Europe & Central Asia,41.693603,64.005429,Moscow,55.7558,37.6176,modelled_potential_not_observed_mgimo_students,66.68917005892045,2.217195496384631,62.79527590926892,49,practical_priority_pool,,student_attraction_v3.csv,latest open indicators
ZAF,South Africa,Sub-Saharan Africa,-29.708776,23.665734,Moscow,55.7558,37.6176,modelled_potential_not_observed_mgimo_students,69.28508132701589,2.2781994111848736,62.73053666827839,50,practical_priority_pool,,student_attraction_v3.csv,latest open indicators
YEM,"Yemen, Rep.",Middle East & North Africa,15.328226,45.874383,Moscow,55.7558,37.6176,modelled_potential_not_observed_mgimo_students,68.14338793308747,2.2513696164275556,62.68110542607593,51,practical_priority_pool,,student_attraction_v3.csv,latest open indicators
TKM,Turkmenistan,Europe & Central Asia,39.855246,58.676647,Moscow,55.7558,37.6176,modelled_potential_not_observed_mgimo_students,60.4202027886117,2.069874765532375,62.58775076191814,52,practical_priority_pool,,student_attraction_v3.csv,latest open indicators
THA,Thailand,East Asia & Pacific,15.45974,101.073198,Moscow,55.7558,37.6176,modelled_potential_not_observed_mgimo_students,68.57622070667219,2.2615411866067965,62.58665586030424,53,practical_priority_pool,,student_attraction_v3.csv,latest open indicators
MAR,Morocco,Middle East & North Africa,31.650723,-7.187296,Moscow,55.7558,37.6176,modelled_potential_not_observed_mgimo_students,67.00917197411106,2.22471554139161,62.426347252949434,54,practical_priority_pool,,student_attraction_v3.csv,latest open indicators
RWA,Rwanda,Sub-Saharan Africa,-1.897196,30.103894,Moscow,55.7558,37.6176,modelled_potential_not_observed_mgimo_students,64.00322034512635,2.1540756781104693,62.1388630388478,55,practical_priority_pool,,student_attraction_v3.csv,latest open indicators
BEN,Benin,Sub-Saharan Africa,10.324775,2.352018,Moscow,55.7558,37.6176,modelled_potential_not_observed_mgimo_students,63.821369552611884,2.1498021844863793,62.09206359428174,56,practical_priority_pool,,student_attraction_v3.csv,latest open indicators
IRN,"Iran, Islamic Rep.",Middle East & North Africa,32.166225,54.931495,Moscow,55.7558,37.6176,modelled_potential_not_observed_mgimo_students,69.37554209059283,2.2803252391289317,62.04681551862843,57,practical_priority_pool,,student_attraction_v3.csv,latest open indicators
SDN,Sudan,Sub-Saharan Africa,16.330746,29.260657,Moscow,55.7558,37.6176,modelled_potential_not_observed_mgimo_students,68.6264726810082,2.262722108003693,61.9292434336092,58,practical_priority_pool,,student_attraction_v3.csv,latest open indicators
OMN,Oman,Middle East & North Africa,22.120427,57.336553,Moscow,55.7558,37.6176,modelled_potential_not_observed_mgimo_students,58.13500454056183,2.016172606703203,61.53516340442353,59,practical_priority_pool,,student_attraction_v3.csv,latest open indicators
MDG,Madagascar,Sub-Saharan Africa,-18.628288,46.704241,Moscow,55.7558,37.6176,modelled_potential_not_observed_mgimo_students,66.36752110473009,2.209636745961157,61.255843403244505,60,practical_priority_pool,,student_attraction_v3.csv,latest open indicators
DZA,Algeria,Middle East & North Africa,27.397406,2.808241,Moscow,55.7558,37.6176,modelled_potential_not_observed_mgimo_students,66.37787179225344,2.2098799871179557,61.180776489572494,61,practical_priority_pool,,student_attraction_v3.csv,latest open indicators
LKA,Sri Lanka,South Asia,7.581097,80.704823,Moscow,55.7558,37.6176,modelled_potential_not_observed_mgimo_students,63.94935356844768,2.1528098088585206,61.13902973735505,62,practical_priority_pool,,student_attraction_v3.csv,latest open indicators
GIN,Guinea,Sub-Saharan Africa,10.618516,-10.016402,Moscow,55.7558,37.6176,modelled_potential_not_observed_mgimo_students,63.16722749837433,2.134429846211797,60.90355229357945,63,practical_priority_pool,,student_attraction_v3.csv,latest open indicators
BDI,Burundi,Sub-Saharan Africa,-3.332836,29.917086,Moscow,55.7558,37.6176,modelled_potential_not_observed_mgimo_students,62.903480993309024,2.128231803342762,60.88404510415803,64,practical_priority_pool,,student_attraction_v3.csv,latest open indicators
GTM,Guatemala,Latin America & Caribbean,14.982133,-90.497134,Moscow,55.7558,37.6176,modelled_potential_not_observed_mgimo_students,63.44424545256619,2.1409397681353055,60.09574051629457,65,practical_priority_pool,,student_attraction_v3.csv,latest open indicators
NPL,Nepal,South Asia,28.297925,83.639914,Moscow,55.7558,37.6176,modelled_potential_not_observed_mgimo_students,65.08402037108814,2.1794744787205715,60.0050931284797,66,practical_priority_pool,,student_attraction_v3.csv,latest open indicators
GNB,Guinea-Bissau,Sub-Saharan Africa,12.163712,-14.52413,Moscow,55.7558,37.6176,modelled_potential_not_observed_mgimo_students,55.17279271629153,1.946560628832851,59.92934147039337,67,practical_priority_pool,,student_attraction_v3.csv,latest open indicators
BTN,Bhutan,South Asia,27.536685,90.040294,Moscow,55.7558,37.6176,modelled_potential_not_observed_mgimo_students,50.59190519872273,1.838909772169984,59.73562139172097,68,practical_priority_pool,,student_attraction_v3.csv,latest open indicators
TGO,Togo,Sub-Saharan Africa,8.80722,1.058113,Moscow,55.7558,37.6176,modelled_potential_not_observed_mgimo_students,60.441313479253544,2.0703708667624583,59.66808935729687,69,practical_priority_pool,,student_attraction_v3.csv,latest open indicators
ECU,Ecuador,Latin America & Caribbean,-1.259076,-78.188375,Moscow,55.7558,37.6176,modelled_potential_not_observed_mgimo_students,62.21029917587,2.111942030632945,59.32890819927359,70,practical_priority_pool,,student_attraction_v3.csv,latest open indicators
COM,Comoros,Sub-Saharan Africa,-11.727683,43.318094,Moscow,55.7558,37.6176,modelled_potential_not_observed_mgimo_students,50.71739017889808,1.8418586692041048,59.02439759707752,71,practical_priority_pool,,student_attraction_v3.csv,latest open indicators
LBY,Libya,Middle East & North Africa,26.638944,18.011015,Moscow,55.7558,37.6176,modelled_potential_not_observed_mgimo_students,58.40715297331817,2.022568094872977,58.80744580525983,72,practical_priority_pool,,student_attraction_v3.csv,latest open indicators
VEN,"Venezuela, RB",Latin America & Caribbean,7.182476,-64.599381,Moscow,55.7558,37.6176,modelled_potential_not_observed_mgimo_students,63.584481416585994,2.1442353132897707,58.70548349779862,73,practical_priority_pool,,student_attraction_v3.csv,latest open indicators
DOM,Dominican Republic,Latin America & Caribbean,19.104137,-70.653998,Moscow,55.7558,37.6176,modelled_potential_not_observed_mgimo_students,59.81004208849097,2.0555359890795377,58.54967003897246,74,practical_priority_pool,,student_attraction_v3.csv,latest open indicators
SLE,Sierra Leone,Sub-Saharan Africa,8.617449,-11.763677,Moscow,55.7558,37.6176,modelled_potential_not_observed_mgimo_students,59.4060982930978,2.046043309887798,58.43873783853953,75,practical_priority_pool,,student_attraction_v3.csv,latest open indicators
CHL,Chile,Latin America & Caribbean,-38.151771,-72.318871,Moscow,55.7558,37.6176,modelled_potential_not_observed_mgimo_students,60.71644819402271,2.076836532559534,58.36937561013145,76,practical_priority_pool,,student_attraction_v3.csv,latest open indicators
GMB,"Gambia, The",Sub-Saharan Africa,13.641721,-14.998318,Moscow,55.7558,37.6176,modelled_potential_not_observed_mgimo_students,54.75550828467539,1.9367544446898717,58.13939467216896,77,practical_priority_pool,,student_attraction_v3.csv,latest open indicators
KHM,Cambodia,East Asia & Pacific,12.647584,104.50487,Moscow,55.7558,37.6176,modelled_potential_not_observed_mgimo_students,60.93215255884257,2.0819055851328003,57.731691575673594,78,practical_priority_pool,,student_attraction_v3.csv,latest open indicators
AZE,Azerbaijan,Europe & Central Asia,40.402387,47.210994,Moscow,55.7558,37.6176,modelled_potential_not_observed_mgimo_students,57.882167830198625,2.0102309440096677,57.60055040313408,79,practical_priority_pool,,student_attraction_v3.csv,latest open indicators
PAN,Panama,Latin America & Caribbean,8.72198,-80.352106,Moscow,55.7558,37.6176,modelled_potential_not_observed_mgimo_students,55.07145367516431,1.9441791613663613,57.22886766423547,80,practical_priority_pool,,student_attraction_v3.csv,latest open indicators
MMR,Myanmar,East Asia & Pacific,21.573855,95.804497,Moscow,55.7558,37.6176,modelled_potential_not_observed_mgimo_students,64.62548057346528,2.168698793476434,57.12131240277243,81,practical_priority_pool,,student_attraction_v3.csv,latest open indicators
HND,Honduras,Latin America & Caribbean,14.794801,-86.887604,Moscow,55.7558,37.6176,modelled_potential_not_observed_mgimo_students,59.014093281823364,2.036831192122849,56.97180232951352,82,practical_priority_pool,,student_attraction_v3.csv,latest open indicators
KGZ,Kyrgyz Republic,Europe & Central Asia,41.66854,74.532637,Moscow,55.7558,37.6176,modelled_potential_not_observed_mgimo_students,56.556596103006804,1.97908000842066,56.87596013605104,83,practical_priority_pool,,student_attraction_v3.csv,latest open indicators
ERI,Eritrea,Sub-Saharan Africa,15.787401,38.285566,Moscow,55.7558,37.6176,modelled_potential_not_observed_mgimo_students,55.0301674052983,1.94320893402451,56.73293729388368,84,practical_priority_pool,,student_attraction_v3.csv,latest open indicators
LBR,Liberia,Sub-Saharan Africa,6.447177,-9.460379,Moscow,55.7558,37.6176,modelled_potential_not_observed_mgimo_students,56.13561116855891,1.9691868624611346,56.14202600322755,85,practical_priority_pool,,student_attraction_v3.csv,latest open indicators
BHR,Bahrain,Middle East & North Africa,26.055972,50.554816,Moscow,55.7558,37.6176,modelled_potential_not_observed_mgimo_students,49.01227394465468,1.801788437699385,55.80431512851591,86,practical_priority_pool,,student_attraction_v3.csv,latest open indicators
TUN,Tunisia,Middle East & North Africa,33.687263,9.007881,Moscow,55.7558,37.6176,modelled_potential_not_observed_mgimo_students,57.16153371116876,1.993296042212466,55.631026577097764,87,practical_priority_pool,,student_attraction_v3.csv,latest open indicators
TJK,Tajikistan,Europe & Central Asia,38.199835,72.587276,Moscow,55.7558,37.6176,modelled_potential_not_observed_mgimo_students,57.25615795570147,1.9955197119589845,55.38358072226755,88,practical_priority_pool,,student_attraction_v3.csv,latest open indicators
SYC,Seychelles,Sub-Saharan Africa,-4.676659,55.480175,Moscow,55.7558,37.6176,modelled_potential_not_observed_mgimo_students,39.83272720221472,1.586069089252046,55.32323222529823,89,practical_priority_pool,,student_attraction_v3.csv,latest open indicators
LAO,Lao PDR,East Asia & Pacific,19.431821,102.533912,Moscow,55.7558,37.6176,modelled_potential_not_observed_mgimo_students,56.33341994116162,1.9738353686172982,55.270300593337105,90,practical_priority_pool,,student_attraction_v3.csv,latest open indicators
CAF,Central African Republic,Sub-Saharan Africa,6.989681,20.906897,Moscow,55.7558,37.6176,modelled_potential_not_observed_mgimo_students,55.46416631455471,1.9534079083920357,55.09474971092685,91,practical_priority_pool,,student_attraction_v3.csv,latest open indicators
SUR,Suriname,Latin America & Caribbean,4.143987,-55.91094,Moscow,55.7558,37.6176,modelled_potential_not_observed_mgimo_students,46.2922075703256,1.7378668779026518,55.09356494252049,92,practical_priority_pool,,student_attraction_v3.csv,latest open indicators
SWZ,Eswatini,Sub-Saharan Africa,-26.533676,31.467264,Moscow,55.7558,37.6176,modelled_potential_not_observed_mgimo_students,49.18135789575601,1.8057619105502662,54.733585886646495,93,practical_priority_pool,,student_attraction_v3.csv,latest open indicators
TTO,Trinidad and Tobago,Latin America & Caribbean,10.9989,-60.9184,Moscow,55.7558,37.6176,modelled_potential_not_observed_mgimo_students,48.09069471752295,1.7801313258617895,54.684645795073784,94,practical_priority_pool,,student_attraction_v3.csv,latest open indicators
GUY,Guyana,Latin America & Caribbean,5.124317,-58.942643,Moscow,55.7558,37.6176,modelled_potential_not_observed_mgimo_students,46.95060727887479,1.7533392710535578,54.562381162624796,95,practical_priority_pool,,student_attraction_v3.csv,latest open indicators
VUT,Vanuatu,East Asia & Pacific,-15.37153,166.908762,Moscow,55.7558,37.6176,modelled_potential_not_observed_mgimo_students,43.09650437150744,1.662767852730425,54.064260907203895,96,practical_priority_pool,,student_attraction_v3.csv,latest open indicators
PRY,Paraguay,Latin America & Caribbean,-21.674509,-60.146394,Moscow,55.7558,37.6176,modelled_potential_not_observed_mgimo_students,54.61489278702476,1.933449980495082,54.050630659535514,97,practical_priority_pool,,student_attraction_v3.csv,latest open indicators
BWA,Botswana,Sub-Saharan Africa,-22.102634,24.179216,Moscow,55.7558,37.6176,modelled_potential_not_observed_mgimo_students,51.07565256510844,1.8502778352800484,53.74219040629128,98,practical_priority_pool,,student_attraction_v3.csv,latest open indicators
BLR,Belarus,Europe & Central Asia,53.821888,28.417701,Moscow,55.7558,37.6176,modelled_potential_not_observed_mgimo_students,53.339228341564734,1.9034718660267713,53.558463191824714,99,practical_priority_pool,,student_attraction_v3.csv,latest open indicators
MNG,Mongolia,East Asia & Pacific,45.997488,104.150405,Moscow,55.7558,37.6176,modelled_potential_not_observed_mgimo_students,50.833446497512234,1.8445859926915378,53.45287214236417,100,practical_priority_pool,,student_attraction_v3.csv,latest open indicators
NAM,Namibia,Sub-Saharan Africa,-20.575298,17.108166,Moscow,55.7558,37.6176,modelled_potential_not_observed_mgimo_students,51.06809866240152,1.8501003185664358,53.181446107025565,101,practical_priority_pool,,student_attraction_v3.csv,latest open indicators
CRI,Costa Rica,Latin America & Caribbean,10.0651,-84.077922,Moscow,55.7558,37.6176,modelled_potential_not_observed_mgimo_students,52.11189636932002,1.8746295646790205,53.00423103465268,102,practical_priority_pool,,student_attraction_v3.csv,latest open indicators
LBN,Lebanon,Middle East & North Africa,34.133368,35.992892,Moscow,55.7558,37.6176,modelled_potential_not_observed_mgimo_students,53.168709791373324,1.8994646800972732,52.86851285776788,103,practical_priority_pool,,student_attraction_v3.csv,latest open indicators
NIC,Nicaragua,Latin America & Caribbean,12.670697,-85.069347,Moscow,55.7558,37.6176,modelled_potential_not_observed_mgimo_students,54.08800698919127,1.921068164245995,52.85908820515169,104,practical_priority_pool,,student_attraction_v3.csv,latest open indicators
STP,São Tomé and Principe,Sub-Saharan Africa,0.9709,7.021,Moscow,55.7558,37.6176,modelled_potential_not_observed_mgimo_students,41.558735555886564,1.6266302855633343,52.735009919840714,105,practical_priority_pool,,student_attraction_v3.csv,latest open indicators
SRB,Serbia,Europe & Central Asia,44.189919,20.787989,Moscow,55.7558,37.6176,modelled_potential_not_observed_mgimo_students,51.4485544479664,1.8590410295272104,52.451803872235004,106,practical_priority_pool,,student_attraction_v3.csv,latest open indicators
URY,Uruguay,Latin America & Caribbean,-32.961127,-55.966942,Moscow,55.7558,37.6176,modelled_potential_not_observed_mgimo_students,49.82804334672274,1.8209590186479843,52.173174710636516,107,practical_priority_pool,,student_attraction_v3.csv,latest open indicators
QAT,Qatar,Middle East & North Africa,25.237383,51.143509,Moscow,55.7558,37.6176,modelled_potential_not_observed_mgimo_students,47.616820741444066,1.7689952874239356,51.93804662986058,108,practical_priority_pool,,student_attraction_v3.csv,latest open indicators
PRK,"Korea, Dem. People's Rep.",East Asia & Pacific,39.885252,126.444516,Moscow,55.7558,37.6176,modelled_potential_not_observed_mgimo_students,57.05705516826897,1.9908407964543207,51.674616841973055,109,practical_priority_pool,,student_attraction_v3.csv,latest open indicators
CUB,Cuba,Latin America & Caribbean,21.334024,-77.975855,Moscow,55.7558,37.6176,modelled_potential_not_observed_mgimo_students,52.998076112026794,1.8954547886326298,51.47416959897838,110,practical_priority_pool,,student_attraction_v3.csv,latest open indicators
GEO,Georgia,Europe & Central Asia,41.870087,43.735724,Moscow,55.7558,37.6176,modelled_potential_not_observed_mgimo_students,48.72511827370758,1.7950402794321283,51.02366496697995,111,practical_priority_pool,,student_attraction_v3.csv,latest open indicators
TLS,Timor-Leste,East Asia & Pacific,-8.803705,125.854679,Moscow,55.7558,37.6176,modelled_potential_not_observed_mgimo_students,46.95462884815625,1.7534337779316718,50.571691817167974,112,practical_priority_pool,,student_attraction_v3.csv,latest open indicators
SLV,El Salvador,Latin America & Caribbean,13.685371,-88.890124,Moscow,55.7558,37.6176,modelled_potential_not_observed_mgimo_students,52.01411795893347,1.8723317720349368,50.46264858909443,113,practical_priority_pool,,student_attraction_v3.csv,latest open indicators
LSO,Lesotho,Sub-Saharan Africa,-29.480158,28.246639,Moscow,55.7558,37.6176,modelled_potential_not_observed_mgimo_students,48.359939071764366,1.7864585681864629,50.296829105292964,114,practical_priority_pool,,student_attraction_v3.csv,latest open indicators
BIH,Bosnia and Herzegovina,Europe & Central Asia,44.091051,18.06841,Moscow,55.7558,37.6176,modelled_potential_not_observed_mgimo_students,46.966046244745954,1.75370208675153,50.12090168469185,115,practical_priority_pool,,student_attraction_v3.csv,latest open indicators
MDA,Moldova,Europe & Central Asia,47.434999,28.487904,Moscow,55.7558,37.6176,modelled_potential_not_observed_mgimo_students,46.6562534302107,1.7464219556099514,49.619851012598964,116,practical_priority_pool,,student_attraction_v3.csv,latest open indicators
MUS,Mauritius,Sub-Saharan Africa,-20.299506,57.565848,Moscow,55.7558,37.6176,modelled_potential_not_observed_mgimo_students,43.85107200597522,1.6805001921404177,49.093681960740184,117,practical_priority_pool,,student_attraction_v3.csv,latest open indicators
ARM,Armenia,Europe & Central Asia,40.459077,44.800564,Moscow,55.7558,37.6176,modelled_potential_not_observed_mgimo_students,46.38554939543166,1.740060410792644,48.73355166600452,118,practical_priority_pool,,student_attraction_v3.csv,latest open indicators
BRN,Brunei Darussalam,East Asia & Pacific,4.448298,114.551943,Moscow,55.7558,37.6176,modelled_potential_not_observed_mgimo_students,39.823308112385305,1.5858477406410547,48.66040160783481,119,practical_priority_pool,,student_attraction_v3.csv,latest open indicators
BLZ,Belize,Latin America & Caribbean,17.202068,-88.712962,Moscow,55.7558,37.6176,modelled_potential_not_observed_mgimo_students,39.725931815725176,1.5835593976695417,47.737934072901176,120,practical_priority_pool,,student_attraction_v3.csv,latest open indicators
JAM,Jamaica,Latin America & Caribbean,18.137124,-77.318767,Moscow,55.7558,37.6176,modelled_potential_not_observed_mgimo_students,45.955176886389204,1.7299466568301463,47.01837178781363,121,practical_priority_pool,,student_attraction_v3.csv,latest open indicators
CPV,Cabo Verde,Sub-Saharan Africa,15.074761,-23.639434,Moscow,55.7558,37.6176,modelled_potential_not_observed_mgimo_students,39.67541000126087,1.5823721350296305,46.94077442106004,122,practical_priority_pool,,student_attraction_v3.csv,latest open indicators
WSM,Samoa,East Asia & Pacific,-13.639139,-172.438241,Moscow,55.7558,37.6176,modelled_potential_not_observed_mgimo_students,36.272320254513666,1.5023995259810712,46.730585508632785,123,practical_priority_pool,,student_attraction_v3.csv,latest open indicators
FJI,Fiji,East Asia & Pacific,-17.826099,177.975427,Moscow,55.7558,37.6176,modelled_potential_not_observed_mgimo_students,40.66312788708426,1.6055835053464802,45.39075820868347,124,practical_priority_pool,,student_attraction_v3.csv,latest open indicators
MDV,Maldives,South Asia,4.174441,73.507554,Moscow,55.7558,37.6176,modelled_potential_not_observed_mgimo_students,36.75283110983517,1.5136915310811265,44.683392757178304,125,practical_priority_pool,,student_attraction_v3.csv,latest open indicators
LCA,St. Lucia,Latin America & Caribbean,13.892371,-60.980094,Moscow,55.7558,37.6176,modelled_potential_not_observed_mgimo_students,33.11615116136457,1.4282295522920676,44.41381742582888,126,practical_priority_pool,,student_attraction_v3.csv,latest open indicators
ATG,Antigua and Barbuda,Latin America & Caribbean,17.352249,-61.790612,Moscow,55.7558,37.6176,modelled_potential_not_observed_mgimo_students,31.06580134936683,1.3800463317101204,43.14694631856504,127,practical_priority_pool,,student_attraction_v3.csv,latest open indicators
BRB,Barbados,Latin America & Caribbean,13.163709,-59.568966,Moscow,55.7558,37.6176,modelled_potential_not_observed_mgimo_students,33.1974245869666,1.430139477793715,42.703120272174985,128,practical_priority_pool,,student_attraction_v3.csv,latest open indicators
TON,Tonga,East Asia & Pacific,-21.210026,-175.163014,Moscow,55.7558,37.6176,modelled_potential_not_observed_mgimo_students,31.018131394100372,1.378926087761359,42.67322255842612,129,practical_priority_pool,,student_attraction_v3.csv,latest open indicators
VCT,St. Vincent and the Grenadines,Latin America & Caribbean,13.0879,-61.3359,Moscow,55.7558,37.6176,modelled_potential_not_observed_mgimo_students,28.623962584797397,1.3226631207427388,39.75550358999639,130,practical_priority_pool,,student_attraction_v3.csv,latest open indicators
GRD,Grenada,Latin America & Caribbean,12.113156,-61.680461,Moscow,55.7558,37.6176,modelled_potential_not_observed_mgimo_students,24.90131355256728,1.2351808684853312,34.585157711899,131,practical_priority_pool,,student_attraction_v3.csv,latest open indicators
MHL,Marshall Islands,East Asia & Pacific,7.082568,171.193609,Moscow,55.7558,37.6176,modelled_potential_not_observed_mgimo_students,24.707430461290276,1.2306246158403216,34.315875640680936,132,practical_priority_pool,,student_attraction_v3.csv,latest open indicators
KNA,St. Kitts and Nevis,Latin America & Caribbean,17.336558,-62.757975,Moscow,55.7558,37.6176,modelled_potential_not_observed_mgimo_students,23.59953785025813,1.2045891394810662,32.7771359031363,133,practical_priority_pool,,student_attraction_v3.csv,latest open indicators
PLW,Palau,East Asia & Pacific,7.518252,134.580157,Moscow,55.7558,37.6176,modelled_potential_not_observed_mgimo_students,22.665708707568825,1.1826441546278674,31.48015098273448,134,practical_priority_pool,,student_attraction_v3.csv,latest open indicators
