rank_practical_student_recruitment,rank_reference_all,iso3,country,region,income_group,student_recruitment_status,SAI_MGIMO_V3_SCORE,A_YOUTH_OPPORTUNITY,A_OUTBOUND_MOBILITY_UIS,A_LEGAL_PARTNERSHIP_CONTEXT,A_PROGRAM_RELEVANCE,A_AFFORDABILITY_ACCESS,A_DIGITAL_REACH,A_DATAQ,pop_15_24_latest,pop_15_24_latest_year,pop_15_24_base_year,pop_15_24_growth_10y_pct,student_pool_latest,student_pool_latest_year,uis_outbound_mobility_ratio,uis_outbound_mobility_year,uis_source_key,uis_observation_status,internet_users_pct,gdp_pc_ppp_current,program_relevance_score,dataq_required_available,dataq_required_total,score_source_policy,is_unfriendly_430r,is_domestic_russia,is_non_sovereign_or_special,has_existing_mgimo_presence,in_preparation,has_required_open_data,due_diligence_warnings,latitude,longitude
1,1,NGA,Nigeria,Sub-Saharan Africa,Lower middle income,practical_priority_pool,72.32919317075454,0.992765961670661,0.046905749056918876,1.0,0.316928046903593,0.36273051958782415,0.3071489023887711,1.0,47928928.0,2024,2014,37.277481200612804,55909051.6,2024,3.771680116653442,2011.0,unesco_uis_uis006_mor_5t8_40510,uis_estimate,41.21139908,7994.215638614593,0.316928046903593,6,6,open_api_factual_only,False,False,False,False,False,True,,9.439799,7.50322
2,2,GNQ,Equatorial Guinea,Sub-Saharan Africa,Upper middle income,practical_priority_pool,71.34140402871041,0.617797923890933,1.0,1.0,0.3536575852824263,0.5529669989862253,0.5761112894967486,1.0,327282.0,2024,2014,33.81224369641389,388220.55,2024,130.4430847167969,2000.0,unesco_uis_uis006_mor_5t8_40510,uis_estimate,63.29930115,15454.42849356404,0.3536575852824263,6,6,open_api_factual_only,False,False,False,False,False,True,,2.333,8.9902
3,3,COD,"Congo, Dem. Rep.",Sub-Saharan Africa,Low income,practical_priority_pool,70.31333794542492,0.9946609695239629,0.03314594171905516,1.0,0.4838023738607193,0.0,0.044883852709031606,1.0,20850925.0,2024,2014,37.85737360097503,24468739.6,2024,2.89424991607666,2020.0,unesco_uis_uis006_mor_5t8_40510,uis_estimate,19.67350006,1602.0749798949962,0.4838023738607193,6,6,open_api_factual_only,False,False,False,False,False,True,,-1.858167,23.458829
4,4,EGY,"Egypt, Arab Rep.",Middle East & North Africa,Lower middle income,practical_priority_pool,69.95294946432622,0.8829277173529426,0.01655476426587431,1.0,0.4027850807853746,0.5770289653580546,0.7143082324984454,1.0,20504587.0,2024,2014,15.408787792144052,24536452.0,2024,1.836269974708557,2023.0,unesco_uis_uis006_mor_5t8_40510,uis_estimate,74.64839935,16798.151577864,0.4027850807853746,6,6,open_api_factual_only,False,False,False,False,False,True,,26.186173,29.445837
5,5,ARE,United Arab Emirates,Middle East & North Africa,High income,practical_priority_pool,68.61664641924182,0.6970208563765863,0.07686390057206227,1.0,0.8261867829907272,0.9877144878889457,1.0,1.0,1422303.0,2024,2014,24.240303983228518,2077655.1,2024,5.682040214538574,2023.0,unesco_uis_uis006_mor_5t8_40510,uis_estimate,100.0,69701.80479835454,0.8261867829907272,6,6,open_api_factual_only,False,False,False,False,False,True,,23.466285,54.547256
6,6,DJI,Djibouti,Middle East & North Africa,Lower middle income,practical_priority_pool,68.61476962194496,0.5061448957951116,1.0,1.0,0.8739293033132084,0.3190416110318961,0.600460184873081,1.0,229512.0,2024,2014,17.29364807612701,274343.25,2024,64.60285949707031,2011.0,unesco_uis_uis006_mor_5t8_40510,uis_estimate,65.29889679,6871.124404531289,0.8739293033132084,6,6,open_api_factual_only,False,False,False,False,False,True,,11.976343,42.498825
7,7,TZA,Tanzania,Sub-Saharan Africa,Lower middle income,practical_priority_pool,68.5578801610842,0.9636370181692004,0.027018696025759924,1.0,0.2944862105029038,0.14145374280370082,0.18477949384164308,1.0,13847999.0,2024,2014,38.70087113728613,16273927.4,2024,2.503530025482178,2023.0,unesco_uis_uis006_mor_5t8_40510,uis_estimate,31.16209984,3713.26293945313,0.2944862105029038,6,6,open_api_factual_only,False,False,False,False,False,True,,-6.051866,34.959183
8,8,MWI,Malawi,Sub-Saharan Africa,Low income,practical_priority_pool,68.24095343481251,0.8708476982471813,0.45532303236714045,1.0,0.1585674495184121,0.0,0.036215102107971756,1.0,4690490.0,2024,2014,40.13225429823481,5485741.7,2024,29.81547927856445,2011.0,unesco_uis_uis006_mor_5t8_40510,uis_estimate,18.96159935,1634.24660266597,0.1585674495184121,6,6,open_api_factual_only,False,False,False,False,False,True,,-13.386737,33.608082
9,9,TCD,Chad,Sub-Saharan Africa,Low income,practical_priority_pool,68.11748858521264,0.8583739096383518,0.44801085786650574,1.0,0.2410239069003337,0.01707135370471328,0.0,1.0,4056732.0,2024,2014,48.99605576941512,4755149.1,2024,29.34919929504395,2020.0,unesco_uis_uis006_mor_5t8_40510,uis_estimate,12.62689972,2412.8658553920027,0.2410239069003337,6,6,open_api_factual_only,False,False,False,False,False,True,,15.142959,18.645041
10,10,MEX,Mexico,Latin America & Caribbean,Upper middle income,practical_priority_pool,68.05669582769028,0.8159250032068538,0.0,1.0,0.5072529696093646,0.6554072401406749,0.8174946174071562,1.0,22228572.0,2024,2014,1.2842972233971572,26997320.55,2024,0.7425900101661682,2023.0,unesco_uis_uis006_mor_5t8_40510,uis_estimate,83.12233799,22039.628701901565,0.5072529696093646,6,6,open_api_factual_only,False,False,False,False,False,True,,23.919988,-102.289448
11,11,AGO,Angola,Sub-Saharan Africa,Lower middle income,practical_priority_pool,68.02352450369692,0.9082194794257414,0.04419826064952354,1.0,0.2923571150215104,0.3937668490287174,0.30098008691826944,1.0,7245916.0,2024,2014,43.369527666524064,8461233.7,2024,3.599030017852783,2023.0,unesco_uis_uis006_mor_5t8_40510,uis_estimate,40.70479965,8901.887366115625,0.2923571150215104,6,6,open_api_factual_only,False,False,False,False,False,True,,-12.182762,17.984249
12,12,PHL,Philippines,East Asia & Pacific,Lower middle income,practical_priority_pool,67.53355794087017,0.8425874624269146,0.0013194472143987046,1.0,0.5322055015335618,0.4379869396814501,0.6243770034342137,1.0,22041207.0,2024,2014,6.7110196768895625,26650836.0,2024,0.8647500276565552,2023.0,unesco_uis_uis006_mor_5t8_40510,uis_estimate,67.26300914,10375.940417993756,0.5322055015335618,6,6,open_api_factual_only,False,False,False,False,False,True,,11.198,122.465
13,13,IRQ,Iraq,Middle East & North Africa,Upper middle income,practical_priority_pool,67.45911853297955,0.8499263896195656,0.007496406735975965,1.0,0.3339790175394601,0.4968846844420551,0.7974290743144119,1.0,9036179.0,2024,2014,23.023444106244085,10765873.25,2024,1.258640050888062,2005.0,unesco_uis_uis006_mor_5t8_40510,uis_estimate,81.47450256,12725.043126039314,0.3339790175394601,6,6,open_api_factual_only,False,False,False,False,False,True,,33.09403,43.26181
14,14,ETH,Ethiopia,Sub-Saharan Africa,,practical_priority_pool,67.29851129305963,0.958213509561302,0.0004490990925020218,1.0,0.3343172560434796,0.0693529363371434,0.07249864078595068,1.0,27812983.0,2024,2014,30.244875313155916,32923963.3,2024,0.809249997138977,2014.0,unesco_uis_uis006_mor_5t8_40510,uis_estimate,21.94129944,2892.2222016826404,0.3343172560434796,6,6,open_api_factual_only,False,False,False,False,False,True,,8.032795,39.0886
15,15,KEN,Kenya,Sub-Saharan Africa,Lower middle income,practical_priority_pool,67.25766156735719,0.9105243453750391,0.03696198512336506,1.0,0.32261219820883,0.27237665665270366,0.23122375276112803,1.0,12070328.0,2024,2014,30.29359195314827,14172410.3,2024,3.137589931488037,2019.0,unesco_uis_uis006_mor_5t8_40510,uis_estimate,34.97622513,5845.201177178245,0.32261219820883,6,6,open_api_factual_only,False,False,False,False,False,True,,0.549043,37.907632
16,16,SEN,Senegal,Sub-Saharan Africa,Lower middle income,practical_priority_pool,66.94120439476123,0.8536688666990662,0.09460738335958797,1.0,0.4285297585101912,0.1943871710713459,0.5373704578862257,1.0,3840584.0,2024,2014,39.1075434807963,4540661.15,2024,6.813499927520752,2023.0,unesco_uis_uis006_mor_5t8_40510,uis_estimate,60.11780167,4460.923721763184,0.4285297585101912,6,6,open_api_factual_only,False,False,False,False,False,True,,15.138125,-14.778586
17,17,PAK,Pakistan,Middle East & North Africa,Lower middle income,practical_priority_pool,66.85323875892492,0.879567851293731,0.05326508484088504,1.0,0.3104620322863317,0.25482741182653545,0.5024860268835796,1.0,49936921.0,2024,2014,14.237793743230732,59062641.1,2024,4.177199840545654,2023.0,unesco_uis_uis006_mor_5t8_40510,uis_estimate,57.253,5500.323948242852,0.3104620322863317,6,6,open_api_factual_only,False,False,False,False,False,True,,29.328389,68.545632
18,18,TUR,Türkiye,Europe & Central Asia,Upper middle income,practical_priority_pool,66.83903462891713,0.7579444379717729,0.0,1.0,0.5698097284634696,0.7982588039817146,0.8984455196826112,1.0,12851242.0,2024,2014,-1.858093492476376,15949219.75,2024,0.7259500026702881,2022.0,unesco_uis_uis006_mor_5t8_40510,uis_estimate,89.77024003,36154.49043655701,0.5698097284634696,6,6,open_api_factual_only,False,False,False,False,False,True,,39.345388,34.508268
19,19,CIV,Côte d'Ivoire,Sub-Saharan Africa,Lower middle income,practical_priority_pool,66.70200004069213,0.8661308251144189,0.08028820805756502,1.0,0.3736003025907182,0.31378246368652185,0.30983756330131457,1.0,6181505.0,2024,2014,32.96212663516505,7222595.75,2024,5.900400161743164,2023.0,unesco_uis_uis006_mor_5t8_40510,uis_estimate,41.43219902,6747.037967773879,0.3736003025907182,6,6,open_api_factual_only,False,False,False,False,False,True,,7.49139,-5.568618
20,20,UGA,Uganda,Sub-Saharan Africa,Low income,practical_priority_pool,66.68218756401333,0.9427618357095513,0.03999189461765538,1.0,0.3119546577244374,0.06809803380963148,0.0,1.0,10831001.0,2024,2014,38.94579267278133,12741217.25,2024,3.33080005645752,2014.0,unesco_uis_uis006_mor_5t8_40510,uis_estimate,8.949831061,2879.670092903761,0.3119546577244374,6,6,open_api_factual_only,False,False,False,False,False,True,,1.972589,32.948555
21,21,IDN,Indonesia,East Asia & Pacific,Upper middle income,practical_priority_pool,66.66427539264215,0.8252561767983912,0.0,1.0,0.4289149917586723,0.5339803688342266,0.6915661014119652,1.0,45267159.0,2024,2014,3.18351022654475,55182325.8,2024,0.7122600078582764,2023.0,unesco_uis_uis006_mor_5t8_40510,uis_estimate,72.78075544,14470.43720205784,0.4289149917586723,6,6,open_api_factual_only,False,False,False,False,False,True,,-0.954404,101.892949
22,22,IND,India,South Asia,Lower middle income,practical_priority_pool,66.5511548555709,0.8280261325067075,0.018324158173637785,1.0,0.4617024798830687,0.4220369142284111,0.6577050937555738,1.0,257366827.0,2024,2014,3.747290960851113,313378348.6,2024,1.949100017547607,2023.0,unesco_uis_uis006_mor_5t8_40510,uis_estimate,70.0,9818.042706866394,0.4617024798830687,6,6,open_api_factual_only,False,False,False,False,False,True,,22.686852,79.358105
23,23,MYS,Malaysia,East Asia & Pacific,Upper middle income,practical_priority_pool,66.45117786541492,0.7062610289017424,0.05269802602990326,1.0,0.7012816965404672,0.7815110858019436,0.9989094791784887,1.0,5920246.0,2024,2014,1.1784405905567619,7338030.4,2024,4.141039848327637,2023.0,unesco_uis_uis006_mor_5t8_40510,uis_estimate,98.0206059,34116.23178488853,0.7012816965404672,6,6,open_api_factual_only,False,False,False,False,False,True,,2.528667,113.83708
24,24,MRT,Mauritania,Sub-Saharan Africa,Lower middle income,practical_priority_pool,66.27414567141703,0.7399387130881541,0.376665103996515,1.0,0.4982481443333585,0.30224850964417743,0.362773035133286,1.0,1022376.0,2024,2014,39.541320842017335,1196945.4,2024,24.79965019226074,2020.0,unesco_uis_uis006_mor_5t8_40510,uis_estimate,45.77939987,6482.690167243336,0.4982481443333585,6,6,open_api_factual_only,False,False,False,False,False,True,,19.587062,-9.740299
25,25,MLI,Mali,Sub-Saharan Africa,Low income,practical_priority_pool,66.03584890975482,0.8762348708609422,0.15342281476205125,1.0,0.2906423628040874,0.07173361100320912,0.25344994051573566,1.0,4993956.0,2024,2014,46.76623582726456,5770075.95,2024,10.56402015686035,2015.0,unesco_uis_uis006_mor_5t8_40510,uis_estimate,36.80149841,2916.185295371537,0.2906423628040874,6,6,open_api_factual_only,False,False,False,False,False,True,,18.692713,-2.038455
26,26,KWT,Kuwait,Middle East & North Africa,High income,practical_priority_pool,65.92862822399222,0.6304611818573798,0.2969098933091742,1.0,0.5554035482218429,0.8686304087336145,1.0,1.0,524163.0,2024,2014,28.152199424961367,716897.55,2024,19.7138500213623,2021.0,unesco_uis_uis006_mor_5t8_40510,uis_estimate,100.0,46137.46742548454,0.5554035482218429,6,6,open_api_factual_only,False,False,False,False,False,True,,29.413628,47.313999
27,27,GHA,Ghana,Sub-Saharan Africa,Lower middle income,practical_priority_pool,65.75291399365472,0.8210346579253848,0.0409844026998016,1.0,0.4185634405434786,0.32668827931065697,0.6841983634942174,1.0,6620364.0,2024,2014,22.58389684261981,7827814.8,2024,3.394089937210083,2023.0,unesco_uis_uis006_mor_5t8_40510,uis_estimate,72.17569733,7055.624960093233,0.4185634405434786,6,6,open_api_factual_only,False,False,False,False,False,True,,7.717639,-1.036941
28,28,CMR,Cameroon,Sub-Saharan Africa,Lower middle income,practical_priority_pool,65.64323238615921,0.8545470911679325,0.11473970224427768,1.0,0.283845513334803,0.22247264526508445,0.36861065339629984,1.0,5777530.0,2024,2014,31.78651402700772,6790760.35,2024,8.0972900390625,2023.0,unesco_uis_uis006_mor_5t8_40510,uis_estimate,46.25880051,4916.9335401949365,0.283845513334803,6,6,open_api_factual_only,False,False,False,False,False,True,,4.585041,12.473488
29,29,BRA,Brazil,Latin America & Caribbean,Upper middle income,practical_priority_pool,65.46024420692619,0.7655128347886465,0.0013824882296029281,1.0,0.5116577487325465,0.6223197854484389,0.8338254883173031,1.0,30607316.0,2024,2014,-8.97630342211604,37974621.5,2024,0.8687700033187866,2023.0,unesco_uis_uis006_mor_5t8_40510,uis_estimate,84.46347227,19652.365499170355,0.5116577487325465,6,6,open_api_factual_only,False,False,False,False,False,True,,-12.098687,-49.55945
30,30,NER,Niger,Sub-Saharan Africa,Low income,practical_priority_pool,65.45871155414818,0.8852597462906855,0.13392419623125304,1.0,0.3816171374892317,0.0,0.0,1.0,5546972.0,2024,2014,55.114194208873066,6425975.9,2024,9.320639610290527,2019.0,unesco_uis_uis006_mor_5t8_40510,uis_estimate,15.55760002,1803.4369300531985,0.3816171374892317,6,6,open_api_factual_only,False,False,False,False,False,True,,17.446195,9.504356
31,31,GAB,Gabon,Sub-Saharan Africa,Upper middle income,practical_priority_pool,65.40324889333678,0.566973589677898,0.7232160526788657,1.0,0.4057631368093474,0.6114148274777661,0.6421296268096605,1.0,442479.0,2024,2014,18.193279892298776,528137.85,2024,46.89838027954102,2003.0,unesco_uis_uis006_mor_5t8_40510,uis_estimate,68.72090149,18923.66166116509,0.4057631368093474,6,6,open_api_factual_only,False,False,False,False,False,True,,-0.437739,11.835939
32,32,VNM,Viet Nam,East Asia & Pacific,Lower middle income,in_preparation_but_ranked,65.18194912428332,0.7029261422985533,0.06036225960613623,1.0,0.8190688663800925,0.5328769108904766,0.8300083648184685,1.0,13782041.0,2024,2014,-14.279205765804049,16800923.6,2024,4.629769802093506,2022.0,unesco_uis_uis006_mor_5t8_40510,uis_estimate,84.15,14415.215953281288,0.8190688663800925,6,6,open_api_factual_only,False,False,False,False,True,True,,21.715416,105.387292
33,33,BGD,Bangladesh,South Asia,Lower middle income,practical_priority_pool,65.1797635265477,0.8397801503690262,0.017855895150910357,1.0,0.3502269735021084,0.37998578739690597,0.45583279332087845,1.0,33163361.0,2024,2014,6.1396356476534075,39966252.2,2024,1.91923999786377,2023.0,unesco_uis_uis006_mor_5t8_40510,uis_estimate,53.42171316,8486.784956605168,0.3502269735021084,6,6,open_api_factual_only,False,False,False,False,False,True,,24.214956,89.684963
34,34,CHN,China,East Asia & Pacific,Upper middle income,practical_priority_pool,65.13250586201673,0.7320043851189068,0.01615785562631899,1.0,0.5652536283048547,0.6781377539646937,0.9207263414558229,1.0,162541313.0,2024,2014,-15.796419102506077,200552626.7,2024,1.810960054397583,2023.0,unesco_uis_uis006_mor_5t8_40510,uis_estimate,91.6,23845.619721725907,0.5652536283048547,6,6,open_api_factual_only,False,False,False,False,False,True,,32.498178,106.337289
35,35,SYR,Syrian Arab Republic,Middle East & North Africa,Low income,practical_priority_pool,65.11820499438011,0.8890644005802042,0.08602623034982888,1.0,0.1573071318777307,0.19399426147296603,0.21653566397824736,1.0,5798084.0,2024,2014,61.702182250611884,6850871.6,2024,6.266300201416016,2016.0,unesco_uis_uis006_mor_5t8_40510,uis_estimate,33.77000046,4454.853732714638,0.1573071318777307,6,6,open_api_factual_only,False,False,False,False,False,True,,35.006636,38.277783
36,36,ISR,Israel,Middle East & North Africa,High income,practical_priority_pool,65.06209061573888,0.6869631716171856,0.05973812327080194,1.0,0.6231727010092957,0.8760495383525537,0.879110806089267,1.0,1452034.0,2024,2014,21.831388299929767,1741297.15,2024,4.589970111846924,2023.0,unesco_uis_uis006_mor_5t8_40510,uis_estimate,88.18242225,47338.84246242046,0.6231727010092957,6,6,open_api_factual_only,False,False,False,False,False,True,,30.911148,34.847915
37,37,COG,"Congo, Rep.",Sub-Saharan Africa,Lower middle income,practical_priority_pool,64.97943902554864,0.7319981963882228,0.3883161574084954,1.0,0.3640702749812129,0.2885181725703383,0.38069986308246306,1.0,1213685.0,2024,2014,34.13359150252035,1417623.65,2024,25.54261016845703,2023.0,unesco_uis_uis006_mor_5t8_40510,uis_estimate,47.25159836,6181.4707163596695,0.3640702749812129,6,6,open_api_factual_only,False,False,False,False,False,True,,0.142331,15.9005
38,38,JOR,Jordan,Middle East & North Africa,Lower middle income,practical_priority_pool,64.52757121725271,0.7108170193104931,0.12803014359402132,1.0,0.5725650227981351,0.4131480621643256,0.9697073497131691,1.0,2132074.0,2024,2014,19.96801714155172,2572456.15,2024,8.94478988647461,2023.0,unesco_uis_uis006_mor_5t8_40510,uis_estimate,95.62244985,9520.250644974538,0.5725650227981351,6,6,open_api_factual_only,False,False,False,False,False,True,,30.805025,36.375991
39,39,KAZ,Kazakhstan,Europe & Central Asia,Upper middle income,practical_priority_pool,64.50898095731968,0.6516631402038662,0.15691627630823943,1.0,0.6080131954483511,0.7968140764103363,0.9425433760364282,1.0,2815650.0,2024,2014,3.064236107933671,3384917.55,2024,10.786789894104,2020.0,unesco_uis_uis006_mor_5t8_40510,uis_estimate,93.39167254,35973.96332870171,0.6080131954483511,6,6,open_api_factual_only,False,False,False,True,False,True,,49.054149,68.685548
40,40,ZMB,Zambia,Sub-Saharan Africa,Lower middle income,practical_priority_pool,64.34883111260079,0.8571398616455579,0.12624208339906212,1.0,0.3214288173172405,0.14104985961878452,0.013558749921819678,1.0,4408064.0,2024,2014,37.045998970926334,5180147.9,2024,8.830769538879395,2012.0,unesco_uis_uis006_mor_5t8_40510,uis_estimate,17.10099983,3708.069042956468,0.3214288173172405,6,6,open_api_factual_only,False,False,False,False,False,True,,-14.660804,26.395298
41,41,AFG,Afghanistan,Middle East & North Africa,Low income,practical_priority_pool,64.06633138808587,0.8875555322107094,0.10835730887530681,1.0,0.2437003431849984,0.0,0.0013087725163798839,1.0,9036125.0,2024,2014,30.682366266829852,10654361.9,2024,7.690299987792969,2020.0,unesco_uis_uis006_mor_5t8_40510,uis_estimate,16.09499931,1983.8126199290875,0.2437003431849984,6,6,open_api_factual_only,False,False,False,False,False,True,,34.164262,66.496586
42,42,ZWE,Zimbabwe,Sub-Saharan Africa,Lower middle income,practical_priority_pool,63.9319933088282,0.8066961901493115,0.18665958138149444,1.0,0.2405253542433007,0.2394699276519948,0.31240202485007945,1.0,3495553.0,2024,2014,30.835696362482178,4006745.35,2024,12.68344974517822,2015.0,unesco_uis_uis006_mor_5t8_40510,uis_estimate,41.64279938,5215.253010757424,0.2405253542433007,6,6,open_api_factual_only,False,False,False,False,False,True,,-18.91164,29.925444
43,43,BFA,Burkina Faso,Sub-Saharan Africa,Low income,practical_priority_pool,63.546690846920484,0.8675071199627855,0.04805005882688355,1.0,0.3260737276410185,0.03275601119236943,0.14935200481717573,1.0,4886925.0,2024,2014,37.352383270464685,5708464.8,2024,3.844650030136108,2023.0,unesco_uis_uis006_mor_5t8_40510,uis_estimate,28.25270081,2547.672328522092,0.3260737276410185,6,6,open_api_factual_only,False,False,False,False,False,True,,12.673048,-1.36388
44,44,PER,Peru,Latin America & Caribbean,Upper middle income,practical_priority_pool,63.30610449583334,0.735110977565387,0.013848532117366856,1.0,0.4718601515760938,0.5568128940651956,0.8033051316715479,1.0,5687656.0,2024,2014,7.751389173323697,6932632.75,2024,1.663699984550476,2017.0,unesco_uis_uis006_mor_5t8_40510,uis_estimate,81.95705992,15661.749771195591,0.4718601515760938,6,6,open_api_factual_only,False,False,False,False,False,True,,-12.976679,-72.90016
45,45,ARG,Argentina,Latin America & Caribbean,Upper middle income,practical_priority_pool,63.13261172865426,0.7153795145508174,0.0,1.0,0.4381999298609713,0.7115459407253574,0.89719022946837,1.0,7020489.0,2024,2014,0.053101408726496935,8591313.9,2024,0.3330599963665009,2023.0,unesco_uis_uis006_mor_5t8_40510,uis_estimate,89.66715228,26771.96576505708,0.4381999298609713,6,6,open_api_factual_only,False,False,False,False,False,True,,-33.501159,-64.173331
46,46,SAU,Saudi Arabia,Middle East & North Africa,High income,practical_priority_pool,63.059973971484226,0.6480787103039312,0.031532426732197145,1.0,0.550749959665261,0.9575866585417373,1.0,1.0,5021889.0,2024,2014,-7.785282962394402,6564811.65,2024,2.791359901428223,2022.0,unesco_uis_uis006_mor_5t8_40510,uis_estimate,100.0,62792.77414763707,0.550749959665261,6,6,open_api_factual_only,False,False,False,False,False,True,,23.806908,44.6996
47,47,MOZ,Mozambique,Sub-Saharan Africa,Low income,practical_priority_pool,63.02807288222415,0.8791825028954025,0.010975129673425942,1.0,0.3340279598613438,0.0,0.055280495947117196,1.0,6987363.0,2024,2014,33.47533413423287,8209406.85,2024,1.480469942092896,2018.0,unesco_uis_uis006_mor_5t8_40510,uis_estimate,20.52729988,1500.3142744635054,0.3340279598613438,6,6,open_api_factual_only,False,False,False,False,False,True,,-13.94323,37.83789
48,48,COL,Colombia,Latin America & Caribbean,Upper middle income,practical_priority_pool,63.01234925621409,0.7240945545828253,0.027106043407125253,1.0,0.457595518585694,0.6045243895822942,0.7715035865948734,1.0,8330230.0,2024,2014,-1.1649049471116335,10399224.25,2024,2.509099960327148,2022.0,unesco_uis_uis006_mor_5t8_40510,uis_estimate,79.34543299,18477.214666453576,0.457595518585694,6,6,open_api_factual_only,False,False,False,False,False,True,,3.373111,-73.174347
49,49,UZB,Uzbekistan,Europe & Central Asia,Lower middle income,practical_priority_pool,62.79527590926892,0.6283469641403344,0.32135977209277294,1.0,0.5018766301707536,0.4400451753100397,0.8952218138853884,1.0,5255075.0,2024,2014,-12.595208323145958,6524728.85,2024,21.2729606628418,2021.0,unesco_uis_uis006_mor_5t8_40510,uis_estimate,89.50550079,10450.205140285188,0.5018766301707536,6,6,open_api_factual_only,False,False,False,True,False,True,,41.693603,64.005429
50,50,ZAF,South Africa,Sub-Saharan Africa,Upper middle income,practical_priority_pool,62.73053666827839,0.7350809850054141,0.005199628991006855,1.0,0.4699045763092263,0.5160262564187118,0.7594748012913746,1.0,10462101.0,2024,2014,-2.9142157661077417,12972565.5,2024,1.11217999458313,2023.0,unesco_uis_uis006_mor_5t8_40510,uis_estimate,78.35759735,13597.653849599776,0.4699045763092263,6,6,open_api_factual_only,False,False,False,False,False,True,,-29.708776,23.665734
51,51,YEM,"Yemen, Rep.",Middle East & North Africa,Low income,practical_priority_pool,62.68110542607593,0.8207653931842884,0.06787955575887557,1.0,0.1649805042076306,0.5272813153470444,0.018307737244048196,1.0,7842369.0,2024,2014,19.56644338584892,9315391.8,2024,5.109129905700684,2011.0,unesco_uis_uis006_mor_5t8_40510,uis_estimate,17.49099922,14138.417778599354,0.1649805042076306,6,6,open_api_factual_only,False,False,False,False,False,True,,15.328226,45.874383
52,52,TKM,Turkmenistan,Europe & Central Asia,Upper middle income,practical_priority_pool,62.58775076191814,0.48605615922843737,0.9994289166739382,1.0,0.3190154652383035,0.6074009564910098,0.024387668215193326,1.0,1066750.0,2024,2014,-13.667032743806162,1359014.65,2024,64.5118179321289,2023.0,unesco_uis_uis006_mor_5t8_40510,uis_estimate,17.99029922,18662.29879905601,0.3190154652383035,6,6,open_api_factual_only,False,False,False,False,False,True,,39.855246,58.676647
53,53,THA,Thailand,East Asia & Pacific,Upper middle income,practical_priority_pool,62.58665586030424,0.6747002527892161,0.012469619738955509,1.0,0.6370168021995813,0.6514638448192323,0.9118029546270241,1.0,8935610.0,2024,2014,-12.445320029457907,11217782.75,2024,1.575770020484924,2023.0,unesco_uis_uis006_mor_5t8_40510,uis_estimate,90.86718789,21740.540321926088,0.6370168021995813,6,6,open_api_factual_only,False,False,False,False,False,True,,15.45974,101.073198
54,54,MAR,Morocco,Middle East & North Africa,Lower middle income,practical_priority_pool,62.426347252949434,0.6989502962556242,0.07164980553562948,1.0,0.5320500436332767,0.4021021486823075,0.9158555776095221,1.0,6121411.0,2024,2014,-0.8939667404285978,7409788.0,2024,5.349549770355225,2023.0,unesco_uis_uis006_mor_5t8_40510,uis_estimate,91.2,9162.7470703125,0.5320500436332767,6,6,open_api_factual_only,False,False,False,False,False,True,,31.650723,-7.187296
55,55,RWA,Rwanda,Sub-Saharan Africa,Low income,practical_priority_pool,62.1388630388478,0.7925594043166677,0.08277065787507085,1.0,0.4744095189286736,0.10430126085137414,0.19136964511891036,1.0,2951944.0,2024,2014,30.91467722400627,3441607.0,2024,6.058700084686279,2023.0,unesco_uis_uis006_mor_5t8_40510,uis_estimate,31.70330048,3264.6445147439244,0.4744095189286736,6,6,open_api_factual_only,False,False,False,False,False,True,,-1.897196,30.103894
56,56,BEN,Benin,Sub-Saharan Africa,Lower middle income,practical_priority_pool,62.09206359428174,0.7895015504515203,0.11201794258636134,1.0,0.3767356647656966,0.15570956587821508,0.219139069232269,1.0,2840156.0,2024,2014,30.967501554000833,3347774.9,2024,7.92372989654541,2022.0,unesco_uis_uis006_mor_5t8_40510,uis_estimate,33.98379898,3901.3258849439226,0.3767356647656966,6,6,open_api_factual_only,False,False,False,False,False,True,,10.324775,2.352018
57,57,IRN,"Iran, Islamic Rep.",Middle East & North Africa,Upper middle income,practical_priority_pool,62.04681551862843,0.6989074341114089,0.0283224908526341,1.0,0.4673483119379239,0.5885803996194782,0.8445037665488967,1.0,12177676.0,2024,2014,-12.932548814087319,14952535.75,2024,2.586669921875,2022.0,unesco_uis_uis006_mor_5t8_40510,uis_estimate,85.3404007,17484.13201404669,0.4673483119379239,6,6,open_api_factual_only,False,False,False,False,False,True,,32.166225,54.931495
58,58,SDN,Sudan,Sub-Saharan Africa,Low income,practical_priority_pool,61.9292434336092,0.895759003544859,0.017285699431574597,1.0,0.0921842861160653,0.0,0.031811944133132646,1.0,10241791.0,2024,2014,30.161494033317048,12114334.6,2024,1.882879972457886,2015.0,unesco_uis_uis006_mor_5t8_40510,uis_estimate,18.60000038,1861.39794921875,0.0921842861160653,6,6,open_api_factual_only,False,False,False,False,False,True,,16.330746,29.260657
59,59,OMN,Oman,Middle East & North Africa,High income,practical_priority_pool,61.53516340442353,0.5812189479637426,0.20389011422299513,1.0,0.5668400635758202,0.8027467237199878,0.9651933319354974,1.0,716510.0,2024,2014,12.662525020480242,967899.8,2024,13.78219985961914,2023.0,unesco_uis_uis006_mor_5t8_40510,uis_estimate,95.25174678,36721.08046341856,0.5668400635758202,6,6,open_api_factual_only,False,False,False,False,False,True,,22.120427,57.336553
60,60,MDG,Madagascar,Sub-Saharan Africa,Low income,practical_priority_pool,61.255843403244505,0.8448004867127292,0.038445967106738685,1.0,0.28370518696762,0.0,0.032760524539816045,1.0,6450751.0,2024,2014,27.874988898967914,7663601.35,2024,3.232219934463501,2023.0,unesco_uis_uis006_mor_5t8_40510,uis_estimate,18.67790031,1657.0497062296852,0.28370518696762,6,6,open_api_factual_only,False,False,False,False,False,True,,-18.628288,46.704241
61,61,DZA,Algeria,Middle East & North Africa,Upper middle income,practical_priority_pool,61.180776489572494,0.7024040110874936,0.024391028662999827,1.0,0.4193850549129307,0.5538525163060479,0.7480309848625197,1.0,6559911.0,2024,2014,-1.401055894786285,7930124.1,2024,2.335969924926758,2023.0,unesco_uis_uis006_mor_5t8_40510,uis_estimate,77.4178009,15501.919700396596,0.4193850549129307,6,6,open_api_factual_only,False,False,False,False,False,True,,27.397406,2.808241
62,62,LKA,Sri Lanka,South Asia,Lower middle income,practical_priority_pool,61.13902973735505,0.6789019886409793,0.17014148192859083,1.0,0.4344529145989219,0.5193012685583208,0.4700589165768313,1.0,3511375.0,2024,2014,4.746218158506976,4250397.4,2024,11.63012981414795,2023.0,unesco_uis_uis006_mor_5t8_40510,uis_estimate,54.59,13752.83674038602,0.4344529145989219,6,6,open_api_factual_only,False,False,False,False,False,True,,7.581097,80.704823
63,63,GIN,Guinea,Sub-Saharan Africa,Lower middle income,practical_priority_pool,60.90355229357945,0.7595669890791895,0.08890778165164523,1.0,0.4593298688795756,0.1640934107427518,0.21086972942513524,1.0,2993330.0,2024,2014,23.956086367948725,3553993.55,2024,6.450049877166748,2014.0,unesco_uis_uis006_mor_5t8_40510,uis_estimate,33.30469894,4016.341913860717,0.4593298688795756,6,6,open_api_factual_only,False,False,False,False,False,True,,10.618516,-10.016402
64,64,BDI,Burundi,Sub-Saharan Africa,Low income,practical_priority_pool,60.88404510415803,0.8266602852291696,0.0783623033605864,1.0,0.2871542486162693,0.0,0.0,1.0,2804770.0,2024,2014,39.33013717071552,3224161.0,2024,5.777589797973633,2023.0,unesco_uis_uis006_mor_5t8_40510,uis_estimate,8.595999718,1051.25931339275,0.2871542486162693,6,6,open_api_factual_only,False,False,False,False,False,True,,-3.332836,29.917086
65,65,GTM,Guatemala,Latin America & Caribbean,Upper middle income,practical_priority_pool,60.09574051629457,0.7086827622395867,0.0,1.0,0.442157021387162,0.4949697187889629,0.5386319801210393,1.0,3743885.0,2024,2014,9.686230322377254,4515685.4,2024,0.7797600030899048,2023.0,unesco_uis_uis006_mor_5t8_40510,uis_estimate,60.22140121,12640.887502314612,0.442157021387162,6,6,open_api_factual_only,False,False,False,False,False,True,,14.982133,-90.497134
66,66,NPL,Nepal,South Asia,Lower middle income,practical_priority_pool,60.0050931284797,0.6811504440619518,0.28078305867799486,1.0,0.3246935564766828,0.2299962537878196,0.3693790029984532,1.0,5838116.0,2024,2014,-3.6880889047847476,7033569.8,2024,18.68548011779785,2023.0,unesco_uis_uis006_mor_5t8_40510,uis_estimate,46.32189941,5046.815929729462,0.3246935564766828,6,6,open_api_factual_only,False,False,False,False,False,True,,28.297925,83.639914
67,67,GNB,Guinea-Bissau,Sub-Saharan Africa,Low income,practical_priority_pool,59.92934147039337,0.6207808648165818,0.6359375860867995,1.0,0.2148002501475922,0.05420373009997529,0.1679181175987214,1.0,447553.0,2024,2014,28.945480527936795,528657.4,2024,41.33283996582031,2006.0,unesco_uis_uis006_mor_5t8_40510,uis_estimate,29.77739906,2744.27981043716,0.2148002501475922,6,6,open_api_factual_only,False,False,False,False,False,True,,12.163712,-14.52413
68,68,BTN,Bhutan,South Asia,Lower middle income,practical_priority_pool,59.73562139172097,0.3279249849011574,1.0,1.0,0.5564552262842486,0.5367563655106119,0.916798035831358,1.0,140680.0,2024,2014,-10.419439261858221,174171.25,2024,94.57029724121094,2023.0,unesco_uis_uis006_mor_5t8_40510,uis_estimate,91.27739716,14610.29591195358,0.5564552262842486,6,6,open_api_factual_only,False,False,False,False,False,True,,27.536685,90.040294
69,69,TGO,Togo,Sub-Saharan Africa,Low income,practical_priority_pool,59.66808935729687,0.7482196717297803,0.08786289579937885,1.0,0.4062760895681501,0.07611193408145417,0.28610477924596855,1.0,1854989.0,2024,2014,30.01563701381398,2180766.05,2024,6.383419990539551,2020.0,unesco_uis_uis006_mor_5t8_40510,uis_estimate,39.48320007,2960.7754256910853,0.4062760895681501,6,6,open_api_factual_only,False,False,False,False,False,True,,8.80722,1.058113
70,70,ECU,Ecuador,Latin America & Caribbean,Upper middle income,practical_priority_pool,59.32890819927359,0.66825584235525,0.04022853490792913,1.0,0.3942015270651699,0.5231100226323339,0.7450467926672147,1.0,3134468.0,2024,2014,4.565326390929858,3829670.75,2024,3.345890045166016,2023.0,unesco_uis_uis006_mor_5t8_40510,uis_estimate,77.17273115,13935.539112540237,0.3942015270651699,6,6,open_api_factual_only,False,False,False,False,False,True,,-1.259076,-78.188375
71,71,COM,Comoros,Sub-Saharan Africa,Lower middle income,practical_priority_pool,59.02439759707752,0.47280136257842886,1.0,1.0,0.2301914696485887,0.12294355091663821,0.20128410136688382,1.0,166105.0,2024,2014,16.162216596500546,195297.4,2024,102.3247985839844,2014.0,unesco_uis_uis006_mor_5t8_40510,uis_estimate,32.51750183,3482.534860374781,0.2301914696485887,6,6,open_api_factual_only,False,False,False,False,False,True,,-11.727683,43.318094
72,72,LBY,Libya,Middle East & North Africa,Upper middle income,practical_priority_pool,58.80744580525983,0.657782928861288,0.0,1.0,0.467902303909151,0.4936641958639911,0.803273938934569,1.0,1283129.0,2024,2014,18.055092971689856,1529877.05,2024,0.7053200006484985,2003.0,unesco_uis_uis006_mor_5t8_40510,uis_estimate,81.95449829,12583.83387268161,0.467902303909151,6,6,open_api_factual_only,False,False,False,False,False,True,,26.638944,18.011015
73,73,VEN,"Venezuela, RB",Latin America & Caribbean,,practical_priority_pool,58.70548349779862,0.6495550308378171,8.907473733618187e-06,1.0,0.4068795894006192,0.6694031363714056,0.7390334757236607,1.0,5040438.0,2024,2014,-7.549283963560704,5867017.8,2024,0.7811800241470337,2009.0,unesco_uis_uis006_mor_5t8_40510,uis_estimate,76.67890167,23134.759094596546,0.4068795894006192,6,6,open_api_factual_only,False,False,False,False,False,True,,7.182476,-64.599381
74,74,DOM,Dominican Republic,Latin America & Caribbean,Upper middle income,practical_priority_pool,58.54967003897246,0.6000209264555586,0.0040393224839832195,1.0,0.5917118420221565,0.6827516180604597,0.913447527977695,1.0,1941024.0,2024,2014,-0.9408209102614529,2355600.0,2024,1.038190007209778,2023.0,unesco_uis_uis006_mor_5t8_40510,uis_estimate,91.0022446,24229.889487291515,0.5917118420221565,6,6,open_api_factual_only,False,False,False,False,False,True,,19.104137,-70.653998
75,75,SLE,Sierra Leone,Sub-Saharan Africa,Low income,practical_priority_pool,58.43873783853953,0.7452775952699422,0.1430390125032243,1.0,0.2383266989395772,0.089254893275706,0.11102273095499711,1.0,1783846.0,2024,2014,30.10080765735608,2108344.15,2024,9.901869773864746,2002.0,unesco_uis_uis006_mor_5t8_40510,uis_estimate,25.10499954,3098.762906096628,0.2383266989395772,6,6,open_api_factual_only,False,False,False,False,False,True,,8.617449,-11.763677
76,76,CHL,Chile,Latin America & Caribbean,High income,practical_priority_pool,58.36937561013145,0.5795192485540167,0.01196763962500504,1.0,0.6059672224590582,0.7461554149185371,0.9693151698117111,1.0,2542694.0,2024,2014,-9.836071968196636,3237690.2,2024,1.543759942054749,2023.0,unesco_uis_uis006_mor_5t8_40510,uis_estimate,95.590243,30182.78712247137,0.6059672224590582,6,6,open_api_factual_only,False,False,False,False,False,True,,-38.151771,-72.318871
77,77,GMB,"Gambia, The",Sub-Saharan Africa,Low income,practical_priority_pool,58.13939467216896,0.6210943848083806,0.38204024693573563,1.0,0.3534460918782277,0.0854044253077597,0.4080090484764465,1.0,561649.0,2024,2014,25.037623780009977,664113.55,2024,25.14241027832031,2012.0,unesco_uis_uis006_mor_5t8_40510,uis_estimate,49.49430084,3057.6841774689096,0.3534460918782277,6,6,open_api_factual_only,False,False,False,False,False,True,,13.641721,-14.998318
78,78,KHM,Cambodia,East Asia & Pacific,Lower middle income,practical_priority_pool,57.731691575673594,0.6288567749519307,0.035353334400831854,1.0,0.6522526428661232,0.32477038638235683,0.6391390041101565,1.0,3031529.0,2024,2014,-2.869697974589047,3625191.95,2024,3.035010099411011,2023.0,unesco_uis_uis006_mor_5t8_40510,uis_estimate,68.47530365,7008.889345517265,0.6522526428661232,6,6,open_api_factual_only,False,False,False,False,False,True,,12.647584,104.50487
79,79,AZE,Azerbaijan,Europe & Central Asia,Upper middle income,practical_priority_pool,57.60055040313408,0.5117491328072173,0.2738431854720623,1.0,0.506583344341208,0.6558327828794719,0.9109848358034275,1.0,1403449.0,2024,2014,-13.235431399714503,1739091.85,2024,18.24294090270996,2023.0,unesco_uis_uis006_mor_5t8_40510,uis_estimate,90.80000181,22072.14911571765,0.506583344341208,6,6,open_api_factual_only,False,False,False,False,False,True,,40.402387,47.210994
80,80,PAN,Panama,Latin America & Caribbean,High income,practical_priority_pool,57.22886766423547,0.567318057595096,0.029732140446275503,1.0,0.6025508150461166,0.800171739995106,0.6914533942501746,1.0,723448.0,2024,2014,9.664676340892942,879671.35,2024,2.676559925079346,2022.0,unesco_uis_uis006_mor_5t8_40510,uis_estimate,72.77149963,36394.91752911465,0.6025508150461166,6,6,open_api_factual_only,False,False,False,False,False,True,,8.72198,-80.352106
81,81,MMR,Myanmar,East Asia & Pacific,Lower middle income,practical_priority_pool,57.12131240277243,0.7236448753560432,0.006004896546439375,1.0,0.2438859340810682,0.2428278283396539,0.35873396188519413,1.0,8899146.0,2024,2014,-2.411896626954735,10875643.2,2024,1.163529992103577,2018.0,unesco_uis_uis006_mor_5t8_40510,uis_estimate,45.4477005,5276.294339878527,0.2438859340810682,6,6,open_api_factual_only,False,False,False,False,False,True,,21.573855,95.804497
82,82,HND,Honduras,Latin America & Caribbean,Lower middle income,practical_priority_pool,56.97180232951352,0.6649512292683368,0.02003035216440318,1.0,0.4357834482037299,0.30680478309387865,0.519164736818279,1.0,2120899.0,2024,2014,10.724672939449365,2565364.0,2024,2.057899951934814,2019.0,unesco_uis_uis006_mor_5t8_40510,uis_estimate,58.62269974,6585.855357178611,0.4357834482037299,6,6,open_api_factual_only,False,False,False,False,False,True,,14.794801,-86.887604
83,83,KGZ,Kyrgyz Republic,Europe & Central Asia,Lower middle income,practical_priority_pool,56.87596013605104,0.5700956811107006,0.07758997334287061,1.0,0.6834317985908639,0.32641675533246084,0.9259453965770993,1.0,1138223.0,2024,2014,2.303627651800788,1382872.25,2024,5.728340148925781,2023.0,unesco_uis_uis006_mor_5t8_40510,uis_estimate,92.0286026,7048.989521112644,0.6834317985908639,6,6,open_api_factual_only,False,False,False,False,False,True,,41.66854,74.532637
84,84,ERI,Eritrea,Sub-Saharan Africa,Low income,practical_priority_pool,56.73293729388368,0.644137747285532,0.29654246749539404,1.0,0.3667324023168418,0.1412518718576729,0.0,1.0,785494.0,2024,2014,23.86095929508305,919374.4,2024,19.69042015075684,2016.0,unesco_uis_uis006_mor_5t8_40510,uis_estimate,14.34939957,3710.665991204799,0.3667324023168418,6,6,open_api_factual_only,False,False,False,False,False,True,,15.787401,38.285566
85,85,LBR,Liberia,Sub-Saharan Africa,Low income,practical_priority_pool,56.14202600322755,0.7359119322610671,0.014784273001016816,1.0,0.289821596773285,0.0,0.19782706199291109,1.0,1170541.0,2024,2014,35.563224913574956,1363315.15,2024,1.723369956016541,2012.0,unesco_uis_uis006_mor_5t8_40510,uis_estimate,32.23360062,1646.0586136660083,0.289821596773285,6,6,open_api_factual_only,False,False,False,False,False,True,,6.447177,-9.460379
86,86,BHR,Bahrain,Middle East & North Africa,High income,practical_priority_pool,55.80431512851591,0.4514837294734775,0.1220314924489103,1.0,0.7053965817711965,0.9390753535816492,1.0,1.0,194891.0,2024,2014,9.028100227688496,260370.95,2024,8.562270164489746,2023.0,unesco_uis_uis006_mor_5t8_40510,uis_estimate,100.0,58891.83048607366,0.7053965817711965,6,6,open_api_factual_only,False,False,False,False,False,True,,26.055972,50.554816
87,87,TUN,Tunisia,Middle East & North Africa,Lower middle income,practical_priority_pool,55.631026577097764,0.5451943233683861,0.13822716707605318,1.0,0.5280217833089847,0.49801357399297835,0.7368550062579636,1.0,1683140.0,2024,2014,-9.606625503419142,2061932.9,2024,9.595029830932615,2023.0,unesco_uis_uis006_mor_5t8_40510,uis_estimate,76.5,12774.915856802114,0.5280217833089847,6,6,open_api_factual_only,False,False,False,False,False,True,,33.687263,9.007881
88,88,TJK,Tajikistan,Europe & Central Asia,Lower middle income,practical_priority_pool,55.38358072226755,0.6188115946332519,0.10444984272597743,1.0,0.444469835045279,0.21286573290797178,0.4847126072948147,1.0,1807132.0,2024,2014,4.133816297624637,2199818.65,2024,7.4411301612854,2017.0,unesco_uis_uis006_mor_5t8_40510,uis_estimate,55.79339981,4755.932967047187,0.444469835045279,6,6,open_api_factual_only,False,False,False,False,False,True,,38.199835,72.587276
89,89,SYC,Seychelles,Sub-Saharan Africa,High income,practical_priority_pool,55.32323222529823,0.1821018638457885,1.0,1.0,0.7871702145593922,0.7370140334830739,0.8746732789088064,1.0,16630.0,2024,2014,-2.75422489912871,21392.35,2024,71.39541625976562,2023.0,unesco_uis_uis006_mor_5t8_40510,uis_estimate,87.81800079,29241.77580488251,0.7871702145593922,6,6,open_api_factual_only,False,False,False,False,False,True,,-4.676659,55.480175
90,90,LAO,Lao PDR,East Asia & Pacific,Lower middle income,practical_priority_pool,55.270300593337105,0.5958396521747615,0.10687881928570195,1.0,0.3811474363154814,0.38382105413058537,0.6040377651801073,1.0,1451438.0,2024,2014,3.2918155797611925,1762380.8,2024,7.596020221710205,2023.0,unesco_uis_uis006_mor_5t8_40510,uis_estimate,65.59269714,8600.324546655535,0.3811474363154814,6,6,open_api_factual_only,False,False,False,False,False,True,,19.431821,102.533912
91,91,CAF,Central African Republic,Sub-Saharan Africa,Low income,practical_priority_pool,55.09474971092685,0.6793715651269457,0.24966005232565783,1.0,0.1414513271711286,0.0,0.0,1.0,1196006.0,2024,2014,23.678912127401052,1375159.55,2024,16.70083999633789,2012.0,unesco_uis_uis006_mor_5t8_40510,uis_estimate,13.78250027,1111.2194163888284,0.1414513271711286,6,6,open_api_factual_only,False,False,False,False,False,True,,6.989681,20.906897
92,92,SUR,Suriname,Latin America & Caribbean,Upper middle income,practical_priority_pool,55.09356494252049,0.4077167530172341,0.47520632036050153,1.0,0.491798211733219,0.6152845312910582,0.8695833210696634,1.0,109619.0,2024,2014,10.184245177761909,132598.25,2024,31.08338928222656,2022.0,unesco_uis_uis006_mor_5t8_40510,uis_estimate,87.4,19179.101832163906,0.491798211733219,6,6,open_api_factual_only,False,False,False,False,False,True,,4.143987,-55.91094
93,93,SWZ,Eswatini,Sub-Saharan Africa,Lower middle income,practical_priority_pool,54.733585886646495,0.4326293997279786,0.535388120246826,1.0,0.4497174894137282,0.43811085865467186,0.5773752272651226,1.0,248982.0,2024,2014,0.9066039838699913,297349.8,2024,34.92103958129883,2013.0,unesco_uis_uis006_mor_5t8_40510,uis_estimate,63.40309906,10380.396663051582,0.4497174894137282,6,6,open_api_factual_only,False,False,False,False,False,True,,-26.533676,31.467264
94,94,TTO,Trinidad and Tobago,Latin America & Caribbean,High income,practical_priority_pool,54.684645795073784,0.3649361330091083,0.5139246978599137,1.0,0.5519909223056506,0.762669394312493,0.8057750586348945,1.0,189117.0,2024,2014,-8.061293443332252,233868.6,2024,33.5523681640625,2004.0,unesco_uis_uis006_mor_5t8_40510,uis_estimate,82.15989685,31960.156888898287,0.5519909223056506,6,6,open_api_factual_only,False,False,False,False,False,True,,10.9989,-60.9184
95,95,GUY,Guyana,Latin America & Caribbean,High income,practical_priority_pool,54.562381162624796,0.35363296628017044,0.2856270433950477,1.0,0.887528209762145,0.9910692969924729,0.8160146735608774,1.0,143772.0,2024,2014,-5.567232410277967,177767.7,2024,18.99436950683594,2012.0,unesco_uis_uis006_mor_5t8_40510,uis_estimate,83.00080109,70516.7215064805,0.887528209762145,6,6,open_api_factual_only,False,False,False,False,False,True,,5.124317,-58.942643
96,96,VUT,Vanuatu,East Asia & Pacific,Lower middle income,practical_priority_pool,54.064260907203895,0.3731504512988767,1.0,1.0,0.3150967426234123,0.09599913163501717,0.07749240286566572,1.0,57824.0,2024,2014,14.335429271957922,68911.55,2024,89.06192016601562,2004.0,unesco_uis_uis006_mor_5t8_40510,uis_estimate,22.35140038,3172.047727513907,0.3150967426234123,6,6,open_api_factual_only,False,False,False,False,False,True,,-15.37153,166.908762
97,97,PRY,Paraguay,Latin America & Caribbean,Upper middle income,practical_priority_pool,54.050630659535514,0.5345640246299641,0.04663727232488818,1.0,0.4964777635690517,0.5682750400716321,0.7986901804642238,1.0,1166001.0,2024,2014,-5.349993668358355,1435004.25,2024,3.754559993743896,2010.0,unesco_uis_uis006_mor_5t8_40510,uis_estimate,81.57806793,16296.283618926347,0.4964777635690517,6,6,open_api_factual_only,False,False,False,False,False,True,,-21.674509,-60.146394
98,98,BWA,Botswana,Sub-Saharan Africa,Upper middle income,practical_priority_pool,53.74219040629128,0.5439206234075475,0.06846465085817627,1.0,0.4802886993072724,0.5980688292188704,0.5050005631029199,1.0,491262.0,2024,2014,11.672027550776853,602216.25,2024,5.146440029144287,2023.0,unesco_uis_uis006_mor_5t8_40510,uis_estimate,57.45950036,18068.505071428324,0.4802886993072724,6,6,open_api_factual_only,False,False,False,False,False,True,,-22.102634,24.179216
99,99,BLR,Belarus,Europe & Central Asia,Upper middle income,practical_priority_pool,53.558463191824714,0.44921948030355735,0.12405979720071444,1.0,0.6112280358887561,0.7350252899904476,0.953139098595669,1.0,917149.0,2024,2014,-18.52177922367513,1123717.0,2024,8.691610336303711,2023.0,unesco_uis_uis006_mor_5t8_40510,uis_estimate,94.26182128,29040.97257904249,0.6112280358887561,6,6,open_api_factual_only,False,False,False,False,False,True,,53.821888,28.417701
100,100,MNG,Mongolia,East Asia & Pacific,Upper middle income,practical_priority_pool,53.45287214236417,0.45241309802275564,0.17506138057558288,1.0,0.6496287559303817,0.5777924841487052,0.8418625499204435,1.0,486942.0,2024,2014,-6.798402177387408,592423.8,2024,11.94386005401611,2023.0,unesco_uis_uis006_mor_5t8_40510,uis_estimate,85.12349701,16842.650587379678,0.6496287559303817,6,6,open_api_factual_only,False,False,False,False,False,True,,45.997488,104.150405
101,101,NAM,Namibia,Sub-Saharan Africa,Lower middle income,practical_priority_pool,53.181446107025565,0.5402126082886083,0.07008129901452252,1.0,0.5070349055972398,0.43534354324448504,0.5952936010294915,1.0,544687.0,2024,2014,9.111760593428308,660256.0,2024,5.249529838562012,2022.0,unesco_uis_uis006_mor_5t8_40510,uis_estimate,64.87460327,10281.335640298836,0.5070349055972398,6,6,open_api_factual_only,False,False,False,False,False,True,,-20.575298,17.108166
102,102,CRI,Costa Rica,Latin America & Caribbean,High income,practical_priority_pool,53.00423103465268,0.47628393655041545,0.01468453688802943,1.0,0.6507103841930042,0.7137097405725102,0.8667850249860871,1.0,739107.0,2024,2014,-9.238412995079448,919039.5,2024,1.717010021209717,2019.0,unesco_uis_uis006_mor_5t8_40510,uis_estimate,87.17019653,26973.436158071898,0.6507103841930042,6,6,open_api_factual_only,False,False,False,False,False,True,,10.0651,-84.077922
103,103,LBN,Lebanon,Middle East & North Africa,Lower middle income,practical_priority_pool,52.86851285776788,0.5066322797530094,0.16488082305826013,1.0,0.3712185176659572,0.4633800043993516,0.7871943833653704,1.0,998526.0,2024,2014,-8.32314218035587,1186632.3,2024,11.29467010498047,2023.0,unesco_uis_uis006_mor_5t8_40510,uis_estimate,80.63400269,11330.26873874222,0.3712185176659572,6,6,open_api_factual_only,False,False,False,False,False,True,,34.133368,35.992892
104,104,NIC,Nicaragua,Latin America & Caribbean,Lower middle income,practical_priority_pool,52.85908820515169,0.5749275373395643,0.022372605733340555,1.0,0.4300294469241124,0.35046642706873693,0.5529288771586771,1.0,1271040.0,2024,2014,1.3567501790233916,1543408.8,2024,2.207259893417358,2023.0,unesco_uis_uis006_mor_5t8_40510,uis_estimate,61.39550018,7661.602027228183,0.4300294469241124,6,6,open_api_factual_only,False,False,False,False,False,True,,12.670697,-85.069347
105,105,STP,São Tomé and Principe,Sub-Saharan Africa,Lower middle income,practical_priority_pool,52.735009919840714,0.4554265026802795,0.41856881563893567,1.0,0.4549623000144834,0.25435349835272564,0.5251910863428874,1.0,49704.0,2024,2014,33.72793801119243,57312.6,2024,27.47175025939941,2015.0,unesco_uis_uis006_mor_5t8_40510,uis_estimate,59.11759949,5491.29829852275,0.4549623000144834,6,6,open_api_factual_only,False,False,False,False,False,True,,0.9709,7.021
106,106,SRB,Serbia,Europe & Central Asia,Upper middle income,practical_priority_pool,52.451803872235004,0.44696635622456404,0.07844855899315632,1.0,0.6347779387473644,0.7129320636801143,0.8731233062641729,1.0,689686.0,2024,2014,-13.995124171514439,858017.95,2024,5.783090114593506,2023.0,unesco_uis_uis006_mor_5t8_40510,uis_estimate,87.69071294,26900.853091322973,0.6347779387473644,6,6,open_api_factual_only,False,False,False,False,False,True,,44.189919,20.787989
107,107,URY,Uruguay,Latin America & Caribbean,High income,practical_priority_pool,52.173174710636516,0.44869708448797,0.03103076442183438,1.0,0.619950383437264,0.7633784580718707,0.9254886098898311,1.0,476397.0,2024,2014,-7.171820897383685,589942.35,2024,2.759370088577271,2023.0,unesco_uis_uis006_mor_5t8_40510,uis_estimate,91.99109007,32038.772728822725,0.619950383437264,6,6,open_api_factual_only,False,False,False,False,False,True,,-32.961127,-55.966942
108,108,QAT,Qatar,Middle East & North Africa,High income,practical_priority_pool,51.93804662986058,0.35966553004714874,0.1923772193777561,1.0,0.6097425706991841,1.0,0.9996985129663917,1.0,279830.0,2024,2014,-15.98689800317642,437907.35,2024,13.04804992675781,2023.0,unesco_uis_uis006_mor_5t8_40510,uis_estimate,98.08540344,110889.79270169129,0.6097425706991841,6,6,open_api_factual_only,False,False,False,False,False,True,,25.237383,51.143509
109,109,PRK,"Korea, Dem. People's Rep.",East Asia & Pacific,Low income,practical_priority_pool,51.674616841973055,0.585104939580768,0.0,1.0,0.4154841763654645,0.5159160753351565,0.0,1.0,3440799.0,2024,2014,-13.989572157490516,4321356.75,2024,0.2425100058317184,2018.0,unesco_uis_uis006_mor_5t8_40510,uis_estimate,0.0,13592.463593743454,0.4154841763654645,6,6,open_api_factual_only,False,False,False,False,False,True,,39.885252,126.444516
110,110,CUB,Cuba,Latin America & Caribbean,Upper middle income,practical_priority_pool,51.47416959897838,0.48276261500629947,0.011298021857403875,1.0,0.5605997362201715,0.6694031363714056,0.6635134477387844,1.0,1240677.0,2024,2014,-16.979085461535114,1541353.95,2024,1.501060009002686,2023.0,unesco_uis_uis006_mor_5t8_40510,uis_estimate,70.47699738,23134.759094596546,0.5605997362201715,6,6,open_api_factual_only,False,False,False,False,False,True,,21.334024,-77.975855
111,111,GEO,Georgia,Europe & Central Asia,Upper middle income,practical_priority_pool,51.02366496697995,0.4144933408326018,0.07488310932605348,1.0,0.7069151348149068,0.6904386003803465,0.8257288738329196,1.0,443422.0,2024,2014,-12.878901000447962,544676.95,2024,5.555729866027832,2023.0,unesco_uis_uis006_mor_5t8_40510,uis_estimate,83.79855689,24883.908116163868,0.7069151348149068,6,6,open_api_factual_only,False,False,False,False,False,True,,41.870087,43.735724
112,112,TLS,Timor-Leste,East Asia & Pacific,Lower middle income,practical_priority_pool,50.571691817167974,0.567363457126324,0.0814163659275426,1.0,0.3803885278930964,0.15494169033354657,0.23202468521626213,1.0,304289.0,2024,2014,24.821150217409137,358924.4,2024,5.972340106964111,2023.0,unesco_uis_uis006_mor_5t8_40510,uis_estimate,35.04199982,3890.9576343418657,0.3803885278930964,6,6,open_api_factual_only,False,False,False,False,False,True,,-8.803705,125.854679
113,113,SLV,El Salvador,Latin America & Caribbean,Upper middle income,practical_priority_pool,50.46264858909443,0.496991248674933,0.027598141698930864,1.0,0.4851196547833567,0.47188353748391687,0.6148143562486346,1.0,1160718.0,2024,2014,-12.917913633495658,1444299.0,2024,2.540479898452759,2023.0,unesco_uis_uis006_mor_5t8_40510,uis_estimate,66.47769928,11669.0817135644,0.4851196547833567,6,6,open_api_factual_only,False,False,False,False,False,True,,13.685371,-88.890124
114,114,LSO,Lesotho,Sub-Saharan Africa,Lower middle income,practical_priority_pool,50.296829105292964,0.4932373861597332,0.2100860578353559,1.0,0.5338824772282018,0.043057881421605854,0.4360439413963381,1.0,462076.0,2024,2014,2.427486838459414,553422.4,2024,14.17730045318604,2018.0,unesco_uis_uis006_mor_5t8_40510,uis_estimate,51.79660034,2640.2854455253578,0.5338824772282018,6,6,open_api_factual_only,False,False,False,False,False,True,,-29.480158,28.246639
115,115,BIH,Bosnia and Herzegovina,Europe & Central Asia,Upper middle income,practical_priority_pool,50.12090168469185,0.3524463851599345,0.3008564006945373,1.0,0.5575553791586676,0.6348965423194314,0.8537644320991528,1.0,332130.0,2024,2014,-20.45304854536353,409211.4,2024,19.96550941467285,2023.0,unesco_uis_uis006_mor_5t8_40510,uis_estimate,86.10091103,20527.6935527158,0.5575553791586676,6,6,open_api_factual_only,False,False,False,False,False,True,,44.091051,18.06841
116,116,MDA,Moldova,Europe & Central Asia,Upper middle income,practical_priority_pool,49.619851012598964,0.3444619978560547,0.36229511750911597,1.0,0.5240159122567976,0.5696941419630179,0.7474342724544731,1.0,336570.0,2024,2014,-31.14530739834538,407166.0,2024,23.88331031799316,2023.0,unesco_uis_uis006_mor_5t8_40510,uis_estimate,77.3687973,16376.61137042646,0.5240159122567976,6,6,open_api_factual_only,False,False,False,False,False,True,,47.434999,28.487904
117,117,MUS,Mauritius,Sub-Saharan Africa,Upper middle income,practical_priority_pool,49.093681960740184,0.3365542263570243,0.21454363825614342,1.0,0.7117125532074259,0.7246049853327194,0.6979855232837375,1.0,178854.0,2024,2014,-12.862112309626117,222944.1,2024,14.46154975891113,2022.0,unesco_uis_uis006_mor_5t8_40510,uis_estimate,73.30793533,28011.15798062992,0.7117125532074259,6,6,open_api_factual_only,False,False,False,False,False,True,,-20.299506,57.565848
118,118,ARM,Armenia,Europe & Central Asia,Upper middle income,practical_priority_pool,48.73355166600452,0.37588799682819474,0.06766581228237979,1.0,0.7377846688948122,0.6285150794557637,0.7957827500459073,1.0,370387.0,2024,2014,-17.588672049697728,458041.15,2024,5.095499992370605,2023.0,unesco_uis_uis006_mor_5t8_40510,uis_estimate,81.33930206,20078.784898484384,0.7377846688948122,6,6,open_api_factual_only,False,False,False,False,False,True,,40.459077,44.800564
119,119,BRN,Brunei Darussalam,East Asia & Pacific,High income,practical_priority_pool,48.66040160783481,0.2706529885994452,0.25813301003869793,1.0,0.6357345172042401,1.0,0.9779369699023654,1.0,67920.0,2024,2014,-9.340879361435173,85961.85,2024,17.24114036560059,2023.0,unesco_uis_uis006_mor_5t8_40510,uis_estimate,96.29828801,79071.7333801445,0.6357345172042401,6,6,open_api_factual_only,False,False,False,False,False,True,,4.448298,114.551943
120,120,BLZ,Belize,Latin America & Caribbean,Upper middle income,practical_priority_pool,47.737934072901176,0.37632144064007567,0.14242977180898922,1.0,0.5697071786840493,0.49452464945981933,0.7795450914305635,1.0,78730.0,2024,2014,9.583130350059154,96387.55,2024,9.863019943237305,2023.0,unesco_uis_uis006_mor_5t8_40510,uis_estimate,80.00582262,12621.408196189694,0.5697071786840493,6,6,open_api_factual_only,False,False,False,False,False,True,,17.202068,-88.712962
121,121,JAM,Jamaica,Latin America & Caribbean,Upper middle income,practical_priority_pool,47.01837178781363,0.3911450013403324,0.07771746866452794,1.0,0.478195935926731,0.4636344823887885,0.9025669601044953,1.0,456776.0,2024,2014,-18.150036286095705,573493.85,2024,5.736470222473145,2015.0,unesco_uis_uis006_mor_5t8_40510,uis_estimate,90.10870361,11340.263880045086,0.478195935926731,6,6,open_api_factual_only,False,False,False,False,False,True,,18.137124,-77.318767
122,122,CPV,Cabo Verde,Sub-Saharan Africa,Upper middle income,practical_priority_pool,46.94077442106004,0.2521759253007497,0.48493604544716634,1.0,0.6467345383623999,0.42294406457753747,0.7153651836258671,1.0,90235.0,2024,2014,-18.070221633057017,109835.2,2024,31.70383071899414,2018.0,unesco_uis_uis006_mor_5t8_40510,uis_estimate,74.73519897,9848.952763509347,0.6467345383623999,6,6,open_api_factual_only,False,False,False,False,False,True,,15.074761,-23.639434
123,123,WSM,Samoa,East Asia & Pacific,Upper middle income,practical_priority_pool,46.730585508632785,0.2943785844314364,0.6042727433117475,1.0,0.497630603968368,0.35139331788013384,0.06347191376131422,1.0,38671.0,2024,2014,5.338999210046036,44890.0,2024,39.31364822387695,2023.0,unesco_uis_uis006_mor_5t8_40510,uis_estimate,21.20000076,7686.249425718686,0.497630603968368,6,6,open_api_factual_only,False,False,False,False,False,True,,-13.639139,-172.438241
124,124,FJI,Fiji,East Asia & Pacific,Upper middle income,practical_priority_pool,45.39075820868347,0.365441487058769,0.04239185757925494,1.0,0.5606147646507549,0.5159160753351565,0.7149998913149932,1.0,156115.0,2024,2014,-4.604338527344942,189085.15,2024,3.483839988708496,2019.0,unesco_uis_uis006_mor_5t8_40510,uis_estimate,74.7052002,13592.463593743454,0.5606147646507549,6,6,open_api_factual_only,False,False,False,False,False,True,,-17.826099,177.975427
125,125,MDV,Maldives,South Asia,Upper middle income,practical_priority_pool,44.683392757178304,0.20229569308881742,0.3374729673417411,1.0,0.7233780907020269,0.6681485364481929,0.8432811702410519,1.0,64353.0,2024,2014,-24.41419326043294,89348.7,2024,22.30046081542969,2019.0,unesco_uis_uis006_mor_5t8_40510,uis_estimate,85.23999786,23034.40984048391,0.7233780907020269,6,6,open_api_factual_only,False,False,False,False,False,True,,4.174441,73.507554
126,126,LCA,St. Lucia,Latin America & Caribbean,Upper middle income,practical_priority_pool,44.41381742582888,0.1460777435516522,0.5930411906355428,1.0,0.6224697849573225,0.6830204442171398,0.6358475632790431,1.0,26241.0,2024,2014,-18.063448448135887,33302.4,2024,38.59743881225586,2023.0,unesco_uis_uis006_mor_5t8_40510,uis_estimate,68.20500183,24252.468858849097,0.6224697849573225,6,6,open_api_factual_only,False,False,False,False,False,True,,13.892371,-60.980094
127,127,ATG,Antigua and Barbuda,Latin America & Caribbean,High income,practical_priority_pool,43.14694631856504,0.13356949063911278,0.5037713144187729,1.0,0.6518201896991443,0.7382929204750843,0.6909529288663457,1.0,13194.0,2024,2014,-8.584493868218669,16435.8,2024,32.90491104125977,2012.0,unesco_uis_uis006_mor_5t8_40510,uis_estimate,72.73040009,29371.63777858605,0.6518201896991443,6,6,open_api_factual_only,False,False,False,False,False,True,,17.352249,-61.790612
128,128,BRB,Barbados,Latin America & Caribbean,High income,practical_priority_pool,42.703120272174985,0.259719647996754,0.1446158417394635,1.0,0.6047742014298125,0.6527511211185281,0.6621460165890497,1.0,36946.0,2024,2014,-0.9171851534005571,45025.3,2024,10.00242042541504,2011.0,unesco_uis_uis006_mor_5t8_40510,uis_estimate,70.36470032,21837.725410205665,0.6047742014298125,6,6,open_api_factual_only,False,False,False,False,False,True,,13.163709,-59.568966
129,129,TON,Tonga,East Asia & Pacific,Upper middle income,practical_priority_pool,42.67322255842612,0.24586610056399416,0.40386337811754563,1.0,0.4322448406777051,0.3256554910487739,0.6265529521578513,1.0,21056.0,2024,2014,6.096946487957267,23873.45,2024,26.53401947021484,2023.0,unesco_uis_uis006_mor_5t8_40510,uis_estimate,67.4417038,7030.419174397146,0.4322448406777051,6,6,open_api_factual_only,False,False,False,False,False,True,,-21.210026,-175.163014
130,130,VCT,St. Vincent and the Grenadines,Latin America & Caribbean,Upper middle income,practical_priority_pool,39.75550358999639,0.08672332943724564,0.5063339030845014,1.0,0.5920567848687854,0.60820246384221,0.7330814016946354,1.0,14525.0,2024,2014,-19.800121473137878,17778.5,2024,33.06832122802734,2015.0,unesco_uis_uis006_mor_5t8_40510,uis_estimate,76.19010162,18714.198849352968,0.5920567848687854,6,6,open_api_factual_only,False,False,False,False,False,True,,13.0879,-61.3359
131,131,GRD,Grenada,Latin America & Caribbean,Upper middle income,practical_priority_pool,34.585157711899,0.12395836389124458,0.07190291926834377,1.0,0.6300422643993671,0.5929605419395155,0.659672860552811,1.0,16924.0,2024,2014,-14.894900935331389,21002.8,2024,5.365690231323242,2018.0,unesco_uis_uis006_mor_5t8_40510,uis_estimate,70.16159821,17751.509866248107,0.6300422643993671,6,6,open_api_factual_only,False,False,False,False,False,True,,12.113156,-61.680461
132,132,MHL,Marshall Islands,East Asia & Pacific,Upper middle income,practical_priority_pool,34.315875640680936,0.0772275451328935,0.34183347185251367,1.0,0.5694805535742806,0.3329049450624752,0.6079721838567376,1.0,7904.0,2024,2014,-11.091113610798653,8766.65,2024,22.57851982116699,2022.0,unesco_uis_uis006_mor_5t8_40510,uis_estimate,65.915802,7209.266549975357,0.5694805535742806,6,6,open_api_factual_only,False,False,False,False,False,True,,7.082568,171.193609
133,133,KNA,St. Kitts and Nevis,Latin America & Caribbean,High income,practical_priority_pool,32.7771359031363,0.026732636748872888,0.18391446129044872,1.0,0.6284815372422446,0.7506494163137203,0.7415309723062994,1.0,6325.0,2024,2014,-17.471294363256785,7922.95,2024,12.50839996337891,2015.0,unesco_uis_uis006_mor_5t8_40510,uis_estimate,76.88400269,30656.441010936665,0.6284815372422446,6,6,open_api_factual_only,False,False,False,False,False,True,,17.336558,-62.757975
134,134,PLW,Palau,East Asia & Pacific,High income,practical_priority_pool,31.48015098273448,0.04677203275337735,0.05323654981757452,1.0,0.6946612085351258,0.5705627226534054,0.827274635945746,1.0,2175.0,2024,2014,-12.790697674418606,2613.75,2024,4.175380229949951,2013.0,unesco_uis_uis006_mor_5t8_40510,uis_estimate,83.92549896,16425.97227144462,0.6946612085351258,6,6,open_api_factual_only,False,False,False,False,False,True,,7.518252,134.580157
,,ALB,Albania,Europe & Central Asia,Upper middle income,unfriendly_reference_only,,,,,,,,,356433.0,2024,2014,-31.620224266433894,457305.9,2024,12.42074012756348,2023.0,unesco_uis_uis006_mor_5t8_40510,uis_estimate,85.86389923,21641.073322392105,0.536882330645371,6,6,open_api_factual_only,True,False,False,False,False,True,hard_filter_unfriendly_430r,40.654855,20.11384
,,ASM,American Samoa,East Asia & Pacific,High income,special_territory_reference_only,,,,,,,,,8459.0,2024,2014,-13.789237668161435,9556.1,2024,,,,,0.0,13592.463593743454,0.5708522658111622,5,6,open_api_factual_only,False,False,True,False,False,False,special_territory;insufficient_open_api_indicators,-14.32671,-170.747153
,,AND,Andorra,Europe & Central Asia,High income,unfriendly_reference_only,,,,,,,,,9049.0,2024,2014,19.521859727909117,11338.6,2024,62.34164047241211,2023.0,unesco_uis_uis006_mor_5t8_40510,uis_estimate,94.39759827,65928.30719710035,0.8037167123364053,6,6,open_api_factual_only,True,False,False,False,False,True,hard_filter_unfriendly_430r,42.547643,1.539409
,,ABW,Aruba,Latin America & Caribbean,High income,special_territory_reference_only,,,,,,,,,13713.0,2024,2014,1.3600413925641153,16310.85,2024,20.1219596862793,2016.0,unesco_uis_uis006_mor_5t8_40510,uis_estimate,97.17,44558.92875941765,0.9019511962619255,6,6,open_api_factual_only,False,False,True,False,False,True,special_territory,12.5174,-69.972795
,,AUS,Australia,East Asia & Pacific,High income,unfriendly_reference_only,,,,,,,,,3235718.0,2024,2014,2.785488067140407,4058931.8,2024,0.7790700197219849,2023.0,unesco_uis_uis006_mor_5t8_40510,uis_estimate,96.13140106,60303.98171162445,0.695507911052051,6,6,open_api_factual_only,True,False,False,False,False,True,hard_filter_unfriendly_430r,-24.129522,134.04972
,,AUT,Austria,Europe & Central Asia,High income,unfriendly_reference_only,,,,,,,,,905633.0,2024,2014,-10.525956999488228,1155442.85,2024,6.203770160675049,2023.0,unesco_uis_uis006_mor_5t8_40510,uis_estimate,91.92573373,63788.07867847896,0.7522484784084471,6,6,open_api_factual_only,True,False,False,False,False,True,hard_filter_unfriendly_430r,47.518859,14.130515
,,BHS,"Bahamas, The",Latin America & Caribbean,High income,unfriendly_reference_only,,,,,,,,,57168.0,2024,2014,-10.665229009422905,71571.15,2024,,,,,92.47270203,36244.05001232444,0.6986661119579979,5,6,open_api_factual_only,True,False,False,False,False,False,hard_filter_unfriendly_430r;insufficient_open_api_indicators,26.401789,-77.146688
,,BEL,Belgium,Europe & Central Asia,High income,unfriendly_reference_only,,,,,,,,,1348639.0,2024,2014,1.5944580417078136,1665819.7,2024,3.233550071716309,2023.0,unesco_uis_uis006_mor_5t8_40510,uis_estimate,95.77579144,63347.7858809235,0.8284700805703471,6,6,open_api_factual_only,True,False,False,False,False,True,hard_filter_unfriendly_430r,50.785392,4.800448
,,BMU,Bermuda,North America,High income,unfriendly_reference_only,,,,,,,,,6743.0,2024,2014,2.2751403003185233,8264.45,2024,166.6550445556641,2023.0,unesco_uis_uis006_mor_5t8_40510,uis_estimate,98.37,109311.9369412986,0.8107849325598807,6,6,open_api_factual_only,True,False,True,False,False,True,hard_filter_unfriendly_430r;special_territory,32.296592,-64.763573
,,BOL,Bolivia,Latin America & Caribbean,Lower middle income,data_unavailable,,,,,,,,,2301671.0,2024,2014,6.986342184906458,2785481.3,2024,,,,,79.70469666,11329.151806153595,0.3502340110628145,5,6,open_api_factual_only,False,False,False,False,False,False,insufficient_open_api_indicators,-16.666015,-64.593433
,,VGB,British Virgin Islands,Latin America & Caribbean,High income,unfriendly_reference_only,,,,,,,,,5143.0,2024,2014,22.92065009560229,6396.25,2024,53.06687164306641,2023.0,unesco_uis_uis006_mor_5t8_40510,uis_estimate,77.7042682926829,23134.759094596546,0.5472799193758109,6,6,open_api_factual_only,True,False,True,False,False,True,hard_filter_unfriendly_430r;special_territory,18.426606,-64.63661
,,BGR,Bulgaria,Europe & Central Asia,High income,unfriendly_reference_only,,,,,,,,,659061.0,2024,2014,-10.343303033353557,798294.6,2024,8.242810249328613,2023.0,unesco_uis_uis006_mor_5t8_40510,uis_estimate,82.438955,34221.52946170318,0.6479212446793651,6,6,open_api_factual_only,True,False,False,False,False,True,hard_filter_unfriendly_430r,42.508785,25.15709
,,CAN,Canada,North America,High income,unfriendly_reference_only,,,,,,,,,4623543.0,2024,2014,1.198856585032737,5871852.45,2024,2.837300062179565,2023.0,unesco_uis_uis006_mor_5t8_40510,uis_estimate,94.353302,56706.82380319776,0.6800078459031158,6,6,open_api_factual_only,True,False,False,False,False,True,hard_filter_unfriendly_430r,60.324287,-101.9107
,,CYM,Cayman Islands,Latin America & Caribbean,High income,unfriendly_reference_only,,,,,,,,,7699.0,2024,2014,3.8440787698947876,9932.35,2024,39.14474105834961,2008.0,unesco_uis_uis006_mor_5t8_40510,uis_estimate,81.0676932508161,79675.85684818079,0.801919018789651,6,6,open_api_factual_only,True,False,True,False,False,True,hard_filter_unfriendly_430r;special_territory,19.319862,-81.24055
,,CHI,Channel Islands,Europe & Central Asia,High income,data_unavailable,,,,,,,,,17843.0,2024,2014,-5.801921655580189,22240.85,2024,,,,,91.60810962,42197.20251358284,0.7722448666040859,5,6,open_api_factual_only,False,False,False,False,False,False,insufficient_open_api_indicators,49.463533,-2.561736
,,HRV,Croatia,Europe & Central Asia,High income,unfriendly_reference_only,,,,,,,,,402778.0,2024,2014,-16.512139358551025,499900.15,2024,6.069399833679199,2023.0,unesco_uis_uis006_mor_5t8_40510,uis_estimate,83.63240029,42829.19783703841,0.6572501045832487,6,6,open_api_factual_only,True,False,False,False,False,True,hard_filter_unfriendly_430r,45.805799,16.37241
,,CUW,Curaçao,Latin America & Caribbean,High income,special_territory_reference_only,,,,,,,,,23041.0,2024,2014,-0.561046135255272,30115.0,2024,1.745360016822815,2013.0,unesco_uis_uis006_mor_5t8_40510,uis_estimate,68.1272162511339,28762.05818043097,0.7314258469981352,6,6,open_api_factual_only,False,False,True,False,False,True,special_territory,12.145039,-68.920578
,,CYP,Cyprus,Europe & Central Asia,High income,unfriendly_reference_only,,,,,,,,,141549.0,2024,2014,-18.99404254345052,182674.05,2024,44.47259902954102,2023.0,unesco_uis_uis006_mor_5t8_40510,uis_estimate,89.60099246,52635.58203125,0.8858243955780778,6,6,open_api_factual_only,True,False,False,False,False,True,hard_filter_unfriendly_430r,34.913329,33.084182
,,CZE,Czechia,Europe & Central Asia,High income,unfriendly_reference_only,,,,,,,,,1112494.0,2024,2014,0.11915368485471145,1359297.85,2024,3.28538990020752,2023.0,unesco_uis_uis006_mor_5t8_40510,uis_estimate,87.68776014,47963.89684857818,0.7113134586952853,6,6,open_api_factual_only,True,False,False,False,False,True,hard_filter_unfriendly_430r,49.882364,15.377555
,,DNK,Denmark,Europe & Central Asia,High income,unfriendly_reference_only,,,,,,,,,720280.0,2024,2014,-0.9898540305519954,902917.45,2024,2.006040096282959,2023.0,unesco_uis_uis006_mor_5t8_40510,uis_estimate,99.76915157,71431.29262422866,0.8045900008240329,6,6,open_api_factual_only,True,False,False,False,False,True,hard_filter_unfriendly_430r,55.966965,9.018163
,,DMA,Dominica,Latin America & Caribbean,Upper middle income,data_unavailable,,,,,,,,,8796.0,2024,2014,-31.15216030056356,10983.0,2024,,,,,82.04689789,18739.364040498604,0.515163075183216,5,6,open_api_factual_only,False,False,False,False,False,False,insufficient_open_api_indicators,15.458829,-61.344958
,,EST,Estonia,Europe & Central Asia,High income,unfriendly_reference_only,,,,,,,,,141744.0,2024,2014,-0.6337277774662087,172136.1,2024,7.39516019821167,2023.0,unesco_uis_uis006_mor_5t8_40510,uis_estimate,92.23796204,41189.66753007343,0.7726080391330754,6,6,open_api_factual_only,True,False,False,False,False,True,hard_filter_unfriendly_430r,58.724865,25.867126
,,FRO,Faroe Islands,Europe & Central Asia,High income,special_territory_reference_only,,,,,,,,,7678.0,2024,2014,18.6524493895843,9078.4,2024,,,,,97.5819589384468,72059.58032715398,0.627514063761467,5,6,open_api_factual_only,False,False,True,False,False,False,special_territory;insufficient_open_api_indicators,62.185604,-7.058429
,,FIN,Finland,Europe & Central Asia,High income,unfriendly_reference_only,,,,,,,,,625575.0,2024,2014,-3.986647225846063,774669.0,2024,2.6109299659729,2023.0,unesco_uis_uis006_mor_5t8_40510,uis_estimate,93.72405196,56123.147957983936,0.7298673837640056,6,6,open_api_factual_only,True,False,False,False,False,True,hard_filter_unfriendly_430r,63.252361,27.276449
,,FRA,France,Europe & Central Asia,High income,unfriendly_reference_only,,,,,,,,,8200539.0,2024,2014,6.7653399992188445,9932959.8,2024,4.031529903411865,2023.0,unesco_uis_uis006_mor_5t8_40510,uis_estimate,88.65381638,54799.348268938855,0.6677324893885923,6,6,open_api_factual_only,True,False,False,False,False,True,hard_filter_unfriendly_430r,46.696113,2.552275
,,PYF,French Polynesia,East Asia & Pacific,High income,special_territory_reference_only,,,,,,,,,42571.0,2024,2014,-6.171342928302215,50629.6,2024,,,,,72.7038953132942,13592.463593743454,0.539560019788077,5,6,open_api_factual_only,False,False,True,False,False,False,special_territory;insufficient_open_api_indicators,-17.628081,-149.46157
,,DEU,Germany,Europe & Central Asia,High income,unfriendly_reference_only,,,,,,,,,8061479.0,2024,2014,-7.503455362771216,10225706.75,2024,3.84539008140564,2023.0,unesco_uis_uis006_mor_5t8_40510,uis_estimate,93.49999579,62554.55472324357,0.6787323978041941,6,6,open_api_factual_only,True,False,False,False,False,True,hard_filter_unfriendly_430r,50.961733,9.678348
,,GIB,Gibraltar,Europe & Central Asia,High income,unfriendly_reference_only,,,,,,,,,4930.0,2024,2014,21.01129111438389,6086.95,2024,,,,,94.4444715818151,42197.20251358284,0.6702422638593954,5,6,open_api_factual_only,True,False,True,False,False,False,hard_filter_unfriendly_430r;special_territory;insufficient_open_api_indicators,,
,,GRC,Greece,Europe & Central Asia,High income,unfriendly_reference_only,,,,,,,,,1039602.0,2024,2014,-7.5770493523027005,1266996.9,2024,4.314219951629639,2023.0,unesco_uis_uis006_mor_5t8_40510,uis_estimate,86.26968886,37474.2798239947,0.6546667339396723,6,6,open_api_factual_only,True,False,False,False,False,True,hard_filter_unfriendly_430r,39.492763,21.72568
,,GRL,Greenland,Europe & Central Asia,High income,special_territory_reference_only,,,,,,,,,6895.0,2024,2014,-19.80693184461503,8766.55,2024,,,,,69.4824617821988,71037.53722396232,0.6835232715019268,5,6,open_api_factual_only,False,False,True,False,False,False,special_territory;insufficient_open_api_indicators,74.319387,-39.335251
,,GUM,Guam,East Asia & Pacific,High income,special_territory_reference_only,,,,,,,,,23530.0,2024,2014,-13.019370102025729,28741.9,2024,,,,,80.5054655600831,13592.463593743454,0.5718077687005872,5,6,open_api_factual_only,False,False,True,False,False,False,special_territory;insufficient_open_api_indicators,13.354173,144.703614
,,HTI,Haiti,Latin America & Caribbean,Lower middle income,data_unavailable,,,,,,,,,2260590.0,2024,2014,5.152133100880629,2721685.2,2024,,,,,47.8614006,2809.64535578242,0.1500435654393898,5,6,open_api_factual_only,False,False,False,False,False,False,insufficient_open_api_indicators,19.263784,-72.224051
,,HKG,"Hong Kong SAR, China",East Asia & Pacific,High income,special_territory_reference_only,,,,,,,,,556706.0,2024,2014,-35.76938608332468,735315.95,2024,14.4076099395752,2023.0,unesco_uis_uis006_mor_5t8_40510,uis_estimate,95.75536971,66153.97466510782,0.951868762498134,6,6,open_api_factual_only,False,False,True,False,False,True,special_territory,22.448829,114.097769
,,HUN,Hungary,Europe & Central Asia,High income,unfriendly_reference_only,,,,,,,,,1009139.0,2024,2014,-13.000383642186842,1261633.55,2024,4.665299892425537,2023.0,unesco_uis_uis006_mor_5t8_40510,uis_estimate,93.77898628,40686.93192633433,0.6550700731973425,6,6,open_api_factual_only,True,False,False,False,False,True,hard_filter_unfriendly_430r,47.086841,19.447867
,,ISL,Iceland,Europe & Central Asia,High income,unfriendly_reference_only,,,,,,,,,50958.0,2024,2014,7.938995975428931,64520.55,2024,12.69167995452881,2023.0,unesco_uis_uis006_mor_5t8_40510,uis_estimate,98.209198,67310.05735736161,0.6997833529253111,6,6,open_api_factual_only,True,False,False,False,False,True,hard_filter_unfriendly_430r,64.779286,-18.673711
,,IRL,Ireland,Europe & Central Asia,High income,unfriendly_reference_only,,,,,,,,,696514.0,2024,2014,22.573912431367038,839389.0,2024,6.857590198516846,2022.0,unesco_uis_uis006_mor_5t8_40510,uis_estimate,97.18769836,119037.7311754428,0.8747874364129122,6,6,open_api_factual_only,True,False,False,False,False,True,hard_filter_unfriendly_430r,53.078726,-7.798588
,,IMN,Isle of Man,Europe & Central Asia,High income,unfriendly_reference_only,,,,,,,,,9057.0,2024,2014,-4.733354370463871,11031.6,2024,,,,,91.60810962,42197.20251358284,0.7049137863004423,5,6,open_api_factual_only,True,False,True,False,False,False,hard_filter_unfriendly_430r;special_territory;insufficient_open_api_indicators,54.220833,-4.530069
,,ITA,Italy,Europe & Central Asia,High income,unfriendly_reference_only,,,,,,,,,5929004.0,2024,2014,-0.7569682236714503,7325355.8,2024,3.916500091552734,2023.0,unesco_uis_uis006_mor_5t8_40510,uis_estimate,89.2207202,53265.00324741888,0.5954031331878169,6,6,open_api_factual_only,True,False,False,False,False,True,hard_filter_unfriendly_430r,44.732482,11.076907
,,JPN,Japan,East Asia & Pacific,High income,unfriendly_reference_only,,,,,,,,,11745628.0,2024,2014,-1.7339824706813611,14492054.05,2024,0.8637400269508362,2023.0,unesco_uis_uis006_mor_5t8_40510,uis_estimate,85.54153081,46106.92292300441,0.6387603788348242,6,6,open_api_factual_only,True,False,False,False,False,True,hard_filter_unfriendly_430r,36.142538,138.44217
,,KIR,Kiribati,East Asia & Pacific,Lower middle income,data_unavailable,,,,,,,,,23277.0,2024,2014,-0.37236774524910254,28485.3,2024,,,,,89.44029999,3257.136291253097,0.5978174609472652,5,6,open_api_factual_only,False,False,False,False,False,False,insufficient_open_api_indicators,1.820437,-157.384577
,,KOR,"Korea, Rep.",East Asia & Pacific,High income,unfriendly_reference_only,,,,,,,,,5140952.0,2024,2014,-24.178920540212168,6731755.1,2024,3.247009992599487,2023.0,unesco_uis_uis006_mor_5t8_40510,uis_estimate,97.89563777,55070.938619412125,0.6944345084980843,6,6,open_api_factual_only,True,False,False,False,False,True,hard_filter_unfriendly_430r,36.384924,128.129504
,,XKX,Kosovo,Europe & Central Asia,Upper middle income,special_territory_reference_only,,,,,,,,,288478.0,2024,2014,-15.286081777923954,345939.4,2024,,,,,89.4430319734879,15716.292556458631,0.5594239377879159,5,6,open_api_factual_only,False,False,True,False,False,False,special_territory;insufficient_open_api_indicators,42.593587,20.860719
,,LVA,Latvia,Europe & Central Asia,High income,unfriendly_reference_only,,,,,,,,,192011.0,2024,2014,-12.397746196135683,230416.25,2024,6.059340000152588,2023.0,unesco_uis_uis006_mor_5t8_40510,uis_estimate,92.70757011,37611.66993594042,0.721737703468768,6,6,open_api_factual_only,True,False,False,False,False,True,hard_filter_unfriendly_430r,57.066872,25.458723
,,LIE,Liechtenstein,Europe & Central Asia,High income,unfriendly_reference_only,,,,,,,,,4133.0,2024,2014,-6.068181818181817,5190.95,2024,124.4619293212891,2021.0,unesco_uis_uis006_mor_5t8_40510,uis_estimate,98.2641983,42197.20251358284,0.6700689035404807,6,6,open_api_factual_only,True,False,False,False,False,True,hard_filter_unfriendly_430r,47.111405,9.559439
,,LTU,Lithuania,Europe & Central Asia,High income,unfriendly_reference_only,,,,,,,,,298296.0,2024,2014,-22.303372542482368,380917.35,2024,6.85614013671875,2023.0,unesco_uis_uis006_mor_5t8_40510,uis_estimate,89.16116293,47165.366564305084,0.763160389067111,6,6,open_api_factual_only,True,False,False,False,False,True,hard_filter_unfriendly_430r,55.103703,24.089932
,,LUX,Luxembourg,Europe & Central Asia,High income,unfriendly_reference_only,,,,,,,,,72455.0,2024,2014,8.550068915922582,94177.85,2024,167.1776580810547,2023.0,unesco_uis_uis006_mor_5t8_40510,uis_estimate,99.12902211,128475.2798027382,0.9428405917811944,6,6,open_api_factual_only,True,False,False,False,False,True,hard_filter_unfriendly_430r,49.733732,6.07762
,,MAC,"Macao SAR, China",East Asia & Pacific,High income,special_territory_reference_only,,,,,,,,,69116.0,2024,2014,-22.474846612004086,92046.65,2024,4.438439846038818,2023.0,unesco_uis_uis006_mor_5t8_40510,uis_estimate,89.82640076,111693.50283143437,0.914962796029132,6,6,open_api_factual_only,False,False,True,False,False,True,special_territory,22.129735,113.556038
,,MLT,Malta,Middle East & North Africa,High income,unfriendly_reference_only,,,,,,,,,48417.0,2024,2014,-12.647265772998717,65248.350000000006,2024,5.029829978942871,2023.0,unesco_uis_uis006_mor_5t8_40510,uis_estimate,93.86029816,62700.49421804613,0.952214821301373,6,6,open_api_factual_only,True,False,False,False,False,True,hard_filter_unfriendly_430r,35.892886,14.433005
,,FSM,"Micronesia, Fed. Sts.",East Asia & Pacific,Lower middle income,unfriendly_reference_only,,,,,,,,,22540.0,2024,2014,-4.272487896033295,27128.65,2024,1.364519953727722,2000.0,unesco_uis_uis006_mor_5t8_40510,uis_estimate,39.52360153,3824.152343954799,0.4466912868567491,6,6,open_api_factual_only,True,False,False,False,False,True,hard_filter_unfriendly_430r,6.887553,158.234019
,,MCO,Monaco,Europe & Central Asia,High income,unfriendly_reference_only,,,,,,,,,3368.0,2024,2014,10.716633793556873,4209.95,2024,40.77404022216797,2023.0,unesco_uis_uis006_mor_5t8_40510,uis_estimate,99.04489899,42197.20251358284,0.8739557524555555,6,6,open_api_factual_only,True,False,False,False,False,True,hard_filter_unfriendly_430r,43.739652,7.398291
,,MNE,Montenegro,Europe & Central Asia,Upper middle income,unfriendly_reference_only,,,,,,,,,78977.0,2024,2014,-7.340967219654127,96459.05,2024,24.79610061645508,2023.0,unesco_uis_uis006_mor_5t8_40510,uis_estimate,88.88258428,28105.70932643356,0.6474808161068515,6,6,open_api_factual_only,True,False,False,False,False,True,hard_filter_unfriendly_430r,42.803101,19.143727
,,NRU,Nauru,East Asia & Pacific,High income,data_unavailable,,,,,,,,,2104.0,2024,2014,6.747843734145098,2489.65,2024,,,,,83.01170349,12468.76145246149,0.6213079215528992,5,6,open_api_factual_only,False,False,False,False,False,False,insufficient_open_api_indicators,-0.520261,166.932644
,,NLD,Netherlands,Europe & Central Asia,High income,unfriendly_reference_only,,,,,,,,,2197948.0,2024,2014,4.623984973393558,2750722.15,2024,1.920359969139099,2023.0,unesco_uis_uis006_mor_5t8_40510,uis_estimate,97.00679779,70498.88403960709,0.8604427317464274,6,6,open_api_factual_only,True,False,False,False,False,True,hard_filter_unfriendly_430r,52.422211,5.61144
,,NCL,New Caledonia,East Asia & Pacific,High income,special_territory_reference_only,,,,,,,,,42726.0,2024,2014,-3.4309736913479827,51388.95,2024,,,,,82.0058408035186,13592.463593743454,0.444074096852889,5,6,open_api_factual_only,False,False,True,False,False,False,special_territory;insufficient_open_api_indicators,-21.064697,165.084004
,,NZL,New Zealand,East Asia & Pacific,High income,unfriendly_reference_only,,,,,,,,,660326.0,2024,2014,3.3247897752699984,817749.5,2024,1.901919960975647,2023.0,unesco_uis_uis006_mor_5t8_40510,uis_estimate,93.51930237,49316.3999433708,0.6715072421998582,6,6,open_api_factual_only,True,False,False,False,False,True,hard_filter_unfriendly_430r,-39.759,172.787
,,MKD,North Macedonia,Europe & Central Asia,Upper middle income,unfriendly_reference_only,,,,,,,,,208456.0,2024,2014,-27.11277701242666,258003.25,2024,9.61678981781006,2023.0,unesco_uis_uis006_mor_5t8_40510,uis_estimate,93.1,24203.285950524423,0.6385155788899084,6,6,open_api_factual_only,True,False,False,False,False,True,hard_filter_unfriendly_430r,41.558223,21.555839
,,MNP,Northern Mariana Islands,East Asia & Pacific,High income,special_territory_reference_only,,,,,,,,,6670.0,2024,2014,-13.207547169811317,7536.25,2024,,,,,0.0,13592.463593743454,0.5888731088680436,5,6,open_api_factual_only,False,False,True,False,False,False,special_territory;insufficient_open_api_indicators,15.188188,145.734397
,,NOR,Norway,Europe & Central Asia,High income,unfriendly_reference_only,,,,,,,,,680628.0,2024,2014,1.6777786575081777,847799.4,2024,4.604559898376465,2023.0,unesco_uis_uis006_mor_5t8_40510,uis_estimate,99.0,91105.24679962298,0.6917619695576329,6,6,open_api_factual_only,True,False,False,False,False,True,hard_filter_unfriendly_430r,61.357092,9.679975
,,PNG,Papua New Guinea,East Asia & Pacific,Lower middle income,data_unavailable,,,,,,,,,2017872.0,2024,2014,18.966096638670326,2419848.9,2024,,,,,18.81159973,4288.528289881756,0.5187874113162553,5,6,open_api_factual_only,False,False,False,False,False,False,insufficient_open_api_indicators,-5.695285,143.910216
,,POL,Poland,Europe & Central Asia,High income,unfriendly_reference_only,,,,,,,,,3820420.0,2024,2014,-18.795845014889334,4795747.3,2024,1.684820055961609,2023.0,unesco_uis_uis006_mor_5t8_40510,uis_estimate,88.58496367,45153.04397732806,0.6443771953180819,6,6,open_api_factual_only,True,False,False,False,False,True,hard_filter_unfriendly_430r,51.990316,19.490468
,,PRT,Portugal,Europe & Central Asia,High income,unfriendly_reference_only,,,,,,,,,1079580.0,2024,2014,-2.504179050292199,1328390.85,2024,3.866519927978516,2023.0,unesco_uis_uis006_mor_5t8_40510,uis_estimate,88.48704454,42197.20251358284,0.6778547607399579,6,6,open_api_factual_only,True,False,False,False,False,True,hard_filter_unfriendly_430r,39.606675,-8.271754
,,PRI,Puerto Rico (US),Latin America & Caribbean,High income,special_territory_reference_only,,,,,,,,,397490.0,2024,2014,-18.23464675450235,491279.9,2024,0.4260199964046478,2023.0,unesco_uis_uis006_mor_5t8_40510,uis_estimate,87.29178106,44205.74948792555,0.5948653285698531,6,6,open_api_factual_only,False,False,True,False,False,True,special_territory,18.234668,-66.481065
,,ROU,Romania,Europe & Central Asia,High income,unfriendly_reference_only,,,,,,,,,2094916.0,2024,2014,-7.1504139396085575,2545398.85,2024,5.278530120849609,2023.0,unesco_uis_uis006_mor_5t8_40510,uis_estimate,91.29048551,40504.00029459583,0.5887204883989812,6,6,open_api_factual_only,True,False,False,False,False,True,hard_filter_unfriendly_430r,45.733237,24.972624
,,RUS,Russian Federation,Europe & Central Asia,High income,domestic_excluded,,,,,,,,,15196541.0,2024,2014,-8.23966516278305,18477885.65,2024,0.9311100244522096,2023.0,unesco_uis_uis006_mor_5t8_40510,uis_estimate,94.36495368,41704.7109375,0.5703510420703695,6,6,open_api_factual_only,False,True,False,False,False,True,domestic_russia_excluded,58.249357,44.686469
,,SMR,San Marino,Europe & Central Asia,High income,unfriendly_reference_only,,,,,,,,,3457.0,2024,2014,10.979133226324244,4213.9,2024,58.26977920532227,2023.0,unesco_uis_uis006_mor_5t8_40510,uis_estimate,97.35220337,70951.78959319758,0.8024362769970771,6,6,open_api_factual_only,True,False,False,False,False,True,hard_filter_unfriendly_430r,43.933916,12.441206
,,SGP,Singapore,East Asia & Pacific,High income,unfriendly_reference_only,,,,,,,,,875282.0,2024,2014,-13.420280823577702,1146326.0,2024,8.611550331115723,2012.0,unesco_uis_uis006_mor_5t8_40510,uis_estimate,94.37757178,132569.52522579458,0.9532622247741598,6,6,open_api_factual_only,True,False,False,False,False,True,hard_filter_unfriendly_430r,1.366587,103.816925
,,SXM,Sint Maarten (Dutch part),Latin America & Caribbean,High income,special_territory_reference_only,,,,,,,,,5096.0,2024,2014,8.471690080885486,6168.8,2024,85.02861785888672,2023.0,unesco_uis_uis006_mor_5t8_40510,uis_estimate,79.525064825,47303.19475848204,0.6717207257214084,6,6,open_api_factual_only,False,False,True,False,False,True,special_territory,18.04088,-63.070133
,,SVK,Slovak Republic,Europe & Central Asia,High income,unfriendly_reference_only,,,,,,,,,545533.0,2024,2014,-18.636668704976955,680357.95,2024,21.22817039489746,2023.0,unesco_uis_uis006_mor_5t8_40510,uis_estimate,89.82507032,40319.054723087305,0.7133199417271269,6,6,open_api_factual_only,True,False,False,False,False,True,hard_filter_unfriendly_430r,48.734044,19.049868
,,SVN,Slovenia,Europe & Central Asia,High income,unfriendly_reference_only,,,,,,,,,204960.0,2024,2014,-0.3078898600633262,254971.2,2024,3.601569890975952,2023.0,unesco_uis_uis006_mor_5t8_40510,uis_estimate,90.76355487,48648.90788340814,0.7406067212911933,6,6,open_api_factual_only,True,False,False,False,False,True,hard_filter_unfriendly_430r,46.06076,14.915312
,,SLB,Solomon Islands,East Asia & Pacific,Lower middle income,data_unavailable,,,,,,,,,159388.0,2024,2014,38.67181722478881,188521.9,2024,,,,,29.04070091,2353.2480822924267,0.4412152947283628,5,6,open_api_factual_only,False,False,False,False,False,False,insufficient_open_api_indicators,-8.029548,159.170468
,,SOM,"Somalia, Fed. Rep.",Sub-Saharan Africa,Low income,data_unavailable,,,,,,,,,3785525.0,2024,2014,47.548846121465175,4433680.25,2024,,,,,27.94020081,1409.3349223328275,0.5115791942901814,5,6,open_api_factual_only,False,False,False,False,False,False,insufficient_open_api_indicators,3.568925,45.19238
,,SSD,South Sudan,Sub-Saharan Africa,Low income,data_unavailable,,,,,,,,,2732912.0,2024,2014,35.86363683817786,3085400.6,2024,,,,,6.671000004,3710.665991204799,0.1630205541763013,5,6,open_api_factual_only,False,False,False,False,False,False,insufficient_open_api_indicators,7.230477,30.390151
,,ESP,Spain,Europe & Central Asia,High income,unfriendly_reference_only,,,,,,,,,5037465.0,2024,2014,10.665212942219071,6148434.45,2024,2.13988995552063,2023.0,unesco_uis_uis006_mor_5t8_40510,uis_estimate,95.7574516,48460.29140696611,0.6967144652269479,6,6,open_api_factual_only,True,False,False,False,False,True,hard_filter_unfriendly_430r,40.090953,-3.464718
,,MAF,St. Martin (French part),Latin America & Caribbean,High income,special_territory_reference_only,,,,,,,,,3250.0,2024,2014,-32.12197159565581,3686.5,2024,,,,,79.525064825,23134.759094596546,0.582647775761053,5,6,open_api_factual_only,False,False,True,False,False,False,special_territory;insufficient_open_api_indicators,18.081302,-63.049399
,,SWE,Sweden,Europe & Central Asia,High income,unfriendly_reference_only,,,,,,,,,1214315.0,2024,2014,0.5912968852123557,1498920.2,2024,2.96205997467041,2023.0,unesco_uis_uis006_mor_5t8_40510,uis_estimate,95.76629783,62978.93904598351,0.7589341375744649,6,6,open_api_factual_only,True,False,False,False,False,True,hard_filter_unfriendly_430r,65.85918,19.01705
,,CHE,Switzerland,Europe & Central Asia,High income,unfriendly_reference_only,,,,,,,,,889068.0,2024,2014,-5.279441564335807,1123747.95,2024,5.931270122528076,2023.0,unesco_uis_uis006_mor_5t8_40510,uis_estimate,97.32103855,82286.18018964877,0.8371471254870725,6,6,open_api_factual_only,True,False,False,False,False,True,hard_filter_unfriendly_430r,46.719114,7.463965
,,TCA,Turks and Caicos Islands,Latin America & Caribbean,High income,unfriendly_reference_only,,,,,,,,,5325.0,2024,2014,23.092926490984734,6795.6,2024,38.65118026733398,2022.0,unesco_uis_uis006_mor_5t8_40510,uis_estimate,0.0,33390.526714805885,0.5518007344413257,6,6,open_api_factual_only,True,False,True,False,False,True,hard_filter_unfriendly_430r;special_territory,21.81663,-71.752704
,,TUV,Tuvalu,East Asia & Pacific,Upper middle income,data_unavailable,,,,,,,,,1607.0,2024,2014,-22.29206963249516,1939.1,2024,,,,,35.20000076,5812.399245377526,0.4719189133102729,5,6,open_api_factual_only,False,False,False,False,False,False,insufficient_open_api_indicators,-8.513717,179.209587
,,UKR,Ukraine,Europe & Central Asia,Upper middle income,unfriendly_reference_only,,,,,,,,,3804794.0,2024,2014,-28.30234118250068,4698305.0,2024,6.635869979858398,2023.0,unesco_uis_uis006_mor_5t8_40510,uis_estimate,82.47489929,16319.8447265625,0.5437824734614924,6,6,open_api_factual_only,True,False,False,False,False,True,hard_filter_unfriendly_430r,49.724739,32.140865
,,GBR,United Kingdom,Europe & Central Asia,High income,unfriendly_reference_only,,,,,,,,,8083771.0,2024,2014,-1.5081354342927122,10087001.8,2024,1.279279947280884,2023.0,unesco_uis_uis006_mor_5t8_40510,uis_estimate,95.4720993,52621.17902529789,0.693863503886694,6,6,open_api_factual_only,True,False,False,False,False,True,hard_filter_unfriendly_430r,54.402739,-2.116346
,,USA,United States,North America,High income,unfriendly_reference_only,,,,,,,,,45410204.0,2024,2014,2.682678640545322,55577774.45,2024,0.6545699834823608,2023.0,unesco_uis_uis006_mor_5t8_40510,uis_estimate,94.69380188,75489.26643348167,0.7105286250525158,6,6,open_api_factual_only,True,False,False,False,False,True,hard_filter_unfriendly_430r,39.538479,-97.482602
,,VIR,Virgin Islands (US),Latin America & Caribbean,High income,special_territory_reference_only,,,,,,,,,9644.0,2024,2014,-22.338540827830567,11444.45,2024,,,,,64.3774942980087,46479.29966853264,0.7622217904250974,5,6,open_api_factual_only,False,False,True,False,False,False,special_territory;insufficient_open_api_indicators,17.746706,-64.779172
,,PSE,West Bank and Gaza,Middle East & North Africa,Lower middle income,special_territory_reference_only,,,,,,,,,1052580.0,2024,2014,11.05601228961628,1254864.45,2024,14.19151020050049,2023.0,unesco_uis_uis006_mor_5t8_40510,uis_estimate,86.63765334,3845.5029737541936,0.3925487855039327,6,6,open_api_factual_only,False,False,True,False,False,True,special_territory,32.047431,35.291341
