originIso3,originCountry,region,originLat,originLon,destinationCity,destinationLat,destinationLon,flowType,modelledPotentialIndex,strokeWidth,saiMgimoV3Score,rankPracticalStudentRecruitment,studentRecruitmentStatus,trace,evidence,iso3,country
NGA,Nigeria,Sub-Saharan Africa,9.439799,7.50322,Moscow,55.7558,37.6176,modelled_potential_not_observed_mgimo_students,80.07701908294327,2.5318099484491667,72.32919317075454,1,practical_priority_pool,"{'source_key': 'student_flows_modelled_v3.csv', 'year': '2026/2035', 'raw_value': 80.07701908294327, 'normalized_value': 0.8007701908294327, 'normalization_method': '0.72*SAI_MGIMO_V3_SCORE/100 + 0.28*lognorm(pop_15_24_latest)', 'weight': 1.0, 'score_type': 'modelled_potential_not_observed_student_headcount'}",modelled,NGA,Nigeria
GNQ,Equatorial Guinea,Sub-Saharan Africa,2.333,8.9902,Moscow,55.7558,37.6176,modelled_potential_not_observed_mgimo_students,62.18837712920495,2.1114268625363164,71.34140402871041,2,practical_priority_pool,"{'source_key': 'student_flows_modelled_v3.csv', 'year': '2026/2035', 'raw_value': 62.18837712920495, 'normalized_value': 0.6218837712920495, 'normalization_method': '0.72*SAI_MGIMO_V3_SCORE/100 + 0.28*lognorm(pop_15_24_latest)', 'weight': 1.0, 'score_type': 'modelled_potential_not_observed_student_headcount'}",modelled,GNQ,Equatorial Guinea
COD,"Congo, Dem. Rep.",Sub-Saharan Africa,-1.858167,23.458829,Moscow,55.7558,37.6176,modelled_potential_not_observed_mgimo_students,77.3913436295259,2.4686965752938588,70.31333794542492,3,practical_priority_pool,"{'source_key': 'student_flows_modelled_v3.csv', 'year': '2026/2035', 'raw_value': 77.3913436295259, 'normalized_value': 0.7739134362952591, 'normalization_method': '0.72*SAI_MGIMO_V3_SCORE/100 + 0.28*lognorm(pop_15_24_latest)', 'weight': 1.0, 'score_type': 'modelled_potential_not_observed_student_headcount'}",modelled,COD,"Congo, Dem. Rep."
EGY,"Egypt, Arab Rep.",Middle East & North Africa,26.186173,29.445837,Moscow,55.7558,37.6176,modelled_potential_not_observed_mgimo_students,77.06758318806291,2.4610882049194784,69.95294946432622,4,practical_priority_pool,"{'source_key': 'student_flows_modelled_v3.csv', 'year': '2026/2035', 'raw_value': 77.06758318806291, 'normalized_value': 0.7706758318806292, 'normalization_method': '0.72*SAI_MGIMO_V3_SCORE/100 + 0.28*lognorm(pop_15_24_latest)', 'weight': 1.0, 'score_type': 'modelled_potential_not_observed_student_headcount'}",modelled,EGY,"Egypt, Arab Rep."
ARE,United Arab Emirates,Middle East & North Africa,23.466285,54.547256,Moscow,55.7558,37.6176,modelled_potential_not_observed_mgimo_students,65.86496988382339,2.19782679226985,68.61664641924182,5,practical_priority_pool,"{'source_key': 'student_flows_modelled_v3.csv', 'year': '2026/2035', 'raw_value': 65.86496988382339, 'normalized_value': 0.6586496988382339, 'normalization_method': '0.72*SAI_MGIMO_V3_SCORE/100 + 0.28*lognorm(pop_15_24_latest)', 'weight': 1.0, 'score_type': 'modelled_potential_not_observed_student_headcount'}",modelled,ARE,United Arab Emirates
DJI,Djibouti,Middle East & North Africa,11.976343,42.498825,Moscow,55.7558,37.6176,modelled_potential_not_observed_mgimo_students,58.86332354471055,2.033288103300698,68.61476962194496,6,practical_priority_pool,"{'source_key': 'student_flows_modelled_v3.csv', 'year': '2026/2035', 'raw_value': 58.86332354471055, 'normalized_value': 0.5886332354471056, 'normalization_method': '0.72*SAI_MGIMO_V3_SCORE/100 + 0.28*lognorm(pop_15_24_latest)', 'weight': 1.0, 'score_type': 'modelled_potential_not_observed_student_headcount'}",modelled,DJI,Djibouti
TZA,Tanzania,Sub-Saharan Africa,-6.051866,34.959183,Moscow,55.7558,37.6176,modelled_potential_not_observed_mgimo_students,74.55679571846954,2.4020846993840346,68.5578801610842,7,practical_priority_pool,"{'source_key': 'student_flows_modelled_v3.csv', 'year': '2026/2035', 'raw_value': 74.55679571846954, 'normalized_value': 0.7455679571846955, 'normalization_method': '0.72*SAI_MGIMO_V3_SCORE/100 + 0.28*lognorm(pop_15_24_latest)', 'weight': 1.0, 'score_type': 'modelled_potential_not_observed_student_headcount'}",modelled,TZA,Tanzania
MWI,Malawi,Sub-Saharan Africa,-13.386737,33.608082,Moscow,55.7558,37.6176,modelled_potential_not_observed_mgimo_students,70.17387269103199,2.299086008239252,68.24095343481251,8,practical_priority_pool,"{'source_key': 'student_flows_modelled_v3.csv', 'year': '2026/2035', 'raw_value': 70.17387269103199, 'normalized_value': 0.7017387269103199, 'normalization_method': '0.72*SAI_MGIMO_V3_SCORE/100 + 0.28*lognorm(pop_15_24_latest)', 'weight': 1.0, 'score_type': 'modelled_potential_not_observed_student_headcount'}",modelled,MWI,Malawi
TCD,Chad,Sub-Saharan Africa,15.142959,18.645041,Moscow,55.7558,37.6176,modelled_potential_not_observed_mgimo_students,69.52789638849247,2.2839055651295728,68.11748858521264,9,practical_priority_pool,"{'source_key': 'student_flows_modelled_v3.csv', 'year': '2026/2035', 'raw_value': 69.52789638849247, 'normalized_value': 0.6952789638849246, 'normalization_method': '0.72*SAI_MGIMO_V3_SCORE/100 + 0.28*lognorm(pop_15_24_latest)', 'weight': 1.0, 'score_type': 'modelled_potential_not_observed_student_headcount'}",modelled,TCD,Chad
MEX,Mexico,Latin America & Caribbean,23.919988,-102.289448,Moscow,55.7558,37.6176,modelled_potential_not_observed_mgimo_students,76.0120996802466,2.4362843424857954,68.05669582769028,10,practical_priority_pool,"{'source_key': 'student_flows_modelled_v3.csv', 'year': '2026/2035', 'raw_value': 76.0120996802466, 'normalized_value': 0.760120996802466, 'normalization_method': '0.72*SAI_MGIMO_V3_SCORE/100 + 0.28*lognorm(pop_15_24_latest)', 'weight': 1.0, 'score_type': 'modelled_potential_not_observed_student_headcount'}",modelled,MEX,Mexico
AGO,Angola,Sub-Saharan Africa,-12.182762,17.984249,Moscow,55.7558,37.6176,modelled_potential_not_observed_mgimo_students,71.68635423394389,2.334629324497681,68.02352450369692,11,practical_priority_pool,"{'source_key': 'student_flows_modelled_v3.csv', 'year': '2026/2035', 'raw_value': 71.68635423394389, 'normalized_value': 0.7168635423394388, 'normalization_method': '0.72*SAI_MGIMO_V3_SCORE/100 + 0.28*lognorm(pop_15_24_latest)', 'weight': 1.0, 'score_type': 'modelled_potential_not_observed_student_headcount'}",modelled,AGO,Angola
PHL,Philippines,East Asia & Pacific,11.198,122.465,Moscow,55.7558,37.6176,modelled_potential_not_observed_mgimo_students,75.60295504454852,2.4266694435468903,67.53355794087017,12,practical_priority_pool,"{'source_key': 'student_flows_modelled_v3.csv', 'year': '2026/2035', 'raw_value': 75.60295504454852, 'normalized_value': 0.7560295504454853, 'normalization_method': '0.72*SAI_MGIMO_V3_SCORE/100 + 0.28*lognorm(pop_15_24_latest)', 'weight': 1.0, 'score_type': 'modelled_potential_not_observed_student_headcount'}",modelled,PHL,Philippines
IRQ,Iraq,Middle East & North Africa,33.09403,43.26181,Moscow,55.7558,37.6176,modelled_potential_not_observed_mgimo_students,72.12734562074186,2.344992622087434,67.45911853297955,13,practical_priority_pool,"{'source_key': 'student_flows_modelled_v3.csv', 'year': '2026/2035', 'raw_value': 72.12734562074186, 'normalized_value': 0.7212734562074187, 'normalization_method': '0.72*SAI_MGIMO_V3_SCORE/100 + 0.28*lognorm(pop_15_24_latest)', 'weight': 1.0, 'score_type': 'modelled_potential_not_observed_student_headcount'}",modelled,IRQ,Iraq
ETH,Ethiopia,Sub-Saharan Africa,8.032795,39.0886,Moscow,55.7558,37.6176,modelled_potential_not_observed_mgimo_students,76.32633496083521,2.4436688715796278,67.29851129305963,14,practical_priority_pool,"{'source_key': 'student_flows_modelled_v3.csv', 'year': '2026/2035', 'raw_value': 76.32633496083521, 'normalized_value': 0.7632633496083521, 'normalization_method': '0.72*SAI_MGIMO_V3_SCORE/100 + 0.28*lognorm(pop_15_24_latest)', 'weight': 1.0, 'score_type': 'modelled_potential_not_observed_student_headcount'}",modelled,ETH,Ethiopia
KEN,Kenya,Sub-Saharan Africa,0.549043,37.907632,Moscow,55.7558,37.6176,modelled_potential_not_observed_mgimo_students,73.09337114014743,2.3676942217934647,67.25766156735719,15,practical_priority_pool,"{'source_key': 'student_flows_modelled_v3.csv', 'year': '2026/2035', 'raw_value': 73.09337114014743, 'normalized_value': 0.7309337114014742, 'normalization_method': '0.72*SAI_MGIMO_V3_SCORE/100 + 0.28*lognorm(pop_15_24_latest)', 'weight': 1.0, 'score_type': 'modelled_potential_not_observed_student_headcount'}",modelled,KEN,Kenya
SEN,Senegal,Sub-Saharan Africa,15.138125,-14.778586,Moscow,55.7558,37.6176,modelled_potential_not_observed_mgimo_students,68.470843719512,2.2590648274085323,66.94120439476123,16,practical_priority_pool,"{'source_key': 'student_flows_modelled_v3.csv', 'year': '2026/2035', 'raw_value': 68.470843719512, 'normalized_value': 0.6847084371951201, 'normalization_method': '0.72*SAI_MGIMO_V3_SCORE/100 + 0.28*lognorm(pop_15_24_latest)', 'weight': 1.0, 'score_type': 'modelled_potential_not_observed_student_headcount'}",modelled,SEN,Senegal
PAK,Pakistan,Middle East & North Africa,29.328389,68.545632,Moscow,55.7558,37.6176,modelled_potential_not_observed_mgimo_students,76.13433190642593,2.439156799801009,66.85323875892492,17,practical_priority_pool,"{'source_key': 'student_flows_modelled_v3.csv', 'year': '2026/2035', 'raw_value': 76.13433190642593, 'normalized_value': 0.7613433190642592, 'normalization_method': '0.72*SAI_MGIMO_V3_SCORE/100 + 0.28*lognorm(pop_15_24_latest)', 'weight': 1.0, 'score_type': 'modelled_potential_not_observed_student_headcount'}",modelled,PAK,Pakistan
TUR,Türkiye,Europe & Central Asia,39.345388,34.508268,Moscow,55.7558,37.6176,modelled_potential_not_observed_mgimo_students,73.03254773022306,2.366264871660242,66.83903462891713,18,practical_priority_pool,"{'source_key': 'student_flows_modelled_v3.csv', 'year': '2026/2035', 'raw_value': 73.03254773022306, 'normalized_value': 0.7303254773022306, 'normalization_method': '0.72*SAI_MGIMO_V3_SCORE/100 + 0.28*lognorm(pop_15_24_latest)', 'weight': 1.0, 'score_type': 'modelled_potential_not_observed_student_headcount'}",modelled,TUR,Türkiye
CIV,Côte d'Ivoire,Sub-Saharan Africa,7.49139,-5.568618,Moscow,55.7558,37.6176,modelled_potential_not_observed_mgimo_students,70.12513327237568,2.297940631900828,66.70200004069213,19,practical_priority_pool,"{'source_key': 'student_flows_modelled_v3.csv', 'year': '2026/2035', 'raw_value': 70.12513327237568, 'normalized_value': 0.7012513327237567, 'normalization_method': '0.72*SAI_MGIMO_V3_SCORE/100 + 0.28*lognorm(pop_15_24_latest)', 'weight': 1.0, 'score_type': 'modelled_potential_not_observed_student_headcount'}",modelled,CIV,Côte d'Ivoire
UGA,Uganda,Sub-Saharan Africa,1.972589,32.948555,Moscow,55.7558,37.6176,modelled_potential_not_observed_mgimo_students,72.26325939324056,2.3481865957411534,66.68218756401333,20,practical_priority_pool,"{'source_key': 'student_flows_modelled_v3.csv', 'year': '2026/2035', 'raw_value': 72.26325939324056, 'normalized_value': 0.7226325939324056, 'normalization_method': '0.72*SAI_MGIMO_V3_SCORE/100 + 0.28*lognorm(pop_15_24_latest)', 'weight': 1.0, 'score_type': 'modelled_potential_not_observed_student_headcount'}",modelled,UGA,Uganda
IDN,Indonesia,East Asia & Pacific,-0.954404,101.892949,Moscow,55.7558,37.6176,modelled_potential_not_observed_mgimo_students,75.99827828270236,2.435959539643505,66.66427539264215,21,practical_priority_pool,"{'source_key': 'student_flows_modelled_v3.csv', 'year': '2026/2035', 'raw_value': 75.99827828270236, 'normalized_value': 0.7599827828270236, 'normalization_method': '0.72*SAI_MGIMO_V3_SCORE/100 + 0.28*lognorm(pop_15_24_latest)', 'weight': 1.0, 'score_type': 'modelled_potential_not_observed_student_headcount'}",modelled,IDN,Indonesia
IND,India,South Asia,22.686852,79.358105,Moscow,55.7558,37.6176,modelled_potential_not_observed_mgimo_students,75.91683149601106,2.43404554015626,66.5511548555709,22,practical_priority_pool,"{'source_key': 'student_flows_modelled_v3.csv', 'year': '2026/2035', 'raw_value': 75.91683149601106, 'normalized_value': 0.7591683149601106, 'normalization_method': '0.72*SAI_MGIMO_V3_SCORE/100 + 0.28*lognorm(pop_15_24_latest)', 'weight': 1.0, 'score_type': 'modelled_potential_not_observed_student_headcount'}",modelled,IND,India
MYS,Malaysia,East Asia & Pacific,2.528667,113.83708,Moscow,55.7558,37.6176,modelled_potential_not_observed_mgimo_students,69.7788138675362,2.289802125887101,66.45117786541492,23,practical_priority_pool,"{'source_key': 'student_flows_modelled_v3.csv', 'year': '2026/2035', 'raw_value': 69.7788138675362, 'normalized_value': 0.697788138675362, 'normalization_method': '0.72*SAI_MGIMO_V3_SCORE/100 + 0.28*lognorm(pop_15_24_latest)', 'weight': 1.0, 'score_type': 'modelled_potential_not_observed_student_headcount'}",modelled,MYS,Malaysia
MRT,Mauritania,Sub-Saharan Africa,19.587062,-9.740299,Moscow,55.7558,37.6176,modelled_potential_not_observed_mgimo_students,62.911352614499,2.1284167864407264,66.27414567141703,24,practical_priority_pool,"{'source_key': 'student_flows_modelled_v3.csv', 'year': '2026/2035', 'raw_value': 62.911352614499, 'normalized_value': 0.62911352614499, 'normalization_method': '0.72*SAI_MGIMO_V3_SCORE/100 + 0.28*lognorm(pop_15_24_latest)', 'weight': 1.0, 'score_type': 'modelled_potential_not_observed_student_headcount'}",modelled,MRT,Mauritania
MLI,Mali,Sub-Saharan Africa,18.692713,-2.038455,Moscow,55.7558,37.6176,modelled_potential_not_observed_mgimo_students,68.82678951704708,2.267429553650606,66.03584890975482,25,practical_priority_pool,"{'source_key': 'student_flows_modelled_v3.csv', 'year': '2026/2035', 'raw_value': 68.82678951704708, 'normalized_value': 0.6882678951704707, 'normalization_method': '0.72*SAI_MGIMO_V3_SCORE/100 + 0.28*lognorm(pop_15_24_latest)', 'weight': 1.0, 'score_type': 'modelled_potential_not_observed_student_headcount'}",modelled,MLI,Mali
KWT,Kuwait,Middle East & North Africa,29.413628,47.313999,Moscow,55.7558,37.6176,modelled_potential_not_observed_mgimo_students,60.0986683296192,2.0623187057460517,65.92862822399222,26,practical_priority_pool,"{'source_key': 'student_flows_modelled_v3.csv', 'year': '2026/2035', 'raw_value': 60.0986683296192, 'normalized_value': 0.600986683296192, 'normalization_method': '0.72*SAI_MGIMO_V3_SCORE/100 + 0.28*lognorm(pop_15_24_latest)', 'weight': 1.0, 'score_type': 'modelled_potential_not_observed_student_headcount'}",modelled,KWT,Kuwait
GHA,Ghana,Sub-Saharan Africa,7.717639,-1.036941,Moscow,55.7558,37.6176,modelled_potential_not_observed_mgimo_students,69.70501546902157,2.288067863522007,65.75291399365472,27,practical_priority_pool,"{'source_key': 'student_flows_modelled_v3.csv', 'year': '2026/2035', 'raw_value': 69.70501546902157, 'normalized_value': 0.6970501546902157, 'normalization_method': '0.72*SAI_MGIMO_V3_SCORE/100 + 0.28*lognorm(pop_15_24_latest)', 'weight': 1.0, 'score_type': 'modelled_potential_not_observed_student_headcount'}",modelled,GHA,Ghana
CMR,Cameroon,Sub-Saharan Africa,4.585041,12.473488,Moscow,55.7558,37.6176,modelled_potential_not_observed_mgimo_students,69.1034459221342,2.273930979170154,65.64323238615921,28,practical_priority_pool,"{'source_key': 'student_flows_modelled_v3.csv', 'year': '2026/2035', 'raw_value': 69.1034459221342, 'normalized_value': 0.691034459221342, 'normalization_method': '0.72*SAI_MGIMO_V3_SCORE/100 + 0.28*lognorm(pop_15_24_latest)', 'weight': 1.0, 'score_type': 'modelled_potential_not_observed_student_headcount'}",modelled,CMR,Cameroon
BRA,Brazil,Latin America & Caribbean,-12.098687,-49.55945,Moscow,55.7558,37.6176,modelled_potential_not_observed_mgimo_students,75.13137582898686,2.415587331981192,65.46024420692619,29,practical_priority_pool,"{'source_key': 'student_flows_modelled_v3.csv', 'year': '2026/2035', 'raw_value': 75.13137582898686, 'normalized_value': 0.7513137582898686, 'normalization_method': '0.72*SAI_MGIMO_V3_SCORE/100 + 0.28*lognorm(pop_15_24_latest)', 'weight': 1.0, 'score_type': 'modelled_potential_not_observed_student_headcount'}",modelled,BRA,Brazil
NER,Niger,Sub-Saharan Africa,17.446195,9.504356,Moscow,55.7558,37.6176,modelled_potential_not_observed_mgimo_students,68.81430315778017,2.267136124207834,65.45871155414818,30,practical_priority_pool,"{'source_key': 'student_flows_modelled_v3.csv', 'year': '2026/2035', 'raw_value': 68.81430315778017, 'normalized_value': 0.6881430315778018, 'normalization_method': '0.72*SAI_MGIMO_V3_SCORE/100 + 0.28*lognorm(pop_15_24_latest)', 'weight': 1.0, 'score_type': 'modelled_potential_not_observed_student_headcount'}",modelled,NER,Niger
GAB,Gabon,Sub-Saharan Africa,-0.437739,11.835939,Moscow,55.7558,37.6176,modelled_potential_not_observed_mgimo_students,59.07024855795212,2.0381508411118747,65.40324889333678,31,practical_priority_pool,"{'source_key': 'student_flows_modelled_v3.csv', 'year': '2026/2035', 'raw_value': 59.07024855795212, 'normalized_value': 0.5907024855795212, 'normalization_method': '0.72*SAI_MGIMO_V3_SCORE/100 + 0.28*lognorm(pop_15_24_latest)', 'weight': 1.0, 'score_type': 'modelled_potential_not_observed_student_headcount'}",modelled,GAB,Gabon
VNM,Viet Nam,East Asia & Pacific,21.715416,105.387292,Moscow,55.7558,37.6176,modelled_potential_not_observed_mgimo_students,72.10780261937641,2.344533361555346,65.18194912428332,32,in_preparation_but_ranked,"{'source_key': 'student_flows_modelled_v3.csv', 'year': '2026/2035', 'raw_value': 72.10780261937641, 'normalized_value': 0.7210780261937642, 'normalization_method': '0.72*SAI_MGIMO_V3_SCORE/100 + 0.28*lognorm(pop_15_24_latest)', 'weight': 1.0, 'score_type': 'modelled_potential_not_observed_student_headcount'}",modelled,VNM,Viet Nam
BGD,Bangladesh,South Asia,24.214956,89.684963,Moscow,55.7558,37.6176,modelled_potential_not_observed_mgimo_students,74.92942973911435,2.410841598869187,65.1797635265477,33,practical_priority_pool,"{'source_key': 'student_flows_modelled_v3.csv', 'year': '2026/2035', 'raw_value': 74.92942973911435, 'normalized_value': 0.7492942973911435, 'normalization_method': '0.72*SAI_MGIMO_V3_SCORE/100 + 0.28*lognorm(pop_15_24_latest)', 'weight': 1.0, 'score_type': 'modelled_potential_not_observed_student_headcount'}",modelled,BGD,Bangladesh
CHN,China,East Asia & Pacific,32.498178,106.337289,Moscow,55.7558,37.6176,modelled_potential_not_observed_mgimo_students,74.89540422065204,2.410041999185323,65.13250586201673,34,practical_priority_pool,"{'source_key': 'student_flows_modelled_v3.csv', 'year': '2026/2035', 'raw_value': 74.89540422065204, 'normalized_value': 0.7489540422065204, 'normalization_method': '0.72*SAI_MGIMO_V3_SCORE/100 + 0.28*lognorm(pop_15_24_latest)', 'weight': 1.0, 'score_type': 'modelled_potential_not_observed_student_headcount'}",modelled,CHN,China
SYR,Syrian Arab Republic,Middle East & North Africa,35.006636,38.277783,Moscow,55.7558,37.6176,modelled_potential_not_observed_mgimo_students,68.73905496986839,2.2653677917919075,65.11820499438011,35,practical_priority_pool,"{'source_key': 'student_flows_modelled_v3.csv', 'year': '2026/2035', 'raw_value': 68.73905496986839, 'normalized_value': 0.687390549698684, 'normalization_method': '0.72*SAI_MGIMO_V3_SCORE/100 + 0.28*lognorm(pop_15_24_latest)', 'weight': 1.0, 'score_type': 'modelled_potential_not_observed_student_headcount'}",modelled,SYR,Syrian Arab Republic
ISR,Israel,Middle East & North Africa,30.911148,34.847915,Moscow,55.7558,37.6176,modelled_potential_not_observed_mgimo_students,63.38508430763103,2.1395494812293294,65.06209061573888,36,practical_priority_pool,"{'source_key': 'student_flows_modelled_v3.csv', 'year': '2026/2035', 'raw_value': 63.38508430763103, 'normalized_value': 0.6338508430763103, 'normalization_method': '0.72*SAI_MGIMO_V3_SCORE/100 + 0.28*lognorm(pop_15_24_latest)', 'weight': 1.0, 'score_type': 'modelled_potential_not_observed_student_headcount'}",modelled,ISR,Israel
COG,"Congo, Rep.",Sub-Saharan Africa,0.142331,15.9005,Moscow,55.7558,37.6176,modelled_potential_not_observed_mgimo_students,62.6374555000991,2.121980204252329,64.97943902554864,37,practical_priority_pool,"{'source_key': 'student_flows_modelled_v3.csv', 'year': '2026/2035', 'raw_value': 62.6374555000991, 'normalized_value': 0.626374555000991, 'normalization_method': '0.72*SAI_MGIMO_V3_SCORE/100 + 0.28*lognorm(pop_15_24_latest)', 'weight': 1.0, 'score_type': 'modelled_potential_not_observed_student_headcount'}",modelled,COG,"Congo, Rep."
JOR,Jordan,Middle East & North Africa,30.805025,36.375991,Moscow,55.7558,37.6176,modelled_potential_not_observed_mgimo_students,64.47441473369815,2.165148746241907,64.52757121725271,38,practical_priority_pool,"{'source_key': 'student_flows_modelled_v3.csv', 'year': '2026/2035', 'raw_value': 64.47441473369815, 'normalized_value': 0.6447441473369815, 'normalization_method': '0.72*SAI_MGIMO_V3_SCORE/100 + 0.28*lognorm(pop_15_24_latest)', 'weight': 1.0, 'score_type': 'modelled_potential_not_observed_student_headcount'}",modelled,JOR,Jordan
KAZ,Kazakhstan,Europe & Central Asia,49.054149,68.685548,Moscow,55.7558,37.6176,modelled_potential_not_observed_mgimo_students,65.52829294847339,2.1899148842891245,64.50898095731968,39,practical_priority_pool,"{'source_key': 'student_flows_modelled_v3.csv', 'year': '2026/2035', 'raw_value': 65.52829294847339, 'normalized_value': 0.6552829294847339, 'normalization_method': '0.72*SAI_MGIMO_V3_SCORE/100 + 0.28*lognorm(pop_15_24_latest)', 'weight': 1.0, 'score_type': 'modelled_potential_not_observed_student_headcount'}",modelled,KAZ,Kazakhstan
ZMB,Zambia,Sub-Saharan Africa,-14.660804,26.395298,Moscow,55.7558,37.6176,modelled_potential_not_observed_mgimo_students,67.13321626957082,2.2276305823349145,64.34883111260079,40,practical_priority_pool,"{'source_key': 'student_flows_modelled_v3.csv', 'year': '2026/2035', 'raw_value': 67.13321626957082, 'normalized_value': 0.6713321626957083, 'normalization_method': '0.72*SAI_MGIMO_V3_SCORE/100 + 0.28*lognorm(pop_15_24_latest)', 'weight': 1.0, 'score_type': 'modelled_potential_not_observed_student_headcount'}",modelled,ZMB,Zambia
AFG,Afghanistan,Middle East & North Africa,34.164262,66.496586,Moscow,55.7558,37.6176,modelled_potential_not_observed_mgimo_students,69.68451594218924,2.287586124641447,64.06633138808587,41,practical_priority_pool,"{'source_key': 'student_flows_modelled_v3.csv', 'year': '2026/2035', 'raw_value': 69.68451594218924, 'normalized_value': 0.6968451594218924, 'normalization_method': '0.72*SAI_MGIMO_V3_SCORE/100 + 0.28*lognorm(pop_15_24_latest)', 'weight': 1.0, 'score_type': 'modelled_potential_not_observed_student_headcount'}",modelled,AFG,Afghanistan
ZWE,Zimbabwe,Sub-Saharan Africa,-18.91164,29.925444,Moscow,55.7558,37.6176,modelled_potential_not_observed_mgimo_students,65.94295575421624,2.199659460224082,63.9319933088282,42,practical_priority_pool,"{'source_key': 'student_flows_modelled_v3.csv', 'year': '2026/2035', 'raw_value': 65.94295575421624, 'normalized_value': 0.6594295575421625, 'normalization_method': '0.72*SAI_MGIMO_V3_SCORE/100 + 0.28*lognorm(pop_15_24_latest)', 'weight': 1.0, 'score_type': 'modelled_potential_not_observed_student_headcount'}",modelled,ZWE,Zimbabwe
BFA,Burkina Faso,Sub-Saharan Africa,12.673048,-1.36388,Moscow,55.7558,37.6176,modelled_potential_not_observed_mgimo_students,66.95145097317092,2.223359097869517,63.54669084692048,43,practical_priority_pool,"{'source_key': 'student_flows_modelled_v3.csv', 'year': '2026/2035', 'raw_value': 66.95145097317092, 'normalized_value': 0.6695145097317092, 'normalization_method': '0.72*SAI_MGIMO_V3_SCORE/100 + 0.28*lognorm(pop_15_24_latest)', 'weight': 1.0, 'score_type': 'modelled_potential_not_observed_student_headcount'}",modelled,BFA,Burkina Faso
PER,Peru,Latin America & Caribbean,-12.976679,-72.90016,Moscow,55.7558,37.6176,modelled_potential_not_observed_mgimo_students,67.36054581753751,2.232972826712132,63.30610449583334,44,practical_priority_pool,"{'source_key': 'student_flows_modelled_v3.csv', 'year': '2026/2035', 'raw_value': 67.36054581753751, 'normalized_value': 0.6736054581753751, 'normalization_method': '0.72*SAI_MGIMO_V3_SCORE/100 + 0.28*lognorm(pop_15_24_latest)', 'weight': 1.0, 'score_type': 'modelled_potential_not_observed_student_headcount'}",modelled,PER,Peru
ARG,Argentina,Latin America & Caribbean,-33.501159,-64.173331,Moscow,55.7558,37.6176,modelled_potential_not_observed_mgimo_students,68.04360523907359,2.2490247231182297,63.13261172865426,45,practical_priority_pool,"{'source_key': 'student_flows_modelled_v3.csv', 'year': '2026/2035', 'raw_value': 68.04360523907359, 'normalized_value': 0.6804360523907359, 'normalization_method': '0.72*SAI_MGIMO_V3_SCORE/100 + 0.28*lognorm(pop_15_24_latest)', 'weight': 1.0, 'score_type': 'modelled_potential_not_observed_student_headcount'}",modelled,ARG,Argentina
SAU,Saudi Arabia,Middle East & North Africa,23.806908,44.6996,Moscow,55.7558,37.6176,modelled_potential_not_observed_mgimo_students,66.7055655350657,2.2175807900740443,63.05997397148423,46,practical_priority_pool,"{'source_key': 'student_flows_modelled_v3.csv', 'year': '2026/2035', 'raw_value': 66.7055655350657, 'normalized_value': 0.667055655350657, 'normalization_method': '0.72*SAI_MGIMO_V3_SCORE/100 + 0.28*lognorm(pop_15_24_latest)', 'weight': 1.0, 'score_type': 'modelled_potential_not_observed_student_headcount'}",modelled,SAU,Saudi Arabia
MOZ,Mozambique,Sub-Saharan Africa,-13.94323,37.83789,Moscow,55.7558,37.6176,modelled_potential_not_observed_mgimo_students,67.95018620264428,2.2468293757621405,63.02807288222415,47,practical_priority_pool,"{'source_key': 'student_flows_modelled_v3.csv', 'year': '2026/2035', 'raw_value': 67.95018620264428, 'normalized_value': 0.6795018620264428, 'normalization_method': '0.72*SAI_MGIMO_V3_SCORE/100 + 0.28*lognorm(pop_15_24_latest)', 'weight': 1.0, 'score_type': 'modelled_potential_not_observed_student_headcount'}",modelled,MOZ,Mozambique
COL,Colombia,Latin America & Caribbean,3.373111,-73.174347,Moscow,55.7558,37.6176,modelled_potential_not_observed_mgimo_students,68.61349064703687,2.2624170302053663,63.01234925621409,48,practical_priority_pool,"{'source_key': 'student_flows_modelled_v3.csv', 'year': '2026/2035', 'raw_value': 68.61349064703687, 'normalized_value': 0.6861349064703687, 'normalization_method': '0.72*SAI_MGIMO_V3_SCORE/100 + 0.28*lognorm(pop_15_24_latest)', 'weight': 1.0, 'score_type': 'modelled_potential_not_observed_student_headcount'}",modelled,COL,Colombia
UZB,Uzbekistan,Europe & Central Asia,41.693603,64.005429,Moscow,55.7558,37.6176,modelled_potential_not_observed_mgimo_students,66.68917005892045,2.217195496384631,62.79527590926892,49,practical_priority_pool,"{'source_key': 'student_flows_modelled_v3.csv', 'year': '2026/2035', 'raw_value': 66.68917005892045, 'normalized_value': 0.6668917005892046, 'normalization_method': '0.72*SAI_MGIMO_V3_SCORE/100 + 0.28*lognorm(pop_15_24_latest)', 'weight': 1.0, 'score_type': 'modelled_potential_not_observed_student_headcount'}",modelled,UZB,Uzbekistan
ZAF,South Africa,Sub-Saharan Africa,-29.708776,23.665734,Moscow,55.7558,37.6176,modelled_potential_not_observed_mgimo_students,69.28508132701589,2.2781994111848736,62.73053666827839,50,practical_priority_pool,"{'source_key': 'student_flows_modelled_v3.csv', 'year': '2026/2035', 'raw_value': 69.28508132701589, 'normalized_value': 0.6928508132701588, 'normalization_method': '0.72*SAI_MGIMO_V3_SCORE/100 + 0.28*lognorm(pop_15_24_latest)', 'weight': 1.0, 'score_type': 'modelled_potential_not_observed_student_headcount'}",modelled,ZAF,South Africa
YEM,"Yemen, Rep.",Middle East & North Africa,15.328226,45.874383,Moscow,55.7558,37.6176,modelled_potential_not_observed_mgimo_students,68.14338793308747,2.251369616427556,62.68110542607593,51,practical_priority_pool,"{'source_key': 'student_flows_modelled_v3.csv', 'year': '2026/2035', 'raw_value': 68.14338793308747, 'normalized_value': 0.6814338793308746, 'normalization_method': '0.72*SAI_MGIMO_V3_SCORE/100 + 0.28*lognorm(pop_15_24_latest)', 'weight': 1.0, 'score_type': 'modelled_potential_not_observed_student_headcount'}",modelled,YEM,"Yemen, Rep."
TKM,Turkmenistan,Europe & Central Asia,39.855246,58.676647,Moscow,55.7558,37.6176,modelled_potential_not_observed_mgimo_students,60.4202027886117,2.069874765532375,62.58775076191814,52,practical_priority_pool,"{'source_key': 'student_flows_modelled_v3.csv', 'year': '2026/2035', 'raw_value': 60.4202027886117, 'normalized_value': 0.604202027886117, 'normalization_method': '0.72*SAI_MGIMO_V3_SCORE/100 + 0.28*lognorm(pop_15_24_latest)', 'weight': 1.0, 'score_type': 'modelled_potential_not_observed_student_headcount'}",modelled,TKM,Turkmenistan
THA,Thailand,East Asia & Pacific,15.45974,101.073198,Moscow,55.7558,37.6176,modelled_potential_not_observed_mgimo_students,68.57622070667219,2.2615411866067965,62.58665586030424,53,practical_priority_pool,"{'source_key': 'student_flows_modelled_v3.csv', 'year': '2026/2035', 'raw_value': 68.57622070667219, 'normalized_value': 0.6857622070667219, 'normalization_method': '0.72*SAI_MGIMO_V3_SCORE/100 + 0.28*lognorm(pop_15_24_latest)', 'weight': 1.0, 'score_type': 'modelled_potential_not_observed_student_headcount'}",modelled,THA,Thailand
MAR,Morocco,Middle East & North Africa,31.650723,-7.187296,Moscow,55.7558,37.6176,modelled_potential_not_observed_mgimo_students,67.00917197411106,2.22471554139161,62.42634725294944,54,practical_priority_pool,"{'source_key': 'student_flows_modelled_v3.csv', 'year': '2026/2035', 'raw_value': 67.00917197411106, 'normalized_value': 0.6700917197411106, 'normalization_method': '0.72*SAI_MGIMO_V3_SCORE/100 + 0.28*lognorm(pop_15_24_latest)', 'weight': 1.0, 'score_type': 'modelled_potential_not_observed_student_headcount'}",modelled,MAR,Morocco
RWA,Rwanda,Sub-Saharan Africa,-1.897196,30.103894,Moscow,55.7558,37.6176,modelled_potential_not_observed_mgimo_students,64.00322034512635,2.1540756781104693,62.1388630388478,55,practical_priority_pool,"{'source_key': 'student_flows_modelled_v3.csv', 'year': '2026/2035', 'raw_value': 64.00322034512635, 'normalized_value': 0.6400322034512635, 'normalization_method': '0.72*SAI_MGIMO_V3_SCORE/100 + 0.28*lognorm(pop_15_24_latest)', 'weight': 1.0, 'score_type': 'modelled_potential_not_observed_student_headcount'}",modelled,RWA,Rwanda
BEN,Benin,Sub-Saharan Africa,10.324775,2.352018,Moscow,55.7558,37.6176,modelled_potential_not_observed_mgimo_students,63.82136955261189,2.1498021844863797,62.09206359428174,56,practical_priority_pool,"{'source_key': 'student_flows_modelled_v3.csv', 'year': '2026/2035', 'raw_value': 63.82136955261189, 'normalized_value': 0.638213695526119, 'normalization_method': '0.72*SAI_MGIMO_V3_SCORE/100 + 0.28*lognorm(pop_15_24_latest)', 'weight': 1.0, 'score_type': 'modelled_potential_not_observed_student_headcount'}",modelled,BEN,Benin
IRN,"Iran, Islamic Rep.",Middle East & North Africa,32.166225,54.931495,Moscow,55.7558,37.6176,modelled_potential_not_observed_mgimo_students,69.37554209059283,2.280325239128932,62.04681551862843,57,practical_priority_pool,"{'source_key': 'student_flows_modelled_v3.csv', 'year': '2026/2035', 'raw_value': 69.37554209059283, 'normalized_value': 0.6937554209059283, 'normalization_method': '0.72*SAI_MGIMO_V3_SCORE/100 + 0.28*lognorm(pop_15_24_latest)', 'weight': 1.0, 'score_type': 'modelled_potential_not_observed_student_headcount'}",modelled,IRN,"Iran, Islamic Rep."
SDN,Sudan,Sub-Saharan Africa,16.330746,29.260657,Moscow,55.7558,37.6176,modelled_potential_not_observed_mgimo_students,68.6264726810082,2.262722108003693,61.9292434336092,58,practical_priority_pool,"{'source_key': 'student_flows_modelled_v3.csv', 'year': '2026/2035', 'raw_value': 68.6264726810082, 'normalized_value': 0.686264726810082, 'normalization_method': '0.72*SAI_MGIMO_V3_SCORE/100 + 0.28*lognorm(pop_15_24_latest)', 'weight': 1.0, 'score_type': 'modelled_potential_not_observed_student_headcount'}",modelled,SDN,Sudan
OMN,Oman,Middle East & North Africa,22.120427,57.336553,Moscow,55.7558,37.6176,modelled_potential_not_observed_mgimo_students,58.13500454056183,2.016172606703203,61.53516340442353,59,practical_priority_pool,"{'source_key': 'student_flows_modelled_v3.csv', 'year': '2026/2035', 'raw_value': 58.13500454056183, 'normalized_value': 0.5813500454056183, 'normalization_method': '0.72*SAI_MGIMO_V3_SCORE/100 + 0.28*lognorm(pop_15_24_latest)', 'weight': 1.0, 'score_type': 'modelled_potential_not_observed_student_headcount'}",modelled,OMN,Oman
MDG,Madagascar,Sub-Saharan Africa,-18.628288,46.704241,Moscow,55.7558,37.6176,modelled_potential_not_observed_mgimo_students,66.36752110473009,2.209636745961157,61.255843403244505,60,practical_priority_pool,"{'source_key': 'student_flows_modelled_v3.csv', 'year': '2026/2035', 'raw_value': 66.36752110473009, 'normalized_value': 0.6636752110473009, 'normalization_method': '0.72*SAI_MGIMO_V3_SCORE/100 + 0.28*lognorm(pop_15_24_latest)', 'weight': 1.0, 'score_type': 'modelled_potential_not_observed_student_headcount'}",modelled,MDG,Madagascar
DZA,Algeria,Middle East & North Africa,27.397406,2.808241,Moscow,55.7558,37.6176,modelled_potential_not_observed_mgimo_students,66.37787179225344,2.209879987117956,61.180776489572494,61,practical_priority_pool,"{'source_key': 'student_flows_modelled_v3.csv', 'year': '2026/2035', 'raw_value': 66.37787179225344, 'normalized_value': 0.6637787179225344, 'normalization_method': '0.72*SAI_MGIMO_V3_SCORE/100 + 0.28*lognorm(pop_15_24_latest)', 'weight': 1.0, 'score_type': 'modelled_potential_not_observed_student_headcount'}",modelled,DZA,Algeria
LKA,Sri Lanka,South Asia,7.581097,80.704823,Moscow,55.7558,37.6176,modelled_potential_not_observed_mgimo_students,63.94935356844768,2.1528098088585206,61.13902973735505,62,practical_priority_pool,"{'source_key': 'student_flows_modelled_v3.csv', 'year': '2026/2035', 'raw_value': 63.94935356844768, 'normalized_value': 0.6394935356844768, 'normalization_method': '0.72*SAI_MGIMO_V3_SCORE/100 + 0.28*lognorm(pop_15_24_latest)', 'weight': 1.0, 'score_type': 'modelled_potential_not_observed_student_headcount'}",modelled,LKA,Sri Lanka
GIN,Guinea,Sub-Saharan Africa,10.618516,-10.016402,Moscow,55.7558,37.6176,modelled_potential_not_observed_mgimo_students,63.16722749837433,2.134429846211797,60.90355229357945,63,practical_priority_pool,"{'source_key': 'student_flows_modelled_v3.csv', 'year': '2026/2035', 'raw_value': 63.16722749837433, 'normalized_value': 0.6316722749837433, 'normalization_method': '0.72*SAI_MGIMO_V3_SCORE/100 + 0.28*lognorm(pop_15_24_latest)', 'weight': 1.0, 'score_type': 'modelled_potential_not_observed_student_headcount'}",modelled,GIN,Guinea
BDI,Burundi,Sub-Saharan Africa,-3.332836,29.917086,Moscow,55.7558,37.6176,modelled_potential_not_observed_mgimo_students,62.903480993309024,2.128231803342762,60.88404510415803,64,practical_priority_pool,"{'source_key': 'student_flows_modelled_v3.csv', 'year': '2026/2035', 'raw_value': 62.903480993309024, 'normalized_value': 0.6290348099330902, 'normalization_method': '0.72*SAI_MGIMO_V3_SCORE/100 + 0.28*lognorm(pop_15_24_latest)', 'weight': 1.0, 'score_type': 'modelled_potential_not_observed_student_headcount'}",modelled,BDI,Burundi
GTM,Guatemala,Latin America & Caribbean,14.982133,-90.497134,Moscow,55.7558,37.6176,modelled_potential_not_observed_mgimo_students,63.44424545256619,2.140939768135305,60.09574051629457,65,practical_priority_pool,"{'source_key': 'student_flows_modelled_v3.csv', 'year': '2026/2035', 'raw_value': 63.44424545256619, 'normalized_value': 0.634442454525662, 'normalization_method': '0.72*SAI_MGIMO_V3_SCORE/100 + 0.28*lognorm(pop_15_24_latest)', 'weight': 1.0, 'score_type': 'modelled_potential_not_observed_student_headcount'}",modelled,GTM,Guatemala
NPL,Nepal,South Asia,28.297925,83.639914,Moscow,55.7558,37.6176,modelled_potential_not_observed_mgimo_students,65.08402037108814,2.1794744787205715,60.0050931284797,66,practical_priority_pool,"{'source_key': 'student_flows_modelled_v3.csv', 'year': '2026/2035', 'raw_value': 65.08402037108814, 'normalized_value': 0.6508402037108815, 'normalization_method': '0.72*SAI_MGIMO_V3_SCORE/100 + 0.28*lognorm(pop_15_24_latest)', 'weight': 1.0, 'score_type': 'modelled_potential_not_observed_student_headcount'}",modelled,NPL,Nepal
GNB,Guinea-Bissau,Sub-Saharan Africa,12.163712,-14.52413,Moscow,55.7558,37.6176,modelled_potential_not_observed_mgimo_students,55.17279271629153,1.946560628832851,59.92934147039337,67,practical_priority_pool,"{'source_key': 'student_flows_modelled_v3.csv', 'year': '2026/2035', 'raw_value': 55.17279271629153, 'normalized_value': 0.5517279271629153, 'normalization_method': '0.72*SAI_MGIMO_V3_SCORE/100 + 0.28*lognorm(pop_15_24_latest)', 'weight': 1.0, 'score_type': 'modelled_potential_not_observed_student_headcount'}",modelled,GNB,Guinea-Bissau
BTN,Bhutan,South Asia,27.536685,90.040294,Moscow,55.7558,37.6176,modelled_potential_not_observed_mgimo_students,50.59190519872273,1.838909772169984,59.73562139172097,68,practical_priority_pool,"{'source_key': 'student_flows_modelled_v3.csv', 'year': '2026/2035', 'raw_value': 50.59190519872273, 'normalized_value': 0.5059190519872273, 'normalization_method': '0.72*SAI_MGIMO_V3_SCORE/100 + 0.28*lognorm(pop_15_24_latest)', 'weight': 1.0, 'score_type': 'modelled_potential_not_observed_student_headcount'}",modelled,BTN,Bhutan
TGO,Togo,Sub-Saharan Africa,8.80722,1.058113,Moscow,55.7558,37.6176,modelled_potential_not_observed_mgimo_students,60.44131347925354,2.0703708667624583,59.66808935729687,69,practical_priority_pool,"{'source_key': 'student_flows_modelled_v3.csv', 'year': '2026/2035', 'raw_value': 60.44131347925354, 'normalized_value': 0.6044131347925353, 'normalization_method': '0.72*SAI_MGIMO_V3_SCORE/100 + 0.28*lognorm(pop_15_24_latest)', 'weight': 1.0, 'score_type': 'modelled_potential_not_observed_student_headcount'}",modelled,TGO,Togo
ECU,Ecuador,Latin America & Caribbean,-1.259076,-78.188375,Moscow,55.7558,37.6176,modelled_potential_not_observed_mgimo_students,62.21029917587,2.111942030632945,59.32890819927359,70,practical_priority_pool,"{'source_key': 'student_flows_modelled_v3.csv', 'year': '2026/2035', 'raw_value': 62.21029917587, 'normalized_value': 0.6221029917587, 'normalization_method': '0.72*SAI_MGIMO_V3_SCORE/100 + 0.28*lognorm(pop_15_24_latest)', 'weight': 1.0, 'score_type': 'modelled_potential_not_observed_student_headcount'}",modelled,ECU,Ecuador
COM,Comoros,Sub-Saharan Africa,-11.727683,43.318094,Moscow,55.7558,37.6176,modelled_potential_not_observed_mgimo_students,50.71739017889808,1.8418586692041048,59.02439759707752,71,practical_priority_pool,"{'source_key': 'student_flows_modelled_v3.csv', 'year': '2026/2035', 'raw_value': 50.71739017889808, 'normalized_value': 0.5071739017889808, 'normalization_method': '0.72*SAI_MGIMO_V3_SCORE/100 + 0.28*lognorm(pop_15_24_latest)', 'weight': 1.0, 'score_type': 'modelled_potential_not_observed_student_headcount'}",modelled,COM,Comoros
LBY,Libya,Middle East & North Africa,26.638944,18.011015,Moscow,55.7558,37.6176,modelled_potential_not_observed_mgimo_students,58.40715297331817,2.022568094872977,58.80744580525983,72,practical_priority_pool,"{'source_key': 'student_flows_modelled_v3.csv', 'year': '2026/2035', 'raw_value': 58.40715297331817, 'normalized_value': 0.5840715297331817, 'normalization_method': '0.72*SAI_MGIMO_V3_SCORE/100 + 0.28*lognorm(pop_15_24_latest)', 'weight': 1.0, 'score_type': 'modelled_potential_not_observed_student_headcount'}",modelled,LBY,Libya
VEN,"Venezuela, RB",Latin America & Caribbean,7.182476,-64.599381,Moscow,55.7558,37.6176,modelled_potential_not_observed_mgimo_students,63.584481416586,2.1442353132897707,58.70548349779862,73,practical_priority_pool,"{'source_key': 'student_flows_modelled_v3.csv', 'year': '2026/2035', 'raw_value': 63.584481416586, 'normalized_value': 0.63584481416586, 'normalization_method': '0.72*SAI_MGIMO_V3_SCORE/100 + 0.28*lognorm(pop_15_24_latest)', 'weight': 1.0, 'score_type': 'modelled_potential_not_observed_student_headcount'}",modelled,VEN,"Venezuela, RB"
DOM,Dominican Republic,Latin America & Caribbean,19.104137,-70.653998,Moscow,55.7558,37.6176,modelled_potential_not_observed_mgimo_students,59.81004208849097,2.0555359890795377,58.54967003897246,74,practical_priority_pool,"{'source_key': 'student_flows_modelled_v3.csv', 'year': '2026/2035', 'raw_value': 59.81004208849097, 'normalized_value': 0.5981004208849097, 'normalization_method': '0.72*SAI_MGIMO_V3_SCORE/100 + 0.28*lognorm(pop_15_24_latest)', 'weight': 1.0, 'score_type': 'modelled_potential_not_observed_student_headcount'}",modelled,DOM,Dominican Republic
SLE,Sierra Leone,Sub-Saharan Africa,8.617449,-11.763677,Moscow,55.7558,37.6176,modelled_potential_not_observed_mgimo_students,59.4060982930978,2.046043309887798,58.43873783853953,75,practical_priority_pool,"{'source_key': 'student_flows_modelled_v3.csv', 'year': '2026/2035', 'raw_value': 59.4060982930978, 'normalized_value': 0.594060982930978, 'normalization_method': '0.72*SAI_MGIMO_V3_SCORE/100 + 0.28*lognorm(pop_15_24_latest)', 'weight': 1.0, 'score_type': 'modelled_potential_not_observed_student_headcount'}",modelled,SLE,Sierra Leone
CHL,Chile,Latin America & Caribbean,-38.151771,-72.318871,Moscow,55.7558,37.6176,modelled_potential_not_observed_mgimo_students,60.71644819402271,2.076836532559534,58.36937561013145,76,practical_priority_pool,"{'source_key': 'student_flows_modelled_v3.csv', 'year': '2026/2035', 'raw_value': 60.71644819402271, 'normalized_value': 0.6071644819402271, 'normalization_method': '0.72*SAI_MGIMO_V3_SCORE/100 + 0.28*lognorm(pop_15_24_latest)', 'weight': 1.0, 'score_type': 'modelled_potential_not_observed_student_headcount'}",modelled,CHL,Chile
GMB,"Gambia, The",Sub-Saharan Africa,13.641721,-14.998318,Moscow,55.7558,37.6176,modelled_potential_not_observed_mgimo_students,54.75550828467539,1.936754444689872,58.13939467216896,77,practical_priority_pool,"{'source_key': 'student_flows_modelled_v3.csv', 'year': '2026/2035', 'raw_value': 54.75550828467539, 'normalized_value': 0.5475550828467539, 'normalization_method': '0.72*SAI_MGIMO_V3_SCORE/100 + 0.28*lognorm(pop_15_24_latest)', 'weight': 1.0, 'score_type': 'modelled_potential_not_observed_student_headcount'}",modelled,GMB,"Gambia, The"
KHM,Cambodia,East Asia & Pacific,12.647584,104.50487,Moscow,55.7558,37.6176,modelled_potential_not_observed_mgimo_students,60.93215255884257,2.0819055851328003,57.7316915756736,78,practical_priority_pool,"{'source_key': 'student_flows_modelled_v3.csv', 'year': '2026/2035', 'raw_value': 60.93215255884257, 'normalized_value': 0.6093215255884257, 'normalization_method': '0.72*SAI_MGIMO_V3_SCORE/100 + 0.28*lognorm(pop_15_24_latest)', 'weight': 1.0, 'score_type': 'modelled_potential_not_observed_student_headcount'}",modelled,KHM,Cambodia
AZE,Azerbaijan,Europe & Central Asia,40.402387,47.210994,Moscow,55.7558,37.6176,modelled_potential_not_observed_mgimo_students,57.88216783019863,2.010230944009668,57.60055040313408,79,practical_priority_pool,"{'source_key': 'student_flows_modelled_v3.csv', 'year': '2026/2035', 'raw_value': 57.88216783019863, 'normalized_value': 0.5788216783019863, 'normalization_method': '0.72*SAI_MGIMO_V3_SCORE/100 + 0.28*lognorm(pop_15_24_latest)', 'weight': 1.0, 'score_type': 'modelled_potential_not_observed_student_headcount'}",modelled,AZE,Azerbaijan
PAN,Panama,Latin America & Caribbean,8.72198,-80.352106,Moscow,55.7558,37.6176,modelled_potential_not_observed_mgimo_students,55.07145367516431,1.9441791613663613,57.22886766423547,80,practical_priority_pool,"{'source_key': 'student_flows_modelled_v3.csv', 'year': '2026/2035', 'raw_value': 55.07145367516431, 'normalized_value': 0.5507145367516431, 'normalization_method': '0.72*SAI_MGIMO_V3_SCORE/100 + 0.28*lognorm(pop_15_24_latest)', 'weight': 1.0, 'score_type': 'modelled_potential_not_observed_student_headcount'}",modelled,PAN,Panama
MMR,Myanmar,East Asia & Pacific,21.573855,95.804497,Moscow,55.7558,37.6176,modelled_potential_not_observed_mgimo_students,64.62548057346528,2.168698793476434,57.12131240277243,81,practical_priority_pool,"{'source_key': 'student_flows_modelled_v3.csv', 'year': '2026/2035', 'raw_value': 64.62548057346528, 'normalized_value': 0.6462548057346528, 'normalization_method': '0.72*SAI_MGIMO_V3_SCORE/100 + 0.28*lognorm(pop_15_24_latest)', 'weight': 1.0, 'score_type': 'modelled_potential_not_observed_student_headcount'}",modelled,MMR,Myanmar
HND,Honduras,Latin America & Caribbean,14.794801,-86.887604,Moscow,55.7558,37.6176,modelled_potential_not_observed_mgimo_students,59.01409328182336,2.036831192122849,56.97180232951352,82,practical_priority_pool,"{'source_key': 'student_flows_modelled_v3.csv', 'year': '2026/2035', 'raw_value': 59.01409328182336, 'normalized_value': 0.5901409328182335, 'normalization_method': '0.72*SAI_MGIMO_V3_SCORE/100 + 0.28*lognorm(pop_15_24_latest)', 'weight': 1.0, 'score_type': 'modelled_potential_not_observed_student_headcount'}",modelled,HND,Honduras
KGZ,Kyrgyz Republic,Europe & Central Asia,41.66854,74.532637,Moscow,55.7558,37.6176,modelled_potential_not_observed_mgimo_students,56.5565961030068,1.97908000842066,56.87596013605104,83,practical_priority_pool,"{'source_key': 'student_flows_modelled_v3.csv', 'year': '2026/2035', 'raw_value': 56.5565961030068, 'normalized_value': 0.565565961030068, 'normalization_method': '0.72*SAI_MGIMO_V3_SCORE/100 + 0.28*lognorm(pop_15_24_latest)', 'weight': 1.0, 'score_type': 'modelled_potential_not_observed_student_headcount'}",modelled,KGZ,Kyrgyz Republic
ERI,Eritrea,Sub-Saharan Africa,15.787401,38.285566,Moscow,55.7558,37.6176,modelled_potential_not_observed_mgimo_students,55.0301674052983,1.94320893402451,56.73293729388368,84,practical_priority_pool,"{'source_key': 'student_flows_modelled_v3.csv', 'year': '2026/2035', 'raw_value': 55.0301674052983, 'normalized_value': 0.550301674052983, 'normalization_method': '0.72*SAI_MGIMO_V3_SCORE/100 + 0.28*lognorm(pop_15_24_latest)', 'weight': 1.0, 'score_type': 'modelled_potential_not_observed_student_headcount'}",modelled,ERI,Eritrea
LBR,Liberia,Sub-Saharan Africa,6.447177,-9.460379,Moscow,55.7558,37.6176,modelled_potential_not_observed_mgimo_students,56.13561116855891,1.9691868624611344,56.14202600322755,85,practical_priority_pool,"{'source_key': 'student_flows_modelled_v3.csv', 'year': '2026/2035', 'raw_value': 56.13561116855891, 'normalized_value': 0.5613561116855891, 'normalization_method': '0.72*SAI_MGIMO_V3_SCORE/100 + 0.28*lognorm(pop_15_24_latest)', 'weight': 1.0, 'score_type': 'modelled_potential_not_observed_student_headcount'}",modelled,LBR,Liberia
BHR,Bahrain,Middle East & North Africa,26.055972,50.554816,Moscow,55.7558,37.6176,modelled_potential_not_observed_mgimo_students,49.01227394465468,1.801788437699385,55.80431512851591,86,practical_priority_pool,"{'source_key': 'student_flows_modelled_v3.csv', 'year': '2026/2035', 'raw_value': 49.01227394465468, 'normalized_value': 0.49012273944654683, 'normalization_method': '0.72*SAI_MGIMO_V3_SCORE/100 + 0.28*lognorm(pop_15_24_latest)', 'weight': 1.0, 'score_type': 'modelled_potential_not_observed_student_headcount'}",modelled,BHR,Bahrain
TUN,Tunisia,Middle East & North Africa,33.687263,9.007881,Moscow,55.7558,37.6176,modelled_potential_not_observed_mgimo_students,57.16153371116876,1.993296042212466,55.63102657709776,87,practical_priority_pool,"{'source_key': 'student_flows_modelled_v3.csv', 'year': '2026/2035', 'raw_value': 57.16153371116876, 'normalized_value': 0.5716153371116875, 'normalization_method': '0.72*SAI_MGIMO_V3_SCORE/100 + 0.28*lognorm(pop_15_24_latest)', 'weight': 1.0, 'score_type': 'modelled_potential_not_observed_student_headcount'}",modelled,TUN,Tunisia
TJK,Tajikistan,Europe & Central Asia,38.199835,72.587276,Moscow,55.7558,37.6176,modelled_potential_not_observed_mgimo_students,57.25615795570147,1.9955197119589845,55.38358072226755,88,practical_priority_pool,"{'source_key': 'student_flows_modelled_v3.csv', 'year': '2026/2035', 'raw_value': 57.25615795570147, 'normalized_value': 0.5725615795570147, 'normalization_method': '0.72*SAI_MGIMO_V3_SCORE/100 + 0.28*lognorm(pop_15_24_latest)', 'weight': 1.0, 'score_type': 'modelled_potential_not_observed_student_headcount'}",modelled,TJK,Tajikistan
SYC,Seychelles,Sub-Saharan Africa,-4.676659,55.480175,Moscow,55.7558,37.6176,modelled_potential_not_observed_mgimo_students,39.83272720221472,1.586069089252046,55.32323222529823,89,practical_priority_pool,"{'source_key': 'student_flows_modelled_v3.csv', 'year': '2026/2035', 'raw_value': 39.83272720221472, 'normalized_value': 0.3983272720221472, 'normalization_method': '0.72*SAI_MGIMO_V3_SCORE/100 + 0.28*lognorm(pop_15_24_latest)', 'weight': 1.0, 'score_type': 'modelled_potential_not_observed_student_headcount'}",modelled,SYC,Seychelles
LAO,Lao PDR,East Asia & Pacific,19.431821,102.533912,Moscow,55.7558,37.6176,modelled_potential_not_observed_mgimo_students,56.33341994116162,1.9738353686172985,55.27030059333711,90,practical_priority_pool,"{'source_key': 'student_flows_modelled_v3.csv', 'year': '2026/2035', 'raw_value': 56.33341994116162, 'normalized_value': 0.5633341994116162, 'normalization_method': '0.72*SAI_MGIMO_V3_SCORE/100 + 0.28*lognorm(pop_15_24_latest)', 'weight': 1.0, 'score_type': 'modelled_potential_not_observed_student_headcount'}",modelled,LAO,Lao PDR
CAF,Central African Republic,Sub-Saharan Africa,6.989681,20.906897,Moscow,55.7558,37.6176,modelled_potential_not_observed_mgimo_students,55.46416631455471,1.953407908392036,55.09474971092685,91,practical_priority_pool,"{'source_key': 'student_flows_modelled_v3.csv', 'year': '2026/2035', 'raw_value': 55.46416631455471, 'normalized_value': 0.5546416631455471, 'normalization_method': '0.72*SAI_MGIMO_V3_SCORE/100 + 0.28*lognorm(pop_15_24_latest)', 'weight': 1.0, 'score_type': 'modelled_potential_not_observed_student_headcount'}",modelled,CAF,Central African Republic
SUR,Suriname,Latin America & Caribbean,4.143987,-55.91094,Moscow,55.7558,37.6176,modelled_potential_not_observed_mgimo_students,46.2922075703256,1.7378668779026518,55.09356494252049,92,practical_priority_pool,"{'source_key': 'student_flows_modelled_v3.csv', 'year': '2026/2035', 'raw_value': 46.2922075703256, 'normalized_value': 0.462922075703256, 'normalization_method': '0.72*SAI_MGIMO_V3_SCORE/100 + 0.28*lognorm(pop_15_24_latest)', 'weight': 1.0, 'score_type': 'modelled_potential_not_observed_student_headcount'}",modelled,SUR,Suriname
SWZ,Eswatini,Sub-Saharan Africa,-26.533676,31.467264,Moscow,55.7558,37.6176,modelled_potential_not_observed_mgimo_students,49.18135789575601,1.8057619105502665,54.733585886646495,93,practical_priority_pool,"{'source_key': 'student_flows_modelled_v3.csv', 'year': '2026/2035', 'raw_value': 49.18135789575601, 'normalized_value': 0.49181357895756006, 'normalization_method': '0.72*SAI_MGIMO_V3_SCORE/100 + 0.28*lognorm(pop_15_24_latest)', 'weight': 1.0, 'score_type': 'modelled_potential_not_observed_student_headcount'}",modelled,SWZ,Eswatini
TTO,Trinidad and Tobago,Latin America & Caribbean,10.9989,-60.9184,Moscow,55.7558,37.6176,modelled_potential_not_observed_mgimo_students,48.09069471752295,1.7801313258617897,54.68464579507378,94,practical_priority_pool,"{'source_key': 'student_flows_modelled_v3.csv', 'year': '2026/2035', 'raw_value': 48.09069471752295, 'normalized_value': 0.4809069471752295, 'normalization_method': '0.72*SAI_MGIMO_V3_SCORE/100 + 0.28*lognorm(pop_15_24_latest)', 'weight': 1.0, 'score_type': 'modelled_potential_not_observed_student_headcount'}",modelled,TTO,Trinidad and Tobago
GUY,Guyana,Latin America & Caribbean,5.124317,-58.942643,Moscow,55.7558,37.6176,modelled_potential_not_observed_mgimo_students,46.95060727887479,1.7533392710535578,54.5623811626248,95,practical_priority_pool,"{'source_key': 'student_flows_modelled_v3.csv', 'year': '2026/2035', 'raw_value': 46.95060727887479, 'normalized_value': 0.4695060727887479, 'normalization_method': '0.72*SAI_MGIMO_V3_SCORE/100 + 0.28*lognorm(pop_15_24_latest)', 'weight': 1.0, 'score_type': 'modelled_potential_not_observed_student_headcount'}",modelled,GUY,Guyana
VUT,Vanuatu,East Asia & Pacific,-15.37153,166.908762,Moscow,55.7558,37.6176,modelled_potential_not_observed_mgimo_students,43.09650437150744,1.662767852730425,54.064260907203895,96,practical_priority_pool,"{'source_key': 'student_flows_modelled_v3.csv', 'year': '2026/2035', 'raw_value': 43.09650437150744, 'normalized_value': 0.43096504371507444, 'normalization_method': '0.72*SAI_MGIMO_V3_SCORE/100 + 0.28*lognorm(pop_15_24_latest)', 'weight': 1.0, 'score_type': 'modelled_potential_not_observed_student_headcount'}",modelled,VUT,Vanuatu
PRY,Paraguay,Latin America & Caribbean,-21.674509,-60.146394,Moscow,55.7558,37.6176,modelled_potential_not_observed_mgimo_students,54.61489278702476,1.933449980495082,54.05063065953552,97,practical_priority_pool,"{'source_key': 'student_flows_modelled_v3.csv', 'year': '2026/2035', 'raw_value': 54.61489278702476, 'normalized_value': 0.5461489278702476, 'normalization_method': '0.72*SAI_MGIMO_V3_SCORE/100 + 0.28*lognorm(pop_15_24_latest)', 'weight': 1.0, 'score_type': 'modelled_potential_not_observed_student_headcount'}",modelled,PRY,Paraguay
BWA,Botswana,Sub-Saharan Africa,-22.102634,24.179216,Moscow,55.7558,37.6176,modelled_potential_not_observed_mgimo_students,51.07565256510844,1.8502778352800484,53.74219040629128,98,practical_priority_pool,"{'source_key': 'student_flows_modelled_v3.csv', 'year': '2026/2035', 'raw_value': 51.07565256510844, 'normalized_value': 0.5107565256510844, 'normalization_method': '0.72*SAI_MGIMO_V3_SCORE/100 + 0.28*lognorm(pop_15_24_latest)', 'weight': 1.0, 'score_type': 'modelled_potential_not_observed_student_headcount'}",modelled,BWA,Botswana
BLR,Belarus,Europe & Central Asia,53.821888,28.417701,Moscow,55.7558,37.6176,modelled_potential_not_observed_mgimo_students,53.339228341564734,1.9034718660267715,53.55846319182472,99,practical_priority_pool,"{'source_key': 'student_flows_modelled_v3.csv', 'year': '2026/2035', 'raw_value': 53.339228341564734, 'normalized_value': 0.5333922834156474, 'normalization_method': '0.72*SAI_MGIMO_V3_SCORE/100 + 0.28*lognorm(pop_15_24_latest)', 'weight': 1.0, 'score_type': 'modelled_potential_not_observed_student_headcount'}",modelled,BLR,Belarus
MNG,Mongolia,East Asia & Pacific,45.997488,104.150405,Moscow,55.7558,37.6176,modelled_potential_not_observed_mgimo_students,50.83344649751224,1.8445859926915376,53.45287214236417,100,practical_priority_pool,"{'source_key': 'student_flows_modelled_v3.csv', 'year': '2026/2035', 'raw_value': 50.83344649751224, 'normalized_value': 0.5083344649751225, 'normalization_method': '0.72*SAI_MGIMO_V3_SCORE/100 + 0.28*lognorm(pop_15_24_latest)', 'weight': 1.0, 'score_type': 'modelled_potential_not_observed_student_headcount'}",modelled,MNG,Mongolia
NAM,Namibia,Sub-Saharan Africa,-20.575298,17.108166,Moscow,55.7558,37.6176,modelled_potential_not_observed_mgimo_students,51.06809866240152,1.850100318566436,53.181446107025565,101,practical_priority_pool,"{'source_key': 'student_flows_modelled_v3.csv', 'year': '2026/2035', 'raw_value': 51.06809866240152, 'normalized_value': 0.5106809866240152, 'normalization_method': '0.72*SAI_MGIMO_V3_SCORE/100 + 0.28*lognorm(pop_15_24_latest)', 'weight': 1.0, 'score_type': 'modelled_potential_not_observed_student_headcount'}",modelled,NAM,Namibia
CRI,Costa Rica,Latin America & Caribbean,10.0651,-84.077922,Moscow,55.7558,37.6176,modelled_potential_not_observed_mgimo_students,52.11189636932002,1.8746295646790203,53.00423103465268,102,practical_priority_pool,"{'source_key': 'student_flows_modelled_v3.csv', 'year': '2026/2035', 'raw_value': 52.11189636932002, 'normalized_value': 0.5211189636932002, 'normalization_method': '0.72*SAI_MGIMO_V3_SCORE/100 + 0.28*lognorm(pop_15_24_latest)', 'weight': 1.0, 'score_type': 'modelled_potential_not_observed_student_headcount'}",modelled,CRI,Costa Rica
LBN,Lebanon,Middle East & North Africa,34.133368,35.992892,Moscow,55.7558,37.6176,modelled_potential_not_observed_mgimo_students,53.16870979137333,1.8994646800972728,52.86851285776788,103,practical_priority_pool,"{'source_key': 'student_flows_modelled_v3.csv', 'year': '2026/2035', 'raw_value': 53.16870979137333, 'normalized_value': 0.5316870979137334, 'normalization_method': '0.72*SAI_MGIMO_V3_SCORE/100 + 0.28*lognorm(pop_15_24_latest)', 'weight': 1.0, 'score_type': 'modelled_potential_not_observed_student_headcount'}",modelled,LBN,Lebanon
NIC,Nicaragua,Latin America & Caribbean,12.670697,-85.069347,Moscow,55.7558,37.6176,modelled_potential_not_observed_mgimo_students,54.08800698919127,1.921068164245995,52.85908820515169,104,practical_priority_pool,"{'source_key': 'student_flows_modelled_v3.csv', 'year': '2026/2035', 'raw_value': 54.08800698919127, 'normalized_value': 0.5408800698919127, 'normalization_method': '0.72*SAI_MGIMO_V3_SCORE/100 + 0.28*lognorm(pop_15_24_latest)', 'weight': 1.0, 'score_type': 'modelled_potential_not_observed_student_headcount'}",modelled,NIC,Nicaragua
STP,São Tomé and Principe,Sub-Saharan Africa,0.9709,7.021,Moscow,55.7558,37.6176,modelled_potential_not_observed_mgimo_students,41.55873555588656,1.6266302855633343,52.73500991984072,105,practical_priority_pool,"{'source_key': 'student_flows_modelled_v3.csv', 'year': '2026/2035', 'raw_value': 41.55873555588656, 'normalized_value': 0.41558735555886556, 'normalization_method': '0.72*SAI_MGIMO_V3_SCORE/100 + 0.28*lognorm(pop_15_24_latest)', 'weight': 1.0, 'score_type': 'modelled_potential_not_observed_student_headcount'}",modelled,STP,São Tomé and Principe
SRB,Serbia,Europe & Central Asia,44.189919,20.787989,Moscow,55.7558,37.6176,modelled_potential_not_observed_mgimo_students,51.4485544479664,1.8590410295272104,52.45180387223501,106,practical_priority_pool,"{'source_key': 'student_flows_modelled_v3.csv', 'year': '2026/2035', 'raw_value': 51.4485544479664, 'normalized_value': 0.514485544479664, 'normalization_method': '0.72*SAI_MGIMO_V3_SCORE/100 + 0.28*lognorm(pop_15_24_latest)', 'weight': 1.0, 'score_type': 'modelled_potential_not_observed_student_headcount'}",modelled,SRB,Serbia
URY,Uruguay,Latin America & Caribbean,-32.961127,-55.966942,Moscow,55.7558,37.6176,modelled_potential_not_observed_mgimo_students,49.82804334672274,1.8209590186479845,52.17317471063652,107,practical_priority_pool,"{'source_key': 'student_flows_modelled_v3.csv', 'year': '2026/2035', 'raw_value': 49.82804334672274, 'normalized_value': 0.4982804334672274, 'normalization_method': '0.72*SAI_MGIMO_V3_SCORE/100 + 0.28*lognorm(pop_15_24_latest)', 'weight': 1.0, 'score_type': 'modelled_potential_not_observed_student_headcount'}",modelled,URY,Uruguay
QAT,Qatar,Middle East & North Africa,25.237383,51.143509,Moscow,55.7558,37.6176,modelled_potential_not_observed_mgimo_students,47.61682074144407,1.7689952874239356,51.93804662986058,108,practical_priority_pool,"{'source_key': 'student_flows_modelled_v3.csv', 'year': '2026/2035', 'raw_value': 47.61682074144407, 'normalized_value': 0.4761682074144407, 'normalization_method': '0.72*SAI_MGIMO_V3_SCORE/100 + 0.28*lognorm(pop_15_24_latest)', 'weight': 1.0, 'score_type': 'modelled_potential_not_observed_student_headcount'}",modelled,QAT,Qatar
PRK,"Korea, Dem. People's Rep.",East Asia & Pacific,39.885252,126.444516,Moscow,55.7558,37.6176,modelled_potential_not_observed_mgimo_students,57.05705516826897,1.9908407964543209,51.674616841973055,109,practical_priority_pool,"{'source_key': 'student_flows_modelled_v3.csv', 'year': '2026/2035', 'raw_value': 57.05705516826897, 'normalized_value': 0.5705705516826897, 'normalization_method': '0.72*SAI_MGIMO_V3_SCORE/100 + 0.28*lognorm(pop_15_24_latest)', 'weight': 1.0, 'score_type': 'modelled_potential_not_observed_student_headcount'}",modelled,PRK,"Korea, Dem. People's Rep."
CUB,Cuba,Latin America & Caribbean,21.334024,-77.975855,Moscow,55.7558,37.6176,modelled_potential_not_observed_mgimo_students,52.9980761120268,1.8954547886326296,51.47416959897838,110,practical_priority_pool,"{'source_key': 'student_flows_modelled_v3.csv', 'year': '2026/2035', 'raw_value': 52.9980761120268, 'normalized_value': 0.529980761120268, 'normalization_method': '0.72*SAI_MGIMO_V3_SCORE/100 + 0.28*lognorm(pop_15_24_latest)', 'weight': 1.0, 'score_type': 'modelled_potential_not_observed_student_headcount'}",modelled,CUB,Cuba
GEO,Georgia,Europe & Central Asia,41.870087,43.735724,Moscow,55.7558,37.6176,modelled_potential_not_observed_mgimo_students,48.72511827370758,1.7950402794321283,51.02366496697995,111,practical_priority_pool,"{'source_key': 'student_flows_modelled_v3.csv', 'year': '2026/2035', 'raw_value': 48.72511827370758, 'normalized_value': 0.4872511827370758, 'normalization_method': '0.72*SAI_MGIMO_V3_SCORE/100 + 0.28*lognorm(pop_15_24_latest)', 'weight': 1.0, 'score_type': 'modelled_potential_not_observed_student_headcount'}",modelled,GEO,Georgia
TLS,Timor-Leste,East Asia & Pacific,-8.803705,125.854679,Moscow,55.7558,37.6176,modelled_potential_not_observed_mgimo_students,46.95462884815625,1.7534337779316718,50.57169181716797,112,practical_priority_pool,"{'source_key': 'student_flows_modelled_v3.csv', 'year': '2026/2035', 'raw_value': 46.95462884815625, 'normalized_value': 0.4695462884815625, 'normalization_method': '0.72*SAI_MGIMO_V3_SCORE/100 + 0.28*lognorm(pop_15_24_latest)', 'weight': 1.0, 'score_type': 'modelled_potential_not_observed_student_headcount'}",modelled,TLS,Timor-Leste
SLV,El Salvador,Latin America & Caribbean,13.685371,-88.890124,Moscow,55.7558,37.6176,modelled_potential_not_observed_mgimo_students,52.01411795893347,1.8723317720349368,50.46264858909443,113,practical_priority_pool,"{'source_key': 'student_flows_modelled_v3.csv', 'year': '2026/2035', 'raw_value': 52.01411795893347, 'normalized_value': 0.5201411795893347, 'normalization_method': '0.72*SAI_MGIMO_V3_SCORE/100 + 0.28*lognorm(pop_15_24_latest)', 'weight': 1.0, 'score_type': 'modelled_potential_not_observed_student_headcount'}",modelled,SLV,El Salvador
LSO,Lesotho,Sub-Saharan Africa,-29.480158,28.246639,Moscow,55.7558,37.6176,modelled_potential_not_observed_mgimo_students,48.359939071764366,1.7864585681864629,50.29682910529296,114,practical_priority_pool,"{'source_key': 'student_flows_modelled_v3.csv', 'year': '2026/2035', 'raw_value': 48.359939071764366, 'normalized_value': 0.4835993907176437, 'normalization_method': '0.72*SAI_MGIMO_V3_SCORE/100 + 0.28*lognorm(pop_15_24_latest)', 'weight': 1.0, 'score_type': 'modelled_potential_not_observed_student_headcount'}",modelled,LSO,Lesotho
BIH,Bosnia and Herzegovina,Europe & Central Asia,44.091051,18.06841,Moscow,55.7558,37.6176,modelled_potential_not_observed_mgimo_students,46.966046244745954,1.75370208675153,50.12090168469185,115,practical_priority_pool,"{'source_key': 'student_flows_modelled_v3.csv', 'year': '2026/2035', 'raw_value': 46.966046244745954, 'normalized_value': 0.4696604624474595, 'normalization_method': '0.72*SAI_MGIMO_V3_SCORE/100 + 0.28*lognorm(pop_15_24_latest)', 'weight': 1.0, 'score_type': 'modelled_potential_not_observed_student_headcount'}",modelled,BIH,Bosnia and Herzegovina
MDA,Moldova,Europe & Central Asia,47.434999,28.487904,Moscow,55.7558,37.6176,modelled_potential_not_observed_mgimo_students,46.6562534302107,1.7464219556099514,49.61985101259896,116,practical_priority_pool,"{'source_key': 'student_flows_modelled_v3.csv', 'year': '2026/2035', 'raw_value': 46.6562534302107, 'normalized_value': 0.466562534302107, 'normalization_method': '0.72*SAI_MGIMO_V3_SCORE/100 + 0.28*lognorm(pop_15_24_latest)', 'weight': 1.0, 'score_type': 'modelled_potential_not_observed_student_headcount'}",modelled,MDA,Moldova
MUS,Mauritius,Sub-Saharan Africa,-20.299506,57.565848,Moscow,55.7558,37.6176,modelled_potential_not_observed_mgimo_students,43.85107200597522,1.6805001921404177,49.09368196074018,117,practical_priority_pool,"{'source_key': 'student_flows_modelled_v3.csv', 'year': '2026/2035', 'raw_value': 43.85107200597522, 'normalized_value': 0.43851072005975217, 'normalization_method': '0.72*SAI_MGIMO_V3_SCORE/100 + 0.28*lognorm(pop_15_24_latest)', 'weight': 1.0, 'score_type': 'modelled_potential_not_observed_student_headcount'}",modelled,MUS,Mauritius
ARM,Armenia,Europe & Central Asia,40.459077,44.800564,Moscow,55.7558,37.6176,modelled_potential_not_observed_mgimo_students,46.38554939543166,1.740060410792644,48.73355166600452,118,practical_priority_pool,"{'source_key': 'student_flows_modelled_v3.csv', 'year': '2026/2035', 'raw_value': 46.38554939543166, 'normalized_value': 0.4638554939543166, 'normalization_method': '0.72*SAI_MGIMO_V3_SCORE/100 + 0.28*lognorm(pop_15_24_latest)', 'weight': 1.0, 'score_type': 'modelled_potential_not_observed_student_headcount'}",modelled,ARM,Armenia
BRN,Brunei Darussalam,East Asia & Pacific,4.448298,114.551943,Moscow,55.7558,37.6176,modelled_potential_not_observed_mgimo_students,39.823308112385305,1.5858477406410547,48.66040160783481,119,practical_priority_pool,"{'source_key': 'student_flows_modelled_v3.csv', 'year': '2026/2035', 'raw_value': 39.823308112385305, 'normalized_value': 0.398233081123853, 'normalization_method': '0.72*SAI_MGIMO_V3_SCORE/100 + 0.28*lognorm(pop_15_24_latest)', 'weight': 1.0, 'score_type': 'modelled_potential_not_observed_student_headcount'}",modelled,BRN,Brunei Darussalam
BLZ,Belize,Latin America & Caribbean,17.202068,-88.712962,Moscow,55.7558,37.6176,modelled_potential_not_observed_mgimo_students,39.725931815725176,1.5835593976695417,47.737934072901176,120,practical_priority_pool,"{'source_key': 'student_flows_modelled_v3.csv', 'year': '2026/2035', 'raw_value': 39.725931815725176, 'normalized_value': 0.39725931815725174, 'normalization_method': '0.72*SAI_MGIMO_V3_SCORE/100 + 0.28*lognorm(pop_15_24_latest)', 'weight': 1.0, 'score_type': 'modelled_potential_not_observed_student_headcount'}",modelled,BLZ,Belize
JAM,Jamaica,Latin America & Caribbean,18.137124,-77.318767,Moscow,55.7558,37.6176,modelled_potential_not_observed_mgimo_students,45.9551768863892,1.7299466568301465,47.01837178781363,121,practical_priority_pool,"{'source_key': 'student_flows_modelled_v3.csv', 'year': '2026/2035', 'raw_value': 45.9551768863892, 'normalized_value': 0.459551768863892, 'normalization_method': '0.72*SAI_MGIMO_V3_SCORE/100 + 0.28*lognorm(pop_15_24_latest)', 'weight': 1.0, 'score_type': 'modelled_potential_not_observed_student_headcount'}",modelled,JAM,Jamaica
CPV,Cabo Verde,Sub-Saharan Africa,15.074761,-23.639434,Moscow,55.7558,37.6176,modelled_potential_not_observed_mgimo_students,39.67541000126087,1.5823721350296305,46.94077442106004,122,practical_priority_pool,"{'source_key': 'student_flows_modelled_v3.csv', 'year': '2026/2035', 'raw_value': 39.67541000126087, 'normalized_value': 0.3967541000126087, 'normalization_method': '0.72*SAI_MGIMO_V3_SCORE/100 + 0.28*lognorm(pop_15_24_latest)', 'weight': 1.0, 'score_type': 'modelled_potential_not_observed_student_headcount'}",modelled,CPV,Cabo Verde
WSM,Samoa,East Asia & Pacific,-13.639139,-172.438241,Moscow,55.7558,37.6176,modelled_potential_not_observed_mgimo_students,36.27232025451367,1.5023995259810712,46.73058550863279,123,practical_priority_pool,"{'source_key': 'student_flows_modelled_v3.csv', 'year': '2026/2035', 'raw_value': 36.27232025451367, 'normalized_value': 0.36272320254513674, 'normalization_method': '0.72*SAI_MGIMO_V3_SCORE/100 + 0.28*lognorm(pop_15_24_latest)', 'weight': 1.0, 'score_type': 'modelled_potential_not_observed_student_headcount'}",modelled,WSM,Samoa
FJI,Fiji,East Asia & Pacific,-17.826099,177.975427,Moscow,55.7558,37.6176,modelled_potential_not_observed_mgimo_students,40.66312788708426,1.6055835053464802,45.39075820868347,124,practical_priority_pool,"{'source_key': 'student_flows_modelled_v3.csv', 'year': '2026/2035', 'raw_value': 40.66312788708426, 'normalized_value': 0.4066312788708426, 'normalization_method': '0.72*SAI_MGIMO_V3_SCORE/100 + 0.28*lognorm(pop_15_24_latest)', 'weight': 1.0, 'score_type': 'modelled_potential_not_observed_student_headcount'}",modelled,FJI,Fiji
MDV,Maldives,South Asia,4.174441,73.507554,Moscow,55.7558,37.6176,modelled_potential_not_observed_mgimo_students,36.75283110983517,1.5136915310811263,44.683392757178304,125,practical_priority_pool,"{'source_key': 'student_flows_modelled_v3.csv', 'year': '2026/2035', 'raw_value': 36.75283110983517, 'normalized_value': 0.3675283110983517, 'normalization_method': '0.72*SAI_MGIMO_V3_SCORE/100 + 0.28*lognorm(pop_15_24_latest)', 'weight': 1.0, 'score_type': 'modelled_potential_not_observed_student_headcount'}",modelled,MDV,Maldives
LCA,St. Lucia,Latin America & Caribbean,13.892371,-60.980094,Moscow,55.7558,37.6176,modelled_potential_not_observed_mgimo_students,33.11615116136457,1.4282295522920676,44.41381742582888,126,practical_priority_pool,"{'source_key': 'student_flows_modelled_v3.csv', 'year': '2026/2035', 'raw_value': 33.11615116136457, 'normalized_value': 0.3311615116136457, 'normalization_method': '0.72*SAI_MGIMO_V3_SCORE/100 + 0.28*lognorm(pop_15_24_latest)', 'weight': 1.0, 'score_type': 'modelled_potential_not_observed_student_headcount'}",modelled,LCA,St. Lucia
ATG,Antigua and Barbuda,Latin America & Caribbean,17.352249,-61.790612,Moscow,55.7558,37.6176,modelled_potential_not_observed_mgimo_students,31.06580134936683,1.3800463317101204,43.14694631856504,127,practical_priority_pool,"{'source_key': 'student_flows_modelled_v3.csv', 'year': '2026/2035', 'raw_value': 31.06580134936683, 'normalized_value': 0.3106580134936683, 'normalization_method': '0.72*SAI_MGIMO_V3_SCORE/100 + 0.28*lognorm(pop_15_24_latest)', 'weight': 1.0, 'score_type': 'modelled_potential_not_observed_student_headcount'}",modelled,ATG,Antigua and Barbuda
BRB,Barbados,Latin America & Caribbean,13.163709,-59.568966,Moscow,55.7558,37.6176,modelled_potential_not_observed_mgimo_students,33.1974245869666,1.430139477793715,42.703120272174985,128,practical_priority_pool,"{'source_key': 'student_flows_modelled_v3.csv', 'year': '2026/2035', 'raw_value': 33.1974245869666, 'normalized_value': 0.33197424586966595, 'normalization_method': '0.72*SAI_MGIMO_V3_SCORE/100 + 0.28*lognorm(pop_15_24_latest)', 'weight': 1.0, 'score_type': 'modelled_potential_not_observed_student_headcount'}",modelled,BRB,Barbados
TON,Tonga,East Asia & Pacific,-21.210026,-175.163014,Moscow,55.7558,37.6176,modelled_potential_not_observed_mgimo_students,31.01813139410037,1.378926087761359,42.67322255842612,129,practical_priority_pool,"{'source_key': 'student_flows_modelled_v3.csv', 'year': '2026/2035', 'raw_value': 31.01813139410037, 'normalized_value': 0.3101813139410037, 'normalization_method': '0.72*SAI_MGIMO_V3_SCORE/100 + 0.28*lognorm(pop_15_24_latest)', 'weight': 1.0, 'score_type': 'modelled_potential_not_observed_student_headcount'}",modelled,TON,Tonga
VCT,St. Vincent and the Grenadines,Latin America & Caribbean,13.0879,-61.3359,Moscow,55.7558,37.6176,modelled_potential_not_observed_mgimo_students,28.6239625847974,1.3226631207427388,39.75550358999639,130,practical_priority_pool,"{'source_key': 'student_flows_modelled_v3.csv', 'year': '2026/2035', 'raw_value': 28.6239625847974, 'normalized_value': 0.286239625847974, 'normalization_method': '0.72*SAI_MGIMO_V3_SCORE/100 + 0.28*lognorm(pop_15_24_latest)', 'weight': 1.0, 'score_type': 'modelled_potential_not_observed_student_headcount'}",modelled,VCT,St. Vincent and the Grenadines
GRD,Grenada,Latin America & Caribbean,12.113156,-61.680461,Moscow,55.7558,37.6176,modelled_potential_not_observed_mgimo_students,24.90131355256728,1.2351808684853312,34.585157711899,131,practical_priority_pool,"{'source_key': 'student_flows_modelled_v3.csv', 'year': '2026/2035', 'raw_value': 24.90131355256728, 'normalized_value': 0.2490131355256728, 'normalization_method': '0.72*SAI_MGIMO_V3_SCORE/100 + 0.28*lognorm(pop_15_24_latest)', 'weight': 1.0, 'score_type': 'modelled_potential_not_observed_student_headcount'}",modelled,GRD,Grenada
MHL,Marshall Islands,East Asia & Pacific,7.082568,171.193609,Moscow,55.7558,37.6176,modelled_potential_not_observed_mgimo_students,24.70743046129028,1.2306246158403216,34.315875640680936,132,practical_priority_pool,"{'source_key': 'student_flows_modelled_v3.csv', 'year': '2026/2035', 'raw_value': 24.70743046129028, 'normalized_value': 0.2470743046129028, 'normalization_method': '0.72*SAI_MGIMO_V3_SCORE/100 + 0.28*lognorm(pop_15_24_latest)', 'weight': 1.0, 'score_type': 'modelled_potential_not_observed_student_headcount'}",modelled,MHL,Marshall Islands
KNA,St. Kitts and Nevis,Latin America & Caribbean,17.336558,-62.757975,Moscow,55.7558,37.6176,modelled_potential_not_observed_mgimo_students,23.59953785025813,1.2045891394810662,32.7771359031363,133,practical_priority_pool,"{'source_key': 'student_flows_modelled_v3.csv', 'year': '2026/2035', 'raw_value': 23.59953785025813, 'normalized_value': 0.23599537850258132, 'normalization_method': '0.72*SAI_MGIMO_V3_SCORE/100 + 0.28*lognorm(pop_15_24_latest)', 'weight': 1.0, 'score_type': 'modelled_potential_not_observed_student_headcount'}",modelled,KNA,St. Kitts and Nevis
PLW,Palau,East Asia & Pacific,7.518252,134.580157,Moscow,55.7558,37.6176,modelled_potential_not_observed_mgimo_students,22.665708707568825,1.1826441546278674,31.48015098273448,134,practical_priority_pool,"{'source_key': 'student_flows_modelled_v3.csv', 'year': '2026/2035', 'raw_value': 22.665708707568825, 'normalized_value': 0.22665708707568824, 'normalization_method': '0.72*SAI_MGIMO_V3_SCORE/100 + 0.28*lognorm(pop_15_24_latest)', 'weight': 1.0, 'score_type': 'modelled_potential_not_observed_student_headcount'}",modelled,PLW,Palau
