iso3,country,DATAQ,latest_observation_lag_years,platform_data_coverage_pct
VNM,Viet Nam,0.7473684210526315,2,100.0
CHN,China,0.7473684210526315,2,100.0
TUR,Türkiye,0.7473684210526315,2,100.0
SAU,Saudi Arabia,0.7473684210526315,2,100.0
BRA,Brazil,0.7473684210526315,2,100.0
IDN,Indonesia,0.7473684210526315,2,100.0
IND,India,0.7473684210526315,2,100.0
MEX,Mexico,0.7473684210526315,2,100.0
PHL,Philippines,0.7473684210526315,2,100.0
THA,Thailand,0.7473684210526315,2,100.0
MYS,Malaysia,0.7473684210526315,2,100.0
ARG,Argentina,0.7473684210526315,2,100.0
ARE,United Arab Emirates,0.7473684210526315,2,100.0
CHL,Chile,0.7473684210526315,2,100.0
GEO,Georgia,0.7473684210526315,2,100.0
EGY,"Egypt, Arab Rep.",0.7473684210526315,2,100.0
DOM,Dominican Republic,0.7473684210526315,2,100.0
MNG,Mongolia,0.7473684210526315,2,100.0
COL,Colombia,0.7473684210526315,2,100.0
PER,Peru,0.7473684210526315,2,100.0
MAR,Morocco,0.7473684210526315,2,100.0
CRI,Costa Rica,0.7473684210526315,2,100.0
IRN,"Iran, Islamic Rep.",0.7473684210526315,2,100.0
ARM,Armenia,0.7473684210526315,2,100.0
KGZ,Kyrgyz Republic,0.7473684210526315,2,100.0
JOR,Jordan,0.7473684210526315,2,100.0
SRB,Serbia,0.7473684210526315,2,100.0
OMN,Oman,0.7473684210526315,2,100.0
BHR,Bahrain,0.7473684210526315,2,100.0
DZA,Algeria,0.7473684210526315,2,100.0
URY,Uruguay,0.7473684210526315,2,100.0
ZAF,South Africa,0.7473684210526315,2,100.0
ISR,Israel,0.7473684210526315,2,100.0
MUS,Mauritius,0.7473684210526315,2,100.0
KHM,Cambodia,0.7473684210526315,2,100.0
PAN,Panama,0.7473684210526315,2,100.0
BLR,Belarus,0.7473684210526315,2,100.0
PRY,Paraguay,0.7473684210526315,2,100.0
AZE,Azerbaijan,0.7473684210526315,2,100.0
TUN,Tunisia,0.7473684210526315,2,100.0
CUB,Cuba,0.7473684210526315,2,93.33333333333331
GHA,Ghana,0.7473684210526315,2,100.0
FJI,Fiji,0.7473684210526315,2,93.33333333333331
NAM,Namibia,0.7473684210526315,2,100.0
VEN,"Venezuela, RB",0.7473684210526315,2,93.33333333333331
GUY,Guyana,0.7473684210526315,2,100.0
MDV,Maldives,0.7473684210526315,2,100.0
BRN,Brunei Darussalam,0.7473684210526315,2,100.0
KWT,Kuwait,0.7473684210526315,2,100.0
BGD,Bangladesh,0.7473684210526315,2,100.0
MDA,Moldova,0.7473684210526315,2,100.0
SLV,El Salvador,0.7473684210526315,2,100.0
GTM,Guatemala,0.7473684210526315,2,100.0
QAT,Qatar,0.7473684210526315,2,100.0
SEN,Senegal,0.7473684210526315,2,100.0
CHI,Channel Islands,0.7473684210526315,2,40.0
CPV,Cabo Verde,0.7473684210526315,2,100.0
ECU,Ecuador,0.7473684210526315,2,100.0
BIH,Bosnia and Herzegovina,0.7473684210526315,2,100.0
CIV,Côte d'Ivoire,0.7473684210526315,2,100.0
BWA,Botswana,0.7473684210526315,2,100.0
LKA,Sri Lanka,0.7473684210526315,2,100.0
GRD,Grenada,0.7473684210526315,2,93.33333333333331
NGA,Nigeria,0.7473684210526315,2,100.0
RWA,Rwanda,0.7473684210526315,2,100.0
HND,Honduras,0.7473684210526315,2,100.0
TJK,Tajikistan,0.7473684210526315,2,100.0
DJI,Djibouti,0.7473684210526315,2,100.0
NIC,Nicaragua,0.7473684210526315,2,100.0
LBY,Libya,0.7473684210526315,2,100.0
MRT,Mauritania,0.7473684210526315,2,100.0
TTO,Trinidad and Tobago,0.7473684210526315,2,93.33333333333331
PAK,Pakistan,0.7473684210526315,2,100.0
BEN,Benin,0.7473684210526315,2,100.0
KEN,Kenya,0.7473684210526315,2,100.0
JAM,Jamaica,0.7473684210526315,2,93.33333333333331
SYC,Seychelles,0.7473684210526315,2,100.0
AGO,Angola,0.7473684210526315,2,100.0
LAO,Lao PDR,0.7473684210526315,2,100.0
NPL,Nepal,0.7473684210526315,2,100.0
BOL,Bolivia,0.7473684210526315,2,93.33333333333331
GAB,Gabon,0.7473684210526315,2,100.0
BTN,Bhutan,0.7473684210526315,2,100.0
LBN,Lebanon,0.7473684210526315,2,100.0
GIN,Guinea,0.7473684210526315,2,100.0
TZA,Tanzania,0.7473684210526315,2,100.0
BLZ,Belize,0.7473684210526315,2,100.0
VCT,St. Vincent and the Grenadines,0.7473684210526315,2,93.33333333333331
TGO,Togo,0.7473684210526315,2,100.0
COG,"Congo, Rep.",0.7473684210526315,2,100.0
IRQ,Iraq,0.7473684210526315,2,100.0
CMR,Cameroon,0.7473684210526315,2,100.0
PRK,"Korea, Dem. People's Rep.",0.7473684210526315,2,66.66666666666667
KNA,St. Kitts and Nevis,0.7473684210526315,2,93.33333333333331
WSM,Samoa,0.7473684210526315,2,100.0
TKM,Turkmenistan,0.7473684210526315,2,100.0
ZMB,Zambia,0.7473684210526315,2,100.0
BRB,Barbados,0.7473684210526315,2,93.33333333333331
ETH,Ethiopia,0.7473684210526315,2,100.0
KIR,Kiribati,0.7473684210526315,2,100.0
LSO,Lesotho,0.7473684210526315,2,100.0
GMB,"Gambia, The",0.7473684210526315,2,100.0
COD,"Congo, Dem. Rep.",0.7473684210526315,2,100.0
UGA,Uganda,0.7473684210526315,2,100.0
ATG,Antigua and Barbuda,0.7473684210526315,2,100.0
LCA,St. Lucia,0.7473684210526315,2,93.33333333333331
PLW,Palau,0.7473684210526315,2,100.0
SWZ,Eswatini,0.7473684210526315,2,100.0
NRU,Nauru,0.7473684210526315,2,86.66666666666667
PNG,Papua New Guinea,0.7473684210526315,2,100.0
NER,Niger,0.7473684210526315,2,100.0
TLS,Timor-Leste,0.7473684210526315,2,100.0
BFA,Burkina Faso,0.7473684210526315,2,100.0
SLB,Solomon Islands,0.7473684210526315,2,93.33333333333331
MOZ,Mozambique,0.7473684210526315,2,100.0
SUR,Suriname,0.7473684210526315,2,100.0
GNQ,Equatorial Guinea,0.7473684210526315,2,100.0
TON,Tonga,0.7473684210526315,2,100.0
MLI,Mali,0.7473684210526315,2,100.0
ZWE,Zimbabwe,0.7473684210526315,2,100.0
MDG,Madagascar,0.7473684210526315,2,100.0
STP,São Tomé and Principe,0.7473684210526315,2,93.33333333333331
SOM,"Somalia, Fed. Rep.",0.7473684210526315,2,93.33333333333331
TUV,Tuvalu,0.7473684210526315,2,86.66666666666667
MMR,Myanmar,0.7473684210526315,2,93.33333333333331
DMA,Dominica,0.7473684210526315,2,93.33333333333331
LBR,Liberia,0.7473684210526315,2,93.33333333333331
MHL,Marshall Islands,0.7473684210526315,2,100.0
SYR,Syrian Arab Republic,0.7473684210526315,2,100.0
BDI,Burundi,0.7473684210526315,2,93.33333333333331
YEM,"Yemen, Rep.",0.7473684210526315,2,93.33333333333331
SLE,Sierra Leone,0.7473684210526315,2,100.0
ERI,Eritrea,0.7473684210526315,2,86.66666666666667
TCD,Chad,0.7473684210526315,2,100.0
COM,Comoros,0.7473684210526315,2,100.0
AFG,Afghanistan,0.7473684210526315,2,100.0
MWI,Malawi,0.7473684210526315,2,100.0
VUT,Vanuatu,0.7473684210526315,2,100.0
GNB,Guinea-Bissau,0.7473684210526315,2,100.0
SSD,South Sudan,0.7473684210526315,2,86.66666666666667
SDN,Sudan,0.7473684210526315,2,100.0
HTI,Haiti,0.7473684210526315,2,100.0
CAF,Central African Republic,0.7473684210526315,2,100.0
MAF,St. Martin (French part),0.7473684210526315,2,33.333333333333336
ALB,Albania,0.7473684210526315,2,100.0
ASM,American Samoa,0.7473684210526315,2,80.0
AND,Andorra,0.7473684210526315,2,93.33333333333331
ABW,Aruba,0.7473684210526315,2,100.0
AUS,Australia,0.7473684210526315,2,100.0
AUT,Austria,0.7473684210526315,2,100.0
BHS,"Bahamas, The",0.7473684210526315,2,100.0
BEL,Belgium,0.7473684210526315,2,100.0
BMU,Bermuda,0.7473684210526315,2,100.0
VGB,British Virgin Islands,0.7473684210526315,2,40.0
BGR,Bulgaria,0.7473684210526315,2,100.0
CAN,Canada,0.7473684210526315,2,100.0
CYM,Cayman Islands,0.7473684210526315,2,100.0
HRV,Croatia,0.7473684210526315,2,100.0
CUW,Curaçao,0.7473684210526315,2,73.33333333333334
CYP,Cyprus,0.7473684210526315,2,100.0
CZE,Czechia,0.7473684210526315,2,100.0
DNK,Denmark,0.7473684210526315,2,100.0
EST,Estonia,0.7473684210526315,2,100.0
FRO,Faroe Islands,0.7473684210526315,2,66.66666666666667
FIN,Finland,0.7473684210526315,2,100.0
FRA,France,0.7473684210526315,2,100.0
PYF,French Polynesia,0.7473684210526315,2,60.0
DEU,Germany,0.7473684210526315,2,100.0
GIB,Gibraltar,0.7473684210526315,2,33.333333333333336
GRC,Greece,0.7473684210526315,2,100.0
GRL,Greenland,0.7473684210526315,2,93.33333333333331
GUM,Guam,0.7473684210526315,2,73.33333333333334
HKG,"Hong Kong SAR, China",0.7473684210526315,2,100.0
HUN,Hungary,0.7473684210526315,2,100.0
ISL,Iceland,0.7473684210526315,2,100.0
IRL,Ireland,0.7473684210526315,2,100.0
IMN,Isle of Man,0.7473684210526315,2,40.0
ITA,Italy,0.7473684210526315,2,100.0
JPN,Japan,0.7473684210526315,2,100.0
KAZ,Kazakhstan,0.7473684210526315,2,100.0
KOR,"Korea, Rep.",0.7473684210526315,2,100.0
XKX,Kosovo,0.7473684210526315,2,93.33333333333331
LVA,Latvia,0.7473684210526315,2,100.0
LIE,Liechtenstein,0.7473684210526315,2,80.0
LTU,Lithuania,0.7473684210526315,2,100.0
LUX,Luxembourg,0.7473684210526315,2,100.0
MAC,"Macao SAR, China",0.7473684210526315,2,100.0
MLT,Malta,0.7473684210526315,2,100.0
FSM,"Micronesia, Fed. Sts.",0.7473684210526315,2,100.0
MCO,Monaco,0.7473684210526315,2,80.0
MNE,Montenegro,0.7473684210526315,2,100.0
NLD,Netherlands,0.7473684210526315,2,100.0
NCL,New Caledonia,0.7473684210526315,2,53.333333333333336
NZL,New Zealand,0.7473684210526315,2,100.0
MKD,North Macedonia,0.7473684210526315,2,100.0
MNP,Northern Mariana Islands,0.7473684210526315,2,46.66666666666666
NOR,Norway,0.7473684210526315,2,100.0
POL,Poland,0.7473684210526315,2,100.0
PRT,Portugal,0.7473684210526315,2,100.0
PRI,Puerto Rico (US),0.7473684210526315,2,100.0
ROU,Romania,0.7473684210526315,2,100.0
RUS,Russian Federation,0.7473684210526315,2,100.0
SMR,San Marino,0.7473684210526315,2,100.0
SGP,Singapore,0.7473684210526315,2,100.0
SXM,Sint Maarten (Dutch part),0.7473684210526315,2,60.0
SVK,Slovak Republic,0.7473684210526315,2,100.0
SVN,Slovenia,0.7473684210526315,2,100.0
ESP,Spain,0.7473684210526315,2,100.0
SWE,Sweden,0.7473684210526315,2,100.0
CHE,Switzerland,0.7473684210526315,2,100.0
TCA,Turks and Caicos Islands,0.7473684210526315,2,66.66666666666667
UKR,Ukraine,0.7473684210526315,2,100.0
GBR,United Kingdom,0.7473684210526315,2,100.0
USA,United States,0.7473684210526315,2,100.0
UZB,Uzbekistan,0.7473684210526315,2,100.0
VIR,Virgin Islands (US),0.7473684210526315,2,93.33333333333331
PSE,West Bank and Gaza,0.7473684210526315,2,100.0
