iso3,country,recommended_format,capacity_students,capex_usd,capex_base_usd_for_diag,cost_factor,risk_premium,capex_rub,avg_tuition_usd,students_year_1,students_year_10,capture_ceiling,demand_pool_students,host_subsidy_share,annual_revenue_year_10_usd,annual_opex_year_10_usd,cashflow_year_10_usd,npv_10y_usd,npv_10y_rub,npv_expected_usd,npv_expected_rub,npv_p10_usd,npv_p90_usd,npv_positive_probability,payback_years,margin_year_10,breakeven_students,discount_rate
ABW,Aruba,partner_embedded_branch,600,2174748.3719730983,1897298.6750924117,0.9494327465235437,0.04203096775192875,159776370.66565436,6403.375760580152,25.0,0.14898615568484513,0.00017331284701513632,860.0848780240997,0.08,120915.85376445539,712556.9893989426,-534636.5764825718,-5596548.118529596,-411172234.0654391,-5638500.512236143,-414254430.28342605,-6046664.518111099,-5255489.228369234,0.0,inf,-560.4072760769574,155.50619263221503,0.11
AFG,Afghanistan,partner_embedded_branch,600,1744435.5143212103,1314180.491683031,0.45,0.20672196673212384,128161758.35811357,4473.247185451126,25.0,1.7163134800696829,0.00011045350648313662,15546.880492511755,0.08,127370.39466631059,392252.27998015983,-233501.70291543644,-3428535.4244768345,-251890726.24734613,-3537853.4471700676,-259922201.124793,-3876199.59107833,-3172503.8475189647,0.0,inf,-30.413789891529348,110.07827385651935,0.11
AGO,Angola,partner_embedded_branch,600,1708211.3898808467,1358430.631959319,0.4981101669694825,0.14317169298986301,125500411.78201695,5079.941036774271,25.0,7.3425667710985465,0.00011514303510089556,63802.307503174765,0.08,155807.81400552831,416021.0406809311,-226931.54342092833,-3390708.7076043175,-249111638.96811086,-3450185.195627591,-253481311.11904395,-3744626.0171585386,-3182884.288905699,0.0,inf,-6.083987189233529,101.10981762337636,0.11
ALB,Albania,partner_embedded_branch,600,1849437.553141716,1543103.0640134448,0.6565699986076782,0.08956226301538853,135876142.6480134,5637.863818303193,25.0,7.716964111681711,9.199164585485002e-05,83931.35719550088,0.08,161766.90504229878,523429.30306941736,-319788.05378156516,-4079853.3882701774,-299742340.59748286,-4110650.017506165,-302004935.0711587,-4631450.70772605,-3590614.4255510443,0.0,inf,-7.350234146374903,118.98086396843557,0.11
AND,Andorra,partner_embedded_branch,600,2171984.8988264306,1933459.4039785601,0.9825189393084963,0.021242919371758876,159573341.33338916,6747.260949044274,25.0,0.3683467399945292,0.00010640070246616587,3463.685804233754,0.08,122385.91831149394,723038.3147602234,-542809.3312679116,-5637903.684228898,-414210581.9862445,-5564121.359880867,-408789875.7769515,-5971431.24275788,-5102013.249946195,0.0,inf,-218.40519665189686,148.7663287242505,0.11
ARE,United Arab Emirates,partner_embedded_branch,600,2210941.8253280874,1940787.478159924,0.985503016123532,0.03563483202203647,162435463.87084675,6819.488953702283,25.0,86.6736048042813,0.00016567684982780003,523421.05145924253,0.08,687426.9029187392,875785.5136757344,-118295.76966293645,-4055308.436992449,-297939050.0265546,-4199531.335590083,-308534947.74133426,-4919696.322109088,-3321983.943893368,0.0,inf,-0.200138446542219,149.34010221809632,0.11
ARG,Argentina,partner_embedded_branch,600,1943526.264981255,1608737.7684907122,0.707334520287245,0.0982784725266234,142788736.80928132,5777.889732991785,38.826110877964645,295.676442691072,0.00012766592179118294,2317223.3363430025,0.08,1760050.4472117876,904416.7544239897,927987.0331417171,630531.8245091003,46324479.561676644,1097103.6066494626,80602995.16656871,-966693.8032781258,3875461.436683445,0.5,6.0,0.5431952128854279,127.71097366030845,0.11
ARM,Armenia,partner_embedded_branch,600,1832823.422996349,1503853.116853482,0.6214912897751969,0.10795601853794477,134655520.78177646,5674.776628672101,25.0,9.27220555117068,0.00015682208724652452,59156.43246677993,0.08,170512.98754370603,505289.49251088954,-294353.3455663123,-3926973.537585729,-288510426.13553214,-3783217.5273521566,-277948830.1952829,-3914258.5726775406,-3598784.321135374,0.0,inf,-5.594189246857754,112.10872516716893,0.11
ASM,American Samoa,partner_embedded_branch,600,1834143.8762090353,1550983.4843069597,0.6657743723299475,0.07506207557810135,134752533.026814,5347.104050964543,25.0,0.047348313514121304,0.00014029896687304253,337.65734085083204,0.08,120243.0493046378,515391.1340149162,-353916.7939890851,-4203761.873099922,-308845760.6785909,-4337923.01017012,-318702431.84188753,-4779530.030146565,-3889020.9973636945,0.0,inf,-1397.9061686099378,127.72699831400179,0.11
ATG,Antigua and Barbuda,partner_embedded_branch,600,2103894.356461338,1764257.114179871,0.8345856804991884,0.08410005422354343,154570804.0854224,5920.888112739244,25.0,0.15788552830980848,0.00014867664638420502,1062.4921318487234,0.08,120897.42964583337,651654.9735198123,-478625.14599239395,-5202327.911927188,-382209309.12858737,-5085813.0949296625,-373649093.6900779,-5488078.406770148,-4803680.702129684,0.0,inf,-511.99572276890075,151.2513674498982,0.11
AUS,Australia,partner_embedded_branch,600,2288388.7110643648,2040526.240098846,1.0685173781177977,0.019518069806395377,168125401.37431672,6596.872082146615,25.152472326667475,191.54618822910376,0.00010055742719681073,1905835.9510483884,0.08,1333061.473507368,1122054.6088009214,300771.23341052025,-2609638.600976059,-191727277.41125,-2494433.31502581,-183263271.77829975,-3875367.537601845,-1257946.2326803668,0.0,inf,0.23802617623264716,171.6319673619835,0.11
AUT,Austria,partner_embedded_branch,600,2261997.47375863,1989208.401179694,1.0246149961309048,0.03375862406425261,166186466.19982544,6685.087972897391,25.0,50.75974112124212,0.00010362141783405613,490112.7747075358,0.08,445760.00148192083,848442.4705107393,-334807.0713879593,-5000231.795339003,-367361529.7485817,-5099687.817730477,-374668454.3120587,-5768064.337804691,-4655191.580858376,0.0,inf,-0.9866613060851147,161.33193511336415,0.11
AZE,Azerbaijan,partner_embedded_branch,600,1842850.5202695557,1509406.71062209,0.625541638996425,0.10991864750623505,135392200.588632,5638.278496417774,25.0,21.104604498790785,0.000134672775949457,156791.8773184784,0.08,234233.89221209654,521679.222203996,-245710.99221557978,-3757294.1213744874,-276044266.0738501,-3782002.8374614418,-277859588.26517093,-4402676.7971239695,-3410063.158234651,0.0,inf,-2.0649086532830085,114.11583362144768,0.11
BDI,Burundi,partner_embedded_branch,600,1703186.2694212117,1308357.7552329367,0.45,0.1834310209317471,125131221.70948006,4434.45,25.0,0.22775346744097574,0.0001142345243642473,1994.7743456022415,0.08,120969.56290914588,383600.75773146097,-231943.1342037982,-3368078.08414239,-247448991.95604888,-3411548.582928084,-250642721.6842851,-3656364.1509239418,-3099739.5371464863,0.0,inf,-229.65545271507693,109.09767982613134,0.11
BEL,Belgium,partner_embedded_branch,600,2270584.482326876,1984941.1401399064,1.0199701493524451,0.039913813797400756,166817344.27362502,6717.696710771946,25.0,73.18842607860175,0.00010773738435079873,679676.3125365603,0.08,591991.3431694068,886862.870839408,-223922.4980028486,-4580736.718844684,-336541687.9231282,-4552015.718699923,-334431587.63559276,-5281316.173513465,-3821764.5078005404,0.0,inf,-0.4554439423385343,160.23588967862335,0.11
BEN,Benin,partner_embedded_branch,600,1612745.5674076548,1295440.817231004,0.45,0.1317632689240154,118486642.81731626,4707.663143648046,25.0,1.662830082698281,0.00012260691515543487,13569.350534706753,0.08,127514.92213868922,367925.9504677844,-210976.95229167247,-3159489.035244963,-232124183.9815087,-3135197.8572004456,-230339537.85087383,-3392420.987377061,-2879598.7551662186,0.0,inf,-26.95142683611798,97.08901772793845,0.11
BFA,Burkina Faso,partner_embedded_branch,600,1687348.3135754776,1306110.8101321978,0.45,0.1744432405287913,123967624.51524541,4553.56388197978,25.0,1.3274376640951577,0.00011785818130902725,11268.874835509265,0.08,125802.78931469118,381505.232396919,-225182.0244904743,-3318086.973882026,-243776200.0754412,-3294154.1687151236,-242017883.20591456,-3733191.430945776,-2898431.0707911146,0.0,inf,-37.253591641446626,104.85749777256716,0.11
BGD,Bangladesh,partner_embedded_branch,600,1710591.8314211105,1352934.6064795428,0.4924646626543241,0.14941511264655066,125675300.20349444,5055.336902513481,25.0,86.16669922634304,0.0001202214419890562,717106.5319168705,0.08,538177.6265920433,477569.5443732582,98813.64576864574,-2128072.810605376,-156347168.5150853,-2151087.9023560914,-158038061.98940945,-2672545.5008323733,-1659096.1878069541,0.0,inf,0.22684403446204082,100.86564338313713,0.11
BGR,Bulgaria,partner_embedded_branch,600,1950305.2346786917,1638468.9899371048,0.7343530601073387,0.08211065921172546,143286780.25608534,6044.394512709634,25.0,18.70023800525746,9.79877472126857e-05,190942.0211047257,0.08,228510.35134592865,594807.6693125971,-318712.70442166075,-4276432.150587359,-314184766.02828765,-4217536.805663743,-309857789.821629,-4953397.453997513,-3466232.86559286,0.0,inf,-2.8196775003463688,124.62576137995505,0.11
BHR,Bahrain,partner_embedded_branch,600,2083007.2153981656,1788682.7888447817,0.8592102055603958,0.0586801275771473,153036248.8073663,6577.666991482304,25.0,9.10264921992663,0.00015394560344965196,59159.796450683556,0.08,177479.22749659538,667837.5114547578,-436931.28304178175,-5013191.72182489,-368313681.2915807,-5115089.096889874,-375799969.3504925,-5642922.06409729,-4556891.1954059815,0.0,inf,-7.297489023229401,133.7453490557184,0.11
BHS,"Bahamas, The",partner_embedded_branch,600,2291055.0420221724,1951484.3353493318,0.9877317645157544,0.06727851881855507,168321293.77682278,6117.691082196357,25.0,0.30451361790854875,0.00010072797004573186,3024.7033805527685,0.08,121788.40343489902,759509.407453811,-576960.2514226071,-5970868.231809042,-438673121.03595537,-6099531.067599826,-448125838.05238485,-6932877.112782811,-5376938.802044341,0.0,inf,-309.7074354461736,178.8764301539998,0.11
BIH,Bosnia and Herzegovina,partner_embedded_branch,600,1854510.3795745478,1509764.3617432322,0.6244761703731027,0.11667659510741506,136248837.6259245,5609.884455314913,25.0,5.295740829345881,0.00013946047199410078,37992.83893048954,0.08,148520.154391607,507539.9605551845,-318416.60931916273,-4055009.1979926606,-297917065.266403,-3979052.705678222,-292336625.3282027,-4616397.156970875,-3590143.9207483735,0.0,inf,-10.718032614730607,115.28619630395126,0.11
BLR,Belarus,partner_embedded_branch,600,1963320.1751203167,1574328.3484635456,0.6727200777653284,0.1337130050275405,144242973.61389706,5892.896724724852,25.0,33.88421111376855,0.00014458541176151282,234476.35655259533,0.08,311689.11042452365,586734.5527256252,-228106.67808305158,-3897152.724484355,-286319523.79986864,-4061894.130017481,-298422893.6488413,-4626680.083187796,-3425321.119206502,0.0,inf,-1.1423831561154458,120.76098673813871,0.11
BLZ,Belize,partner_embedded_branch,600,1842587.0578953018,1509661.6595556196,0.6258148168084378,0.10957255418028954,135372844.29780415,5302.28651987288,25.0,0.47326182033897857,0.0001407012637147094,3365.3452584844613,0.08,122408.99497953971,500447.2877336124,-338002.5097353837,-4121646.2256002906,-302812814.3840052,-4509052.427205115,-331275121.86908984,-5147507.984621394,-4081585.7260664394,0.0,inf,-134.69617500322371,123.21533046102321,0.11
BMU,Bermuda,partner_embedded_branch,600,2707243.4187686914,2379487.346086609,1.3367276395267376,0.034311186712748916,198898196.00917512,7344.578303898786,25.0,0.061702461802309747,0.00010678238635823354,578.1346829995173,0.08,120435.05141976038,995602.5838155495,-795519.3256905451,-7657543.332259061,-562591285.3234078,-7862125.567724395,-577621717.1225868,-8328830.112364926,-7343191.983880024,0.0,inf,-1755.421354752896,205.45438973829948,0.11
BOL,Bolivia,partner_embedded_branch,600,1730164.4369693892,1392509.425668531,0.5281021740234076,0.129526832557086,127113278.00326037,5210.651656607469,25.0,10.995599222880728,0.00011988882466073376,91762.73593005525,0.08,175002.46781385146,439065.234401227,-228937.54783527736,-3454835.026140857,-253822929.05204004,-3347723.6931375857,-245953577.23875597,-3692913.359270456,-2924723.829663315,0.0,inf,-3.9958215450565358,103.9697124128158,0.11
BRA,Brazil,partner_embedded_branch,600,1879179.5139668381,1547384.148632253,0.6571030649385963,0.1040212698360308,138061251.79367825,5559.251244264256,97.75664487696751,600.0,0.00013474588319253468,5527767.533165593,0.08,3322128.716696211,1172860.181609203,2243097.3496157443,7012640.945108274,515211016.3320653,6127153.971945341,450155262.4494551,3770140.5275145937,8402172.336106846,1.0,4.0,0.6724818538377971,122.8238344064465,0.11
BRB,Barbados,partner_embedded_branch,600,2240957.256927118,1902153.003231476,0.9475194581876708,0.07101472198755047,164640664.61345276,5674.872728904498,25.0,0.8055965615173235,0.0001438344330018375,5603.777621263191,0.08,124388.79163915574,731920.7235326903,-548978.2740109194,-5768009.540903949,-423769316.15971816,-5854269.023744097,-430106705.4785527,-6311326.026654283,-5299942.652112653,0.0,inf,-120.08297189334422,188.0980195215843,0.11
BRN,Brunei Darussalam,partner_embedded_branch,600,2085748.96671588,1830845.0147661238,0.8975437413045317,0.03566135254183699,153237682.26075232,6857.407860460935,25.0,1.605138553631668,0.0001472762700049803,10904.503695761392,0.08,130566.80614541059,671654.1082646555,-487354.9734580724,-5233005.762473213,-384463177.06256825,-5213671.935501303,-383042742.0621517,-5641864.134170683,-4899208.289438561,0.0,inf,-44.27646046321692,131.1751119617571,0.11
BTN,Bhutan,partner_embedded_branch,600,1683350.7889834887,1422253.8762156772,0.5626067953526533,0.0759815280994419,123673930.78074904,5385.2417186685725,25.0,0.38919598653795573,0.00013936786861969616,2794.035045157683,0.08,122012.07788490487,436216.54506166594,-279307.1435718278,-3612220.040656648,-265385832.94499922,-3763487.859336503,-276499313.1888076,-4271115.247062246,-2947675.5125417057,0.0,inf,-133.26266335939187,102.75894969165944,0.11
BWA,Botswana,partner_embedded_branch,600,1744756.257404577,1475068.1216287687,0.6049943209045769,0.07530088199219064,128185322.99963114,5497.309428711041,25.0,2.7645135288659803,0.00013177728285747344,20989.607886483198,0.08,134589.49083651282,471156.3170709456,-298874.3208687571,-3808822.098523609,-279829969.8742212,-3606016.571462636,-264930070.88713127,-3785053.0114503466,-3480410.5053402213,0.0,inf,-19.66616595802916,109.45953640281635,0.11
CAF,Central African Republic,partner_embedded_branch,600,1753290.5699384324,1324469.465284364,0.45889044359243636,0.2034256431752743,128812329.55374971,4434.45,25.0,0.029986571472910117,0.00010152749850233837,295.5080266746485,0.08,120127.65499379333,397635.88451288483,-245697.35875806073,-3498060.56493013,-256998661.83879524,-3616384.232505925,-265691771.53955457,-3957436.9240437015,-3398374.5779645024,0.0,inf,-1847.7104373183781,113.60692166387642,0.11
CAN,Canada,partner_embedded_branch,600,2245372.081819546,1992674.227499917,1.029264212849008,0.024375845754628377,164965016.94199204,6526.174215483845,25.0,178.0814734870976,9.972042367876822e-05,1786737.6124673167,0.08,1235703.0917057917,1061567.7115426525,259060.79708655132,-2682075.722698706,-197049153.063379,-2125916.6108874166,-156188754.89362654,-3497533.9291751543,-439485.6208628869,0.0,inf,0.22290730128107455,166.2274639741017,0.11
CHE,Switzerland,partner_embedded_branch,600,2518389.261977782,2252903.7302821935,1.2390790770101194,0.016219536078176965,185023288.8493195,7012.699129740112,25.0,44.39428035188718,0.00010820594477630191,410489.5006029316,0.08,418870.78194155305,997370.2221313065,-498709.822419249,-6158665.810115056,-452470402.53676206,-6140971.730237264,-451170437.95162857,-6831460.217503289,-5536792.2258229125,0.0,inf,-1.6019010838473506,193.40079691331817,0.11
CHI,Channel Islands,partner_embedded_branch,600,2070836.441356622,1757390.4940494339,0.8316653523169946,0.0712352146127627,152142075.42638552,6288.68224757156,25.0,1.0952493058541852,0.00015991503214277407,6852.512733919383,0.08,126612.16787173468,642957.5862509286,-464908.8114791196,-5089587.598427683,-373926402.3101236,-5326988.694694916,-391367999.71167135,-5699449.938771777,-4847541.412648427,0.0,inf,-67.49865818256464,137.50699971784954,0.11
CHL,Chile,partner_embedded_branch,600,1889494.462610326,1626571.1657467235,0.7300491754565359,0.05603878570421531,138819079.7240718,5921.210076467734,25.0,153.3974050601147,0.00014362057805848737,1068630.331709049,0.08,991966.3301241156,739870.9972066681,311285.01269398094,-1747975.7864467308,-128421858.25687623,-1977047.797536825,-145251526.93245324,-2563819.680429073,-1419355.7657071822,0.0,inf,0.34271232943557095,123.91039516807454,0.11
CHN,China,urban_standard_branch,1400,6621112.197425964,5500852.895361558,0.7017359482639538,0.09422902616181461,486445829.92146844,5720.949103829381,491.6566889706093,1400.0,0.00013974239750921987,40042687.00524328,0.0,8008955.595546688,3581887.430742445,4427068.164804243,14160868.77555516,1040383451.9843845,14143514.402516266,1039108445.2870274,11924304.976785066,17539479.70248849,1.0,3.0,0.5527389754563795,359.78612798712095,0.11
CIV,Côte d'Ivoire,partner_embedded_branch,600,1641832.1594196802,1319310.8906312396,0.4691829095042467,0.13132901500372493,120623602.73718855,4942.70542325894,25.0,7.369983756215934,0.00012258757684425022,60151.46712354841,0.08,154970.55233393164,387881.658179407,-201880.5731911228,-3177698.084868861,-233461982.82742187,-3188261.7544313427,-234238084.0101409,-3594725.9499552064,-2829177.3631420983,0.0,inf,-5.541958514490781,96.24554293654384,0.11
CMR,Cameroon,partner_embedded_branch,600,1661188.4686092618,1302385.6016878232,0.45,0.15954240675129244,122045689.481407,4801.472034183031,25.0,5.952637400456948,0.00011425196711573114,52128.10013049338,0.08,147438.16512760898,380111.57305725804,-202264.48208506842,-3188895.8402764215,-234284669.5996844,-3312446.148875674,-243361774.867132,-3651961.0415006424,-2988725.2833110117,0.0,inf,-7.07678162510521,97.15546352879872,0.11
COD,"Congo, Dem. Rep.",partner_embedded_branch,600,1734221.6355957242,1312742.6182657904,0.45,0.2009704730631618,127411355.92341872,4434.45,25.0,2.9682669037201017,0.0001317510096976431,22541.102396732673,0.08,132636.12592435355,391318.3714484766,-227376.77580824494,-3391992.403833501,-249205950.71800312,-3253969.9402597174,-239065592.14394715,-3530574.380035472,-3042520.675258141,0.0,inf,-17.27441670672353,110.71460003450332,0.11
COG,"Congo, Rep.",partner_embedded_branch,600,1650845.9358625696,1309889.3851947442,0.45876711633690703,0.14572195909444133,121285834.97729355,4902.05096240482,25.0,1.1030179939494102,0.00012149964248271492,9083.09280723209,0.08,125190.76840203795,379281.0295284733,-223747.77876415744,-3264947.2672321275,-239872084.28155047,-3256516.0651065893,-239252653.13570952,-3713277.934390813,-2842982.290424158,0.0,inf,-41.38074577345021,95.83331925986344,0.11
COL,Colombia,partner_embedded_branch,600,1793596.9518267666,1475366.6027984275,0.5992576860166072,0.10517798111067324,131773595.09406555,5512.256722329409,25.0,145.76928592659215,0.0001297650419018802,1123917.5929155764,0.08,891377.0172076946,620979.2599212527,320076.09808014205,-1477111.2223433377,-108521736.68322045,-1352751.2075473075,-99385143.19217238,-1843396.8895474493,-243932.1208906613,0.0,inf,0.39834354317326326,110.81737740605604,0.11
COM,Comoros,partner_embedded_branch,600,1700652.2461625265,1322322.3608405814,0.46401967458848214,0.16919107041991438,124945049.80809006,4664.327535852912,25.0,0.1245600361389622,0.00010956091082030534,1137.4943439687725,0.08,120557.74925417261,390715.2824274349,-238900.31057906753,-3401331.135911065,-249892057.0911365,-3296488.675662513,-242189396.86338162,-3712608.16788204,-2889984.869310519,0.0,inf,-411.19606425315095,105.22820053737055,0.11
CPV,Cabo Verde,partner_embedded_branch,600,1679492.4349054315,1420672.6386867655,0.5615960809725656,0.07471014988423333,123390461.75082366,5193.669227113112,25.0,0.5368736913605968,0.00014815194260236133,3625.692151855444,0.08,122676.81059487951,435055.6511823502,-277574.38849288266,-3603353.54871447,-264734421.53514856,-3647837.2678513355,-268002591.448043,-3996498.779861371,-3225196.5714133764,0.0,inf,-99.54810155896072,107.0527804517643,0.11
CRI,Costa Rica,partner_embedded_branch,600,1962469.9935774852,1679296.9558331089,0.7709601199444007,0.06238722361043173,144180511.71114492,5853.356099683406,25.0,21.011288283611023,0.00014812210052269153,141925.02313521804,0.08,238067.0903395978,616450.0183695866,-329066.9265604218,-4366691.447956766,-320816017.3207909,-4221345.586098534,-310137616.7305146,-4728223.882084295,-3651039.426852621,0.0,inf,-2.675633392754625,135.65751466596308,0.11
CUB,Cuba,partner_embedded_branch,600,1866498.5999764078,1520605.4422006246,0.6333078660302148,0.11588243865142489,137129598.99180672,5696.641145108448,25.0,19.78509787160142,0.00013969578633529834,141703.65448079855,0.08,228200.25849154772,529496.5265785404,-258936.5459607095,-3847713.0480801403,-282687245.15809506,-3920897.920359046,-288064057.2210668,-4346306.217084681,-3464902.7352164537,0.0,inf,-2.2973982464348675,115.01874305442887,0.11
CUW,Curaçao,partner_embedded_branch,600,2105240.6562282294,1757017.5787429467,0.8277613601893091,0.0892635140252411,154669715.24836618,5941.350252972288,25.0,0.27985216878316804,0.00015646401476194526,1789.535678704411,0.08,121596.19176364293,649570.4023809748,-476008.5784268539,-5188693.360119614,-381207593.6052919,-5317588.490944991,-390677377.08238846,-5860975.632017643,-4578654.68174084,0.0,inf,-286.28655133945676,149.65528834518813,0.11
CYM,Cayman Islands,partner_embedded_branch,600,2572660.2963479534,2256645.115714146,1.238036527760444,0.03639782405436371,189010522.04635817,6956.3060371725005,25.0,0.14754178111538108,0.00010630362701464112,1388.6509437375205,0.08,120985.29195139979,924132.2141876819,-729216.3451012676,-7138311.216570213,-524443872.9390754,-7026844.999020427,-516254572.5485319,-7782832.42480648,-5992680.252786252,0.0,inf,-710.4977263872632,199.3036291531676,0.11
CYP,Cyprus,partner_embedded_branch,600,2167490.4014526648,1854012.9612843648,0.9106502779548384,0.06280045536326712,159243135.5552857,6556.802429702849,25.0,10.176195850632073,0.00011083451736121617,91862.1438657553,0.08,184054.37345141417,712134.93836954,-471109.76984856266,-5310011.918857167,-390120734.6653253,-5458688.626126098,-401043848.8039957,-5931168.835916006,-5046196.693099997,0.0,inf,-7.060647925901073,145.41958688107658,0.11
CZE,Czechia,partner_embedded_branch,600,2044406.869839584,1788180.9396791663,0.8626740985433692,0.03935326599981925,150200323.87955743,6378.010039865585,25.0,36.665093181652566,0.00010141092676954539,361738.0521959909,0.08,344496.31912817975,697758.2053504502,-297441.2297942345,-4421723.06000341,-324859129.32308453,-4316704.741948347,-317143549.0157289,-5263002.35114159,-3799264.2539315843,0.0,inf,-1.2719298993914883,137.37030961103363,0.11
DEU,Germany,partner_embedded_branch,600,2246242.048191466,1977333.9186822544,1.015322534022812,0.032723004614957155,165028932.414374,6626.117513431818,41.312030686861085,314.60772139215163,9.965154948142646e-05,3158722.5126331677,0.08,2121242.6232743175,1282010.5050488901,941792.9586293385,40884.72724276502,3003755.937325979,-742346.98550719,-54539416.443529196,-1945911.9268280447,90228.69041512189,0.2,7.0,0.4517799240178555,161.1155629181918,0.11
DJI,Djibouti,partner_embedded_branch,600,1720288.934569531,1378388.7872851314,0.5157940604138234,0.1345848470714093,126387735.70499542,5099.44165349481,25.0,0.2290795509471431,0.00016953420955076934,1351.9328837609912,0.08,121121.4506919012,421547.69059994275,-266702.4246600461,-3578016.111841713,-262872907.91928765,-3656441.516206283,-268634736.1100078,-4251689.736894926,-3220846.5744178817,0.0,inf,-228.30636203860965,104.1816673685996,0.11
DMA,Dominica,partner_embedded_branch,600,1805210.7734245297,1543126.6805205056,0.661803226519868,0.06349058948268316,132626849.79164945,5528.429324297494,25.0,0.016188947803123844,0.0001354946331432993,119.54259626009444,0.08,120085.91947561374,506769.160446591,-346141.70813524997,-4124729.750648686,-303039357.5774333,-4139570.0723990337,-304129659.6920774,-4345307.859373654,-3816811.8175679473,0.0,inf,-3867.5287231001726,120.21670096087703,0.11
DNK,Denmark,partner_embedded_branch,600,2329485.533338578,2080571.6732291807,1.1008869306550215,0.01785203964161479,171144739.70029867,6834.928303481558,25.0,35.902870163690174,0.00010644786004449776,337456.9584106884,0.08,355577.80171970837,872005.0564877952,-446666.8502490632,-5582068.032175624,-410108398.04910773,-5338550.915882575,-392217463.3838854,-5667499.2248269925,-4958516.587225797,0.0,inf,-1.8202062041027502,170.02682586017303,0.11
DOM,Dominican Republic,partner_embedded_branch,600,1844570.4768716819,1547489.8219274292,0.661268977954543,0.08361439793700153,135518563.9082379,5744.840835749256,25.0,48.384489123374735,0.00014239580417668108,339965.7151827424,0.08,386842.7413755157,568715.6382607725,-136375.64582439495,-3364500.3222621875,-247186137.72624844,-3128454.862167665,-229844137.42310998,-3918419.8774872306,-2260664.970454863,0.0,inf,-0.49062837278822763,116.6204921646168,0.11
DZA,Algeria,partner_embedded_branch,600,1788174.729814849,1445096.2408437347,0.5710935839863539,0.124917043443169,131375230.40729417,5398.016037845982,25.0,97.76533074078215,0.00012633552034979097,774257.7385239471,0.08,626629.2703526965,554676.394991552,116326.9869604687,-2235285.640372845,-164223977.1839885,-2305305.3509739703,-169368248.30017152,-2817519.7588051753,-1914950.0679176669,0.0,inf,0.22042529718882353,109.09775840862876,0.11
ECU,Ecuador,partner_embedded_branch,600,1821550.1564303841,1473209.550403524,0.5937585237636159,0.12404558279601587,133827286.28776826,5332.050988686168,25.0,50.88939645704016,0.00012391221543711964,410903.0195628179,0.08,380491.0624247072,530392.8063471258,-107470.31941464852,-3170497.085913994,-232932933.35530666,-3109390.579468521,-228443505.54391482,-3854111.856118846,-2265452.6646756376,0.0,inf,-0.3960654376304501,116.09774385075247,0.11
EGY,"Egypt, Arab Rep.",partner_embedded_branch,600,1810149.130837639,1460321.2251234003,0.5828832622300025,0.12686858934358916,132989665.47859743,5449.397599209665,25.0,167.28307867629005,0.00012485561865583218,1340510.0554749868,0.08,995128.3270338973,633805.3803262792,412027.37713372044,-1131261.8053225,-83112560.44905822,-730341.4984304007,-53657386.51403327,-1743820.2943013425,-117270.60636590411,0.1,10.0,0.4519866056547504,110.76272273223556,0.11
ERI,Eritrea,partner_embedded_branch,600,1715075.7410620993,1310040.3978342097,0.45,0.1901615913368389,126004728.11251728,4688.329401779147,25.0,0.10361927969659881,0.00012139452038253976,854.0192101545083,0.08,120466.36926296903,385689.29290831054,-234367.78021267668,-3387912.9934085696,-248906240.92143488,-3438200.4095440693,-252600802.0687523,-3876699.675143238,-3095711.2905604425,0.0,inf,-482.43545805699864,102.60297018511224,0.11
ESP,Spain,partner_embedded_branch,600,2123424.8766429694,1826834.9657999096,0.890131285130407,0.05668343754760417,156005689.91959468,6380.499440221714,33.50215633604241,255.13238858912115,0.00010062258112225516,2536858.803334675,0.08,1682757.1800723036,1051939.8096328117,714972.5552101168,-605171.1669184683,-44461259.94521626,-608794.0763492199,-44727431.11589321,-2029395.6854466712,1238728.521249773,0.3,8.0,0.4392068465620205,145.43401496985834,0.11
EST,Estonia,partner_embedded_branch,600,2038104.5629757347,1787718.0638169341,0.8628909461789585,0.0364175243729446,149737300.32680798,6266.83639808226,25.0,4.767413003678467,0.00010472083411318605,45548.68447604211,0.08,148681.53344269717,650694.7146386798,-449957.6040248882,-5005079.511991739,-367717686.15856993,-4888091.040923673,-359122671.87651724,-5202276.082389053,-4387950.5555544505,0.0,inf,-15.060537147600703,140.21165684752327,0.11
ETH,Ethiopia,partner_embedded_branch,600,1700043.6062380562,1307912.4036165632,0.45,0.18164961446625266,124900333.70234314,4597.0561405620465,25.0,7.309682221180856,0.00011840232267179351,61768.12657605743,0.08,152258.8987588192,388281.9141362927,-204960.46224657007,-3255907.96277506,-239207976.52632463,-3156249.805957684,-231886201.3689245,-3476172.2419537148,-2881919.141668625,0.0,inf,-6.099465614985223,104.30086846311073,0.11
FIN,Finland,partner_embedded_branch,600,2230010.9429492704,1976505.5260952425,1.0160663477827683,0.025690365467128166,163836450.96644565,6541.388985508735,25.0,38.450811620811635,0.0001024128387232563,375644.69627337944,0.08,361460.84699543857,814825.1637484217,-388178.3036531094,-5154861.833642079,-378722028.5696665,-5111130.189600829,-375509112.7867644,-5485923.572870966,-4678234.911476898,0.0,inf,-1.543319242618348,163.0079313049682,0.11
FJI,Fiji,partner_embedded_branch,600,1723064.7585750043,1448112.7905126188,0.5821503840145901,0.08169924197752512,126591672.44127114,5342.7494548903005,25.0,3.8081694884192387,0.0001396412441654598,27285.29878404445,0.08,139532.25164004648,457050.30305059045,-280954.02716649673,-3692463.9385272944,-271281263.85326797,-3719237.101566204,-273248258.6912573,-4149200.84515487,-3212011.2693537977,0.0,inf,-13.808744176060332,108.7665382128358,0.11
FRA,France,partner_embedded_branch,600,2222049.9946232885,1930645.4108768727,0.9752551729991614,0.04630577851168344,163251568.84997892,6485.618335746562,38.136018264657366,290.42111001890663,9.905755442698398e-05,2933369.2404005397,0.08,1928218.0571774305,1202036.1269086131,822344.8204215064,-375981.36371568654,-27622937.212691404,-32440.259493169655,-2383350.180677732,-2214873.026054544,3044963.591899539,0.5,8.0,0.4365906116638131,159.12828623701728,0.11
FRO,Faroe Islands,partner_embedded_branch,600,2477436.44785807,2110939.5471567516,1.1153665641801378,0.06692536772631841,182014530.64403978,6749.948845304007,25.0,0.43443330147317333,0.0001460244238891777,2976.622509087289,0.08,122815.10645917483,857608.7862040933,-666184.9768485909,-6674917.419515029,-490398840.40260774,-7006014.581366655,-514724184.6769687,-7936974.280190561,-6601292.655233905,0.0,inf,-227.18060117772902,184.67324818557896,0.11
FSM,"Micronesia, Fed. Sts.",partner_embedded_branch,600,1957364.329751639,1609280.1951065161,0.7062790598655634,0.10572548109824817,143805404.20609018,4699.913059066784,25.0,0.012482827159321686,8.712132949026444e-05,143.3555849989447,0.08,120056.32147428497,562299.0893398777,-397258.8407184025,-4597304.486128683,-337758903.5609396,-4470843.332773547,-328467941.7312064,-5048436.485504055,-3968294.887685241,0.0,inf,-6771.280260884221,168.01886105405146,0.11
GAB,Gabon,partner_embedded_branch,600,1848662.8547399072,1499739.4156320868,0.615672251822527,0.12059640341571146,135819226.40860078,5528.340555880691,25.0,0.8278234066312566,0.0001255563312481545,6596.6772931034775,0.08,124393.43012350741,497583.43201056565,-333383.327326213,-4098635.764825453,-301122261.14238477,-4183941.49575493,-307389579.35746944,-4940931.30999676,-3343013.175262399,0.0,inf,-72.84695220727903,115.75442322572442,0.11
GBR,United Kingdom,partner_embedded_branch,600,2249706.385026786,1978828.933541018,1.016356282173032,0.03353432329891187,165283453.43089446,6458.856413802821,45.5859712208382,347.15549671097034,0.00010046862920988145,3457161.9434499447,0.08,2272538.4062578124,1338491.7091305433,1041126.0338577125,431270.62854940916,31684978.68183369,92780.76153482635,6816500.491126004,-2798985.526293168,2329401.5211248538,0.5,7.0,0.4643266710585673,167.1965876328692,0.11
GEO,Georgia,partner_embedded_branch,600,1811786.1049393904,1526712.2199138477,0.6456017673000118,0.07884004315533152,133109932.16518159,5817.465907045056,25.0,24.465926557470386,0.0001538735992407629,159082.9770260433,0.08,256636.5058870581,527542.9026662973,-228702.96456593537,-3660152.1761422567,-268907354.21377784,-3534756.074677296,-259694640.5748588,-3967000.0390726025,-3238577.7605401715,0.0,inf,-1.6068534873453149,110.95874440701816,0.11
GHA,Ghana,partner_embedded_branch,600,1597942.2256534633,1315451.157557712,0.47149757551461235,0.10431675265778546,117399057.58231173,4963.958524560955,25.0,15.492593173270906,0.0001266518479252099,122387.97250452953,0.08,193828.40635201245,386944.3116617792,-162160.3603768244,-2966157.3053528494,-217920314.45123798,-3148717.2288443595,-231332791.21424338,-3331858.5338560757,-2887249.429891869,0.0,inf,-2.1085914440506945,94.01835271974663,0.11
GIB,Gibraltar,partner_embedded_branch,600,2023316.4263646244,1752043.566935089,0.8316653523169946,0.04984750615538326,148650832.19693998,6238.459129882682,25.0,0.17400431290988919,9.919308224840734e-05,1755.11178302566,0.08,121042.09804273119,628886.4702228326,-457533.45456227486,-4990822.2376028225,-366670219.89221805,-5046575.323696151,-370766337.7991002,-6111686.29742909,-4209946.466327751,0.0,inf,-421.48828456544965,136.16899058164023,0.11
GIN,Guinea,partner_embedded_branch,600,1671441.3199174707,1303847.6991904946,0.45,0.1653907967619781,122798955.18888468,4719.030730533079,25.0,2.187960774482348,0.0001296651687952274,16882.717613559627,0.08,129912.05196670383,379211.1790259341,-218962.23273715551,-3269080.9291588794,-240175779.8762808,-3244866.9149421426,-238396802.8871928,-3595655.177864564,-2758778.731908124,0.0,inf,-21.206884723140814,99.68574329037646,0.11
GMB,"Gambia, The",partner_embedded_branch,600,1599511.251753638,1293532.8887950398,0.45,0.12413155518015967,117514332.20396286,4616.748984246746,25.0,0.2631588882651747,0.00012064510400571177,2182.4007147676293,0.08,121166.34098888999,364414.0193529086,-214094.5568157859,-3155695.450466734,-231845473.48079544,-3152568.0244143372,-231615704.92889452,-3746421.648043505,-2813802.664742186,0.0,inf,-176.2184271160334,98.71549611016287,0.11
GNB,Guinea-Bissau,partner_embedded_branch,600,1675691.1544122093,1304452.9574175025,0.45,0.1678118296700106,123111185.85439517,4578.818375950798,25.0,0.02677647531973488,0.00010795529599075551,248.16218858907635,0.08,120117.7004325477,378390.9143460083,-228001.94076577996,-3312808.440842848,-243388392.05943912,-3387679.0691306056,-248889054.76204956,-3679875.2590549146,-3126638.318740022,0.0,inf,-1859.6521558782702,103.57346750872897,0.11
GNQ,Equatorial Guinea,partner_embedded_branch,600,1852448.553736427,1469022.227134028,0.585943627966764,0.14637076870229176,136097357.5496062,5396.081363696706,25.0,0.12129150525441643,0.00012046053362158158,1007.4227578803886,0.08,120628.31887783496,483747.4914647376,-324419.37326972367,-4045217.606502697,-297197687.810386,-4110140.7087318054,-301967516.71574616,-4748407.720250069,-3698595.0160244736,0.0,inf,-495.6760163121246,114.78299083843254,0.11
GRC,Greece,partner_embedded_branch,600,2054012.0567184195,1736558.4086066433,0.8141910537019308,0.0752783659169184,150906006.3938399,6125.36131165155,25.0,50.590108523648475,9.835200363274228e-05,514645.9430330631,0.08,417487.3857628893,698310.5812670372,-224958.34900278493,-4126311.040026933,-303155533.1686348,-4364655.046470276,-320666405.1436201,-4943417.418328175,-3900613.0687246984,0.0,inf,-0.7259467976729719,138.93686554467342,0.11
GRD,Grenada,partner_embedded_branch,600,1895999.7091417613,1589503.5595268146,0.694725560510135,0.08438643555658255,139297013.03096515,5542.632688729044,25.0,0.7661009721520622,0.00014592944231662193,5252.538507751599,0.08,124076.36763947243,543290.8808411981,-375751.2427344299,-4397171.691681159,-323055367.2989539,-4167747.705810239,-306199839.4234019,-4495756.578220076,-3663092.5252411566,0.0,inf,-88.49083913141294,129.93071832749524,0.11
GRL,Greenland,partner_embedded_branch,600,2292842.570718833,2007704.5376824872,1.0385232828842192,0.038201736308852714,168452621.54388487,6764.270197355363,25.0,0.4069639506156097,0.0001508304240850245,2699.5609840167936,0.08,122642.70155764528,776998.9648887623,-592196.3461400161,-6051492.161763653,-444596472.48339766,-6464700.665924708,-474954446.75475585,-7395381.29930091,-5540814.685770284,0.0,inf,-215.12398577498544,162.40157409417964,0.11
GTM,Guatemala,partner_embedded_branch,600,1812591.2162167556,1455208.7833814526,0.5776964040180603,0.13235311343550898,133169082.8051072,5273.787526273852,25.0,21.1772732221648,0.00012858497061521277,164780.5636859744,0.08,227217.06178516414,491178.7087005825,-224667.35021937173,-3598150.290111129,-264352143.84914556,-3492577.64173235,-256595837.50266987,-4048738.0154087725,-3076220.1397467,0.0,inf,-2.0116262525713147,114.60685125644076,0.11
GUM,Guam,partner_embedded_branch,600,1788198.8456775208,1545227.092396358,0.6657743723299475,0.052036507935694774,131377002.17319722,5347.510481114441,25.0,0.2777138646112008,0.00014082989150211202,1973.008115851551,0.08,121425.67468968882,504606.71730906854,-342812.50523465424,-4094329.6115142684,-300805892.79538065,-4217797.111844365,-309876914.23038244,-4659157.204115443,-3777249.46198835,0.0,inf,-230.83807786269884,124.97926869854416,0.11
GUY,Guyana,partner_embedded_branch,600,2235965.850122295,1816520.722120857,0.8694155274107683,0.11900525142958678,164273951.44604987,6864.9246085225395,25.0,3.2899775137695038,0.00017074577664512913,19278.316842065604,0.08,141682.0296919316,705193.5793431439,-507096.0633037607,-5516445.346162892,-405287171.4927069,-5475478.345996162,-402277371.05415744,-6171238.670414095,-4790209.481338617,0.0,inf,-22.452336229055394,135.86156867319593,0.11
HKG,"Hong Kong SAR, China",partner_embedded_branch,600,2214852.557294743,1969223.9639881938,1.0108821346284431,0.022485182810559376,162722781.04663175,6829.043211186046,25.0,67.21285993274648,0.0001777588884934254,378309.4618643691,0.08,560639.5438349962,856308.703925795,-227164.46377673524,-4498640.290172007,-330510153.6146182,-4495614.873219984,-330287879.55911165,-5298058.711333793,-3615673.9583817143,0.0,inf,-0.4949121981374605,152.25284692134494,0.11
HND,Honduras,partner_embedded_branch,600,1719319.638855803,1374828.1464463775,0.5124860472258854,0.1368823496560831,126316522.61513312,4931.352428725275,25.0,5.136257577473813,0.00012828556605498225,40058.54348952732,0.08,144315.54842806474,423841.395472641,-245618.53540676498,-3495516.1334424443,-256811725.2562696,-3403345.815724435,-250040073.40087694,-3828485.2968328292,-3055261.161301725,0.0,inf,-9.697243501953833,107.88184628535312,0.11
HRV,Croatia,partner_embedded_branch,600,2033955.629899641,1728316.9888105062,0.8086823595431676,0.06985615752618649,149432482.77753374,6245.580381534277,25.0,15.012623431602796,9.849150564749542e-05,152504.96006480785,0.08,210012.04452458903,642956.8694951881,-381508.27541098406,-4695629.378213078,-344982725.22499883,-5189521.514499762,-381268437.1966316,-5766150.3009739155,-4502698.05277435,0.0,inf,-4.068877074495236,133.63387784550102,0.11
HTI,Haiti,partner_embedded_branch,600,1894944.3536836503,1465084.5174876358,0.5769034764124288,0.1758206878883988,139219477.22634873,4586.9532603730495,25.0,0.05957255893761369,0.0001022409825592761,582.9715962894126,0.08,120262.32628170974,488457.93715291616,-329118.9758989731,-4131949.7123275814,-303569800.2200239,-3978240.270904228,-292276936.63903564,-4260068.931965983,-3637213.2226187196,0.0,inf,-1204.4321857640045,141.5005907003923,0.11
HUN,Hungary,partner_embedded_branch,600,2008148.6724143384,1711444.9996995023,0.7958170139884677,0.06669492885567013,147536473.9987418,6198.148233456821,25.0,33.33712304253692,0.00012788591913845342,260814.38636353298,0.08,318363.2930828476,654978.572674582,-284216.9937777679,-4272062.013406377,-313863696.8567518,-4466189.52180154,-328126031.3582852,-5129578.014688443,-3897696.320051763,0.0,inf,-1.375498005635047,131.80661767791457,0.11
IDN,Indonesia,partner_embedded_branch,600,1721044.852089301,1425876.6463692568,0.5612452746451648,0.09728021225120304,126443272.13366365,5355.095315135381,64.28498072103704,489.55597118144317,0.00012742195901306307,3844007.5208474323,0.08,2636754.132259486,896762.8101179451,1811732.3469509762,4580875.403643986,336551876.94277966,3623542.461174199,266217678.72576112,2457626.8418339947,5191788.849387663,1.0,4.0,0.6910738839282109,105.20151114981506,0.11
IMN,Isle of Man,partner_embedded_branch,600,2057768.6436379526,1755922.930944999,0.8316653523169946,0.06536496219502325,151181998.70257238,6255.530380077814,25.0,0.3349992969332835,0.00010106534446022388,3316.4067422309013,0.08,122011.77434810002,638399.2332323875,-465315.52022569644,-5072282.8495603325,-372655041.44606316,-5393305.7216604,-396240238.73409575,-5885631.971371144,-4768812.574818338,0.0,inf,-222.04423664042952,137.6928741594357,0.11
IND,India,partner_embedded_branch,600,1667963.3077023032,1365169.9094939,0.5099906445524391,0.1107264152134038,122543429.45724975,5131.718318167629,181.9194572445319,600.0,0.0001305029568884198,10621302.750913672,0.08,3075869.7512645544,912741.9960065095,2236147.1149385655,8946007.262011614,657253312.932005,8771089.51398499,644402298.3940119,7961056.420490162,10179405.241457071,1.0,2.0,0.7262502785931755,99.84204410811812,0.11
IRL,Ireland,partner_embedded_branch,600,2495107.4891013806,2212586.9339079517,1.205035385459286,0.025170808335377395,183312802.60604042,7492.646676867651,25.0,42.33234188731695,0.00011023852156629723,384206.8194895909,0.08,424494.0295353894,973634.0625064035,-471249.30797050183,-5985717.560336606,-439764084.8686141,-5971524.376054371,-438721327.231901,-6963639.960836394,-4941518.147998498,0.0,inf,-1.485741235524299,170.89858412818114,0.11
IRN,"Iran, Islamic Rep.",partner_embedded_branch,600,1864025.294804508,1473594.3049051194,0.5888842660019755,0.14995588961059964,136947887.98146293,5475.551064739519,28.99338897684394,220.79631259429283,0.00013068625709133626,1690394.4212976426,0.08,1280622.2251355902,702116.2024801048,634675.3188538938,-334517.5228736492,-24576634.43625185,-1315914.071842151,-96678759.35276382,-1843986.1515596602,-452327.4948147481,0.0,8.0,0.5249669469568857,113.79049341000297,0.11
IRQ,Iraq,partner_embedded_branch,600,1875819.397957937,1460564.6533772354,0.5749406134418411,0.16755554629973604,137814387.7666319,5277.689665290445,25.0,23.71961840381772,0.0001185574832963876,200172.71542876764,0.08,240177.39351788335,505819.73717913637,-225176.76468692214,-3686061.6051674397,-270810891.46388614,-3909251.0757200695,-287208376.35697025,-4367841.610304373,-3595970.3844420942,0.0,inf,-1.7987550551034166,117.36917957498308,0.11
ISL,Iceland,partner_embedded_branch,600,2399493.268933093,2146391.446140376,1.1538550307084898,0.016290631019054227,176288131.02591854,6714.636567058371,25.0,2.145421571322,0.00010078830105796679,21297.50224752425,0.08,133829.49708917234,848394.0652600834,-646693.0429501045,-6500394.086545227,-477576803.1049827,-6664509.656108582,-489634193.47367585,-7111374.903807393,-6036877.025518765,0.0,inf,-44.89138811259945,185.88157359687585,0.11
ISR,Israel,partner_embedded_branch,600,2372965.8761420036,2014318.1441032253,1.037263751832545,0.07095381725017592,174339192.65768924,6321.404027333335,25.0,53.28402972142279,0.00014529158593364777,366929.6037400659,0.08,443356.6848706091,891015.161414258,-376377.2636305082,-5349470.5617059795,-393019717.7509205,-5307618.976579755,-389944927.82844037,-5969110.433095278,-4755600.527210913,0.0,inf,-1.1174105561784524,183.56870056341975,0.11
ITA,Italy,partner_embedded_branch,600,2199750.3040450043,1877681.215287353,0.92914044436904,0.065022639304212,161613235.11285204,6420.640598624633,26.207072555105217,199.57739292497854,9.515176919214211e-05,2098556.333145748,0.08,1350158.1231185065,1018448.4934640094,413185.50913161784,-1946941.961287274,-143039684.2596186,-1728998.025361488,-127027583.02548064,-2777921.1723094787,-337342.68905361893,0.1,inf,0.3224447990155988,153.85901127463373,0.11
JAM,Jamaica,partner_embedded_branch,600,1816573.268188917,1522873.1542754874,0.6414150306394326,0.08441746390478605,133461639.78324474,5211.2059512581145,25.0,2.3212545350199583,0.00013181812477768373,17618.69714774754,0.08,131612.67402938966,503261.0602575833,-331387.50140758697,-4074101.6409173524,-299319766.0463929,-3948443.6360268877,-290087810.65089583,-4310347.701388098,-3652361.7826549485,0.0,inf,-27.39524079864351,126.96518778343207,0.11
JOR,Jordan,partner_embedded_branch,600,1647833.2156583415,1394497.9192504217,0.540749653968347,0.07424340715995267,121064493.73788114,5144.94154006281,25.0,14.679230401772461,0.00014085464809696882,104269.73229436572,0.08,192502.83097942272,431343.0119581183,-204332.7400220461,-3258250.052911931,-239380047.3123814,-3269892.4610165707,-240235402.22918034,-3737581.029369399,-2877247.20668017,0.0,inf,-2.7055416701843944,103.34946311636133,0.11
JPN,Japan,partner_embedded_branch,600,2042400.3216389816,1814043.7386964643,0.8865290596150137,0.02352965671078803,150052904.99046218,6304.46380162605,43.103351102038395,328.24934647647393,9.749306045708049e-05,3368653.3369157687,0.08,2106658.677857604,1133474.1888615643,1063862.4241049648,909337.0631436827,66807993.75839691,608340.5161847246,44694108.54952392,-981029.3204483367,1663271.825269584,0.6,6.0,0.5140832386175849,142.35062064156097,0.11
KAZ,Kazakhstan,partner_embedded_branch,600,1948753.5632435586,1615215.364220432,0.7128090798013644,0.09681605787490616,143172780.6625847,6067.619397143688,25.0,75.66487313242055,0.000131169129790341,577150.1664505334,0.08,560741.4258246636,651902.8245209565,-39009.172734616324,-3173858.2351159,-233179873.28990656,-3328466.9667992713,-244538806.737079,-4165945.46830496,-2417458.2098678444,0.0,inf,-0.084967746689937,121.08784756170802,0.11
KEN,Kenya,partner_embedded_branch,600,1638924.351439834,1300717.8651556417,0.4514806095520233,0.14546841286245005,120409969.28349803,4876.720947447636,25.0,9.330638952232476,0.00011791734921361876,79169.85170825166,0.08,163682.80553416605,379303.6738551892,-185276.574412608,-3093100.8817523657,-227246719.3713764,-3153054.772130588,-231651465.74818498,-3598887.353670447,-2886007.973743814,0.0,inf,-4.071751098884617,94.58480924335312,0.11
KGZ,Kyrgyz Republic,partner_embedded_branch,600,1650318.0939535752,1322789.2592374277,0.47139418961780355,0.1341860888606934,121247055.01286583,5036.345165272682,25.0,16.921736197595678,0.00020560976151073925,82343.1250864043,0.08,201814.7561153095,398108.8206096329,-164445.35884555275,-3044483.2777210083,-223674837.482557,-3120386.315903929,-229251350.20451418,-3485537.501825184,-2845424.955504597,0.0,inf,-1.9295730011005907,94.8825383389308,0.11
KHM,Cambodia,partner_embedded_branch,600,1633642.5497347605,1319781.2244058144,0.4707680438440288,0.12528467840311316,120021921.12220816,5021.202431103934,25.0,10.207180364780864,0.00014775823781281277,69116.2616955437,0.08,169202.22610785987,389347.2117602935,-188997.20871161018,-3116591.8963085366,-228972578.37070227,-3181318.292348892,-233727955.48875153,-3372030.9764128723,-2952163.1589676193,0.0,inf,-3.6875835651298283,94.32679507262232,0.11
KIR,Kiribati,partner_embedded_branch,600,1668769.38345839,1410376.7145103952,0.5531725964004947,0.0756438760391077,122602650.9563661,4675.893866870737,25.0,0.00798035797026213,0.00014341988840885708,55.67229782249006,0.08,120035.82269461305,428419.3192621171,-274109.95102653466,-3578714.013895618,-262924182.01549578,-3569035.902210233,-262213141.7958934,-4127244.737090222,-3232604.465568074,0.0,inf,-7345.77774865925,119.79789173971822,0.11
KNA,St. Kitts and Nevis,partner_embedded_branch,600,2092963.202944321,1762939.4199440612,0.8344968333678116,0.07927351293718682,153767704.26079604,5944.3505812725725,25.0,0.33852513213296126,0.00014545248573690693,2328.6055221246766,0.08,121931.81958333115,648934.3587451498,-475087.7904622067,-5171680.273602338,-379957660.8532628,-5369120.734288432,-394463394.3153634,-6081365.771462372,-4840821.501086093,0.0,inf,-236.09051423801526,149.7735892941418,0.11
KOR,"Korea, Rep.",partner_embedded_branch,600,2105316.2433177056,1848440.3299439554,0.9116669903267123,0.035426368142259995,154675268.54868418,6504.221273161315,36.30743811770051,276.4957370984226,0.00010049946345889652,2752649.0924606808,0.08,1846453.8769670192,1095572.9695292343,838526.7450001235,-98465.25194441975,-7234133.748579381,73390.79850419587,5391941.236224917,-2303043.6189138484,1801940.5448594247,0.5,7.0,0.466265381276384,143.39293611238162,0.11
KWT,Kuwait,partner_embedded_branch,600,2137643.0577080417,1824503.1503335326,0.8865788408844779,0.06511839691174147,157050284.04244635,6263.49841008304,25.0,15.901570003996643,0.00013906808507528384,114403.33509689089,0.08,215615.48010034283,703165.9248708345,-431297.17078082485,-5100123.68224279,-374700476.7983274,-5284447.43528706,-388242540.17836154,-5649166.639377203,-4978877.6393383015,0.0,inf,-4.33031642486212,149.42610630583448,0.11
LAO,Lao PDR,partner_embedded_branch,600,1665448.114043995,1348270.9616611036,0.4940263445414713,0.12295212393705737,122358640.94588688,5062.14299611983,25.0,2.4066507617114703,0.00012321720936393776,19541.94823063936,0.08,131695.497885604,401394.677325622,-237587.60525396824,-3369837.2941477383,-247578239.1800108,-3456242.0193130514,-253926299.29270867,-3885668.785235051,-3076696.131589916,0.0,inf,-19.501871854857786,98.75919100777026,0.11
LBN,Lebanon,partner_embedded_branch,600,1762130.0468096363,1396849.0551909578,0.5281149617004173,0.14682141226174483,129461756.19605249,5210.707387628909,25.0,9.20898043898103,0.000122186875488623,75407.25738396532,0.08,166065.89030969143,444095.16385448084,-242501.66043643095,-3551533.4330074466,-260927254.6362808,-3456892.1198125137,-253974061.4612936,-3879147.578355605,-3108589.1687660515,0.0,inf,-5.053665357467248,105.56335706120933,0.11
LBR,Liberia,partner_embedded_branch,600,1696449.9599518222,1337916.4560223387,0.4797915298184899,0.15270817499690603,124636312.46270443,4434.45,25.0,0.20368941700637413,0.00011458721144442949,1778.5188348000536,0.08,120867.12051383416,398364.1774295914,-245627.92272138994,-3442761.014106705,-252935864.6693041,-3563042.384369782,-261772804.6330251,-3982543.2241976107,-3274953.1608537636,0.0,inf,-271.93775496082054,114.90768446165679,0.11
LBY,Libya,partner_embedded_branch,600,1897711.7573178534,1480293.1878480702,0.5911466024563711,0.1654397391104247,139422795.32720965,5271.132442123836,25.0,19.15857435826129,0.00013099966434568336,146325.21145069844,0.08,216947.88753088604,514728.0524734523,-256601.92074469005,-3853912.6375861536,-283142722.1795534,-3840989.581636568,-282193279.4742989,-4228195.268287221,-3356675.8564136345,0.0,inf,-2.5409304956379084,121.43296313312685,0.11
LCA,St. Lucia,partner_embedded_branch,600,1929199.061203812,1615447.063792816,0.7152267567232484,0.08565447155502211,141736132.90767676,5759.567737913872,25.0,0.14081143436396393,0.00014564807616431003,967.2958494504496,0.08,120778.57247471237,559238.3461350122,-393720.70596949884,-4526873.133804061,-332584389.58013725,-4606877.067027239,-338462190.54971755,-5001858.845012624,-4005038.4770208476,0.0,inf,-485.4678145028807,128.55009083848984,0.11
LIE,Liechtenstein,partner_embedded_branch,600,1986653.0587109248,1747898.7466169419,0.8316653523169946,0.03326822488279492,145957214.90512708,6238.373772299001,25.0,0.07879975271990551,9.918372079118594e-05,794.8965508796261,0.08,120471.91901820624,618828.1680350545,-448849.99557404383,-4902113.464694914,-360152883.92632425,-4992415.083303442,-366787244.5137123,-5358425.625455301,-4590104.080419808,0.0,inf,-913.0719024397644,134.02097707469167,0.11
LKA,Sri Lanka,partner_embedded_branch,600,1776884.0687578411,1425872.8865493222,0.5541214286978215,0.13288440270818128,130545717.95916297,5324.048299252142,25.0,12.945365032693221,0.0001279885354662051,101197.40729654464,0.08,186164.87873808815,463819.9289956935,-240549.45593794988,-3586722.866338533,-263512583.59473905,-3465544.588353778,-254609748.8073049,-4062329.948972609,-2895244.890960727,0.0,inf,-3.490182134460669,107.69764673508489,0.11
LSO,Lesotho,partner_embedded_branch,600,1623136.272437134,1296935.5695357516,0.45,0.13774227814300652,119250036.48605657,4577.987876410853,25.0,0.22991196002059086,0.0001367638388384874,1681.962991258946,0.08,121010.43279899147,368799.2077486494,-218284.83832976597,-3204567.2161628064,-235436028.34754363,-3171347.596884152,-232995419.4607221,-3617933.586356572,-2757624.9339661696,0.0,inf,-207.38978881696318,100.92861991106356,0.11
LTU,Lithuania,partner_embedded_branch,600,2031725.3690274933,1772620.1448283112,0.84970143320703,0.041973413278094986,149268627.964544,6388.013525276904,25.0,11.462827111054718,0.00010421066100962397,110053.97819003032,0.08,190295.70683839518,653534.7059217646,-410956.2226096282,-4832703.731232378,-355053427.15953845,-4640983.377758345,-340967943.68219006,-5195808.409430992,-4244995.453057319,0.0,inf,-5.612262703499258,134.75651110035173,0.11
LUX,Luxembourg,partner_embedded_branch,600,2525248.6006681914,2265510.581593457,1.2497450511451955,0.013317070647851337,185527236.9176313,7635.345402837895,25.0,1.0887307086433482,0.00011391339195618447,9562.508699027452,0.08,127980.3216107217,914044.4049788398,-712940.5309698109,-6991276.47094537,-513641391.91623837,-6941265.353563495,-509967130.1344211,-7805062.945543044,-6427468.479947479,0.0,inf,-85.7638254593004,173.08749604351667,0.11
LVA,Latvia,partner_embedded_branch,600,1987704.5713889748,1719989.934779569,0.8058739559367153,0.050589959434699516,146034468.38491946,6161.028615692314,25.0,7.738037711243971,0.00010197383598731347,75922.10480820977,0.08,165767.30089754914,619872.2294590186,-404515.1502047479,-4715383.494517993,-346434038.420393,-4833672.031587486,-355124567.12149787,-5450960.912936694,-4184332.910009269,0.0,inf,-8.484978064707185,132.9546180242561,0.11
MAC,"Macao SAR, China",partner_embedded_branch,600,2329983.6196443895,2058247.3247101246,1.080775468890195,0.029111954389523687,171181333.5532917,7432.241403317477,25.0,8.434414250966443,0.0001744399174767857,48376.58519111298,0.08,180179.1386964132,815852.9658608956,-570405.5898956107,-6036810.169439071,-443517802.6575022,-6104213.214583425,-448469830.2409082,-7261093.808506061,-5518272.184417968,0.0,inf,-9.099322093362291,149.63772334825225,0.11
MAF,St. Martin (French part),partner_embedded_branch,600,1917918.4643205735,1610953.8722878804,0.7122997626244092,0.08231667602947502,140907359.86332178,5706.640649260736,25.0,0.042502098963158506,0.00014181567159254183,299.85569843437486,0.08,120232.84243739718,555122.3687103232,-390479.7367761002,-4496664.239134239,-330364975.31852955,-4284336.223376678,-314765469.5616389,-4849131.818164765,-3663001.356388939,0.0,inf,-1609.9322421437407,128.99420012993758,0.11
MAR,Morocco,partner_embedded_branch,600,1666701.9398381962,1379069.2892035507,0.5235154090835907,0.09870011139624904,122450758.14777845,5108.086938903729,25.0,54.501026635949756,0.00013707150943812466,397817.2786964589,0.08,387260.1430233016,461212.24553042336,-37055.12286468787,-2622222.316636521,-192651789.1587369,-2545127.647224619,-186987728.60118082,-2797126.9352196893,-2230388.926837955,0.0,inf,-0.13310221848904294,102.50941204976505,0.11
MCO,Monaco,partner_embedded_branch,600,1946796.5406167554,1743373.4218146042,0.8316653523169946,0.015166925673443491,143029000.36291835,6338.761732338671,25.0,0.1559334344461749,0.00011019361063259998,1415.8230719206153,0.08,120948.88789157718,608094.9737258,-438498.4879361589,-4799890.209694631,-352642653.82703394,-4695021.084597612,-344938034.5621935,-5287420.953694931,-4009363.577589185,0.0,inf,-443.6335969247389,128.98063038576035,0.11
MDA,Moldova,partner_embedded_branch,600,1818610.3806012925,1484397.837498983,0.6047636792260607,0.11377295386562825,133611304.19135831,5443.418292139244,25.0,8.800066002096841,0.00013606050623953672,64711.28163466596,0.08,165986.34263793274,493751.223652843,-288264.7831226828,-3873546.667405263,-284585212.7529305,-3867916.2043346926,-284171548.8246451,-4269620.019760858,-3659251.924234148,0.0,inf,-6.017747355483448,114.70919251146474,0.11
MDG,Madagascar,partner_embedded_branch,600,1674283.1983873989,1304252.4882319658,0.45,0.16700995292786353,123007744.87400398,4434.45,25.0,0.6195268191946119,0.00011407077479941538,5433.902912184217,0.08,122637.37027524244,378571.22341187974,-225648.1552636869,-3304928.8509388515,-242809487.2567414,-3435503.5265724272,-252402665.043397,-3698336.507727821,-3115603.2540573394,0.0,inf,-82.1356906486049,107.58386077981265,0.11
MDV,Maldives,partner_embedded_branch,600,1948636.1015468668,1606898.611187731,0.7050336196607652,0.10242634644709804,143164150.88093662,5767.25750425762,25.0,1.594594187003736,0.0001555442304001766,10257.048863433623,0.08,128828.57787959315,561473.2991044559,-387726.85729650623,-4523609.706794372,-332344629.18750507,-4617188.600636139,-339219767.5812764,-5501384.89525103,-3938731.6672789147,0.0,inf,-42.16055950132238,127.96359634977306,0.11
MEX,Mexico,partner_embedded_branch,600,1974471.6706803686,1616998.1081476153,0.7115853330049653,0.11006576756563484,145062261.72604895,5637.527377821153,48.85045214386896,372.01583128294016,0.00013454435533834407,2766445.3420121446,0.08,2133359.456486851,1005522.3587447088,1208278.8864417188,1701214.415344336,124986351.7594915,2272807.486749866,166980665.96327725,-428934.01264559524,5269511.155211756,0.8,6.0,0.5761255036932474,134.20120501239708,0.11
MHL,Marshall Islands,partner_embedded_branch,600,1949939.3583048345,1645193.4680737823,0.7406576699161834,0.07748552271421152,143259899.72136205,5001.9647662393,25.0,0.05337546140048671,0.00014069951334902303,379.55542336871895,0.08,120256.30289021472,574659.7293268269,-408430.648090466,-4650626.970314921,-341676447.8193699,-4757864.479046101,-349555069.6245901,-5499020.538791729,-4077006.7780207014,0.0,inf,-1529.8049188534985,160.51017828113484,0.11
MKD,North Macedonia,partner_embedded_branch,600,1819363.1106669884,1522666.2578243786,0.6408869149714563,0.0862304564402331,133666606.44128191,5765.375414425257,25.0,3.453178369101141,9.747984126005505e-05,35442.99005380196,0.08,139112.5148840072,504880.2478192349,-325377.3131096889,-4042416.0774458856,-296991862.55226403,-4252439.121435831,-312422024.56885695,-4501722.495630976,-3926089.631454195,0.0,inf,-16.343334327324825,111.94893690855199,0.11
MLI,Mali,partner_embedded_branch,600,1694240.7766522483,1307089.424895166,0.45,0.1783576995806635,124474006.19578637,4599.95274283297,25.0,0.7456796981139309,0.00011470664074602337,6504.140469604073,0.08,123292.88771770947,382341.56183998456,-228461.34917507632,-3339024.822569125,-245314480.78684878,-3208719.20557798,-235741070.44268805,-3528797.661523662,-2853299.8452250743,0.0,inf,-66.60503303180762,103.93156654827249,0.11
MLT,Malta,partner_embedded_branch,600,2205730.2595126075,1909151.4290295197,0.9572582538855026,0.05031444669056587,162052575.8631058,6771.527257900493,25.0,2.964366130219866,0.00011441960035027412,25921.347269797585,0.08,139270.3546110536,728586.1102645958,-531028.8668323746,-5627379.573018599,-413437387.1121462,-5483591.775517225,-402873455.7962975,-6242466.920807307,-4990120.761253283,0.0,inf,-26.454506024848254,147.09937181746267,0.11
MMR,Myanmar,partner_embedded_branch,600,1724618.2547758282,1311388.346352497,0.45,0.1955533854099887,126705806.09829986,4831.61641506276,25.0,10.488388811292255,0.00011073000355902789,94769.7247004805,0.08,168648.83668627223,395146.9255652208,-194886.3348337309,-3244783.8767608856,-238390702.16335785,-3336133.5322595634,-245102060.86822465,-3546801.970271424,-3115600.3790152697,0.0,inf,-3.8457421427545686,99.42865408870989,0.11
MNE,Montenegro,partner_embedded_branch,600,1880879.2224744367,1576813.2725785715,0.6845713931114723,0.08439612475692514,138186127.50805214,5883.9553883911485,25.0,1.4061496766394754,9.796396406976998e-05,14361.220664705359,0.08,127942.77308807742,536077.8336239113,-365248.8338459209,-4318958.937512217,-317309162.28419137,-4301533.751348414,-316028953.02444154,-4597020.073835643,-3964225.2520286147,0.0,inf,-44.14564996429448,118.27463958650196,0.11
MNG,Mongolia,partner_embedded_branch,600,1746558.70068027,1453635.6258950264,0.5844520170281724,0.09228241843924419,128317746.5244087,5516.366474301389,25.0,15.50417915198017,0.00014808784662786185,104750.35763102693,0.08,202105.66472212411,474589.7875705556,-234516.93984278702,-3544141.821655631,-260384201.0810354,-3573827.278809081,-262565158.9640965,-4142120.1795699657,-3076395.498753759,0.0,inf,-2.7420308088488143,106.11857747466156,0.11
MNP,Northern Mariana Islands,partner_embedded_branch,600,1870795.3705188693,1555549.5186261951,0.6657743723299475,0.09332621285504268,137445277.99711376,5354.7693485015525,25.0,0.08201014169709736,0.00014219902123011445,577.0282948493177,0.08,120421.57957730484,524184.26305663167,-361827.94243479625,-4287127.889127309,-314970570.1735054,-4372350.3425179785,-321231770.07941914,-4774889.687524594,-3927981.117949906,0.0,inf,-823.9365553664542,129.66045969420927,0.11
MOZ,Mozambique,partner_embedded_branch,600,1677850.671388203,1304760.3384069446,0.45,0.16904135362777906,123269843.19115277,4434.45,25.0,0.8288227393376367,0.00011837175655994259,7005.509394161928,0.08,123528.35807659755,379384.7994593586,-225505.6574260124,-3309167.0760936453,-243120864.99681643,-3318524.5263980962,-243808346.5774891,-3524660.359082801,-2955784.502558822,0.0,inf,-61.35585630178784,107.77113075942117,0.11
MRT,Mauritania,partner_embedded_branch,600,1649160.1958158738,1313302.8517098483,0.4623268490669632,0.14157716150457636,121161985.51037686,4923.990831297291,25.0,0.6882545520451282,0.00013352976516934899,5157.000358155703,0.08,123253.40073971408,380527.9034939224,-226832.2704746945,-3277738.9136721496,-240811872.4746878,-3279283.3474848093,-240925340.3280267,-3548182.37428084,-3034308.1250720154,0.0,inf,-66.93272580827039,95.85884985840232,0.11
MUS,Mauritius,partner_embedded_branch,600,1838144.3527246523,1564755.2711652303,0.6782193386509439,0.0679243914062017,135046443.6358922,5911.17682897064,25.0,4.061062791160282,0.00015459016416047164,26283.548635178984,0.08,143045.43386121743,526031.2022962098,-340903.2722512955,-4157037.866971898,-305412999.3447717,-4311613.743419199,-316769518.9538908,-4611286.831458319,-3977336.368395672,0.0,inf,-14.20095379119736,114.46985143058012,0.11
MWI,Malawi,partner_embedded_branch,600,1649481.5819810703,1300712.8627084908,0.45,0.15285145083396381,121185597.39840907,4434.45,25.0,0.15323643679876542,0.00010317996370016338,1485.9111048990637,0.08,120652.33854447579,373637.64812452736,-223094.2977300894,-3261722.9462775085,-239635196.96776766,-3391769.733683823,-249189591.38704345,-3703354.6738472246,-3037417.243950087,0.0,inf,-328.3119288819411,106.27862228180395,0.11
MYS,Malaysia,partner_embedded_branch,600,1857863.0671324236,1593265.073518148,0.7025988222554103,0.06006618279554065,136495155.89284533,6067.290267821616,25.0,123.65426624678966,0.0001534985082205195,805992.6844053838,0.08,840236.4731268191,679607.8151349082,214997.28320270358,-2049963.071237041,-150608531.88440704,-2062853.0497542962,-151555544.42709342,-2886352.833389196,-1477393.0440297676,0.0,inf,0.28656892503450465,114.94559463368466,0.11
NAM,Namibia,partner_embedded_branch,600,1664779.5352423904,1383645.2691874886,0.5281555293805047,0.09380342984743001,122309521.19676965,5159.61299236151,25.0,2.457475550489779,0.00013500356331005016,18212.523642947748,0.08,132172.4378675691,418084.3806065915,-252465.1922904951,-3456474.479033428,-253943377.85265902,-3416680.261432243,-251019740.45913935,-3886257.175853138,-2967560.9755817475,0.0,inf,-19.911096465286544,101.90251014242827,0.11
NCL,New Caledonia,partner_embedded_branch,600,1834697.4679768735,1551052.621056457,0.6657743723299475,0.07533862257609025,134793204.80504614,5316.966520944462,25.0,0.39903772180877173,0.00012842506023050173,3108.7824289344962,0.08,122036.80339915314,515910.03946765343,-352600.432911088,-4200118.13784111,-308578059.45723474,-4119366.314504792,-302645311.8237211,-4424062.098320895,-3680862.656920945,0.0,inf,-166.19002881445695,128.68261371477766,0.11
NER,Niger,partner_embedded_branch,600,1691506.3272146154,1306701.3218710679,0.45,0.17680528748427135,124273109.20349787,4444.444998521231,25.0,0.4904987631563597,0.00012265385105591231,4001.1320280154227,0.08,122092.79498370348,381649.10847654747,-229024.3848147202,-3340897.904806999,-245452094.07847494,-3245348.5276241465,-238432186.4411657,-3440401.485690998,-3087412.5343051013,0.0,inf,-105.05730906954533,108.1914936665021,0.11
NGA,Nigeria,partner_embedded_branch,600,1722473.848378705,1347439.3655232787,0.48552762878898925,0.1621193181481686,126548258.91915025,5025.104047649466,25.0,45.22306947807408,0.00011727385155809045,385820.23574969935,0.08,338160.60430214694,442482.67856436817,-68923.45997707179,-2787204.630876336,-204772858.30539045,-2794035.6072728084,-205274722.62716526,-3289319.84837056,-2345547.366618762,0.0,inf,-0.3032927131350899,100.98325555714905,0.11
NIC,Nicaragua,partner_embedded_branch,600,1674734.3929420242,1335795.689250186,0.4806846536634397,0.13975948868354557,123040893.64161828,5003.99748151139,25.0,4.712006725313258,0.00012759403657125484,36948.91406882252,0.08,142635.71499487897,398199.9568351259,-223708.24529343686,-3316972.6212913063,-243694329.81638888,-3186811.051207642,-234131502.44006914,-3515542.6599302595,-2851648.8026826703,0.0,inf,-9.487657691850504,98.35239412255838,0.11
NLD,Netherlands,partner_embedded_branch,600,2273270.222851094,2028460.4850105632,1.0590070321652054,0.018806779216225332,167014662.67562473,6850.217703140483,25.0,129.77107461671164,0.00010946390751430706,1186132.2339500969,0.08,973401.7081871642,1003581.9443721577,50106.31936477905,-3545621.9077532827,-260492941.37853518,-3615571.6795398504,-265632074.16694534,-4410163.872343144,-2565802.2660482884,0.0,inf,0.05636509293187208,160.8717129254712,0.11
NOR,Norway,partner_embedded_branch,600,2405004.475359625,2144373.3795332825,1.1515820046282228,0.01958349499201664,176693033.29974878,7052.360763143248,25.0,39.94651581006384,0.00010035514635611214,398258.8278971162,0.08,390448.5510942486,921279.2700799739,-457128.3773793273,-5766773.529053709,-423678507.728694,-5819936.217767077,-427584311.9895076,-6476706.927744213,-4976357.711406012,0.0,inf,-1.6226496333907952,173.58303908516177,0.11
NPL,Nepal,partner_embedded_branch,600,1611193.9773359094,1295217.370614606,0.45,0.13086948245842336,118372649.2014942,4812.527330889078,25.0,8.056112047146827,0.00011797525994152079,68322.0217566765,0.08,157219.4490312949,372383.3755115357,-185373.25643931792,-3056030.0460329126,-224523165.84898746,-2996072.6867346186,-220118164.61443704,-3356173.899805187,-2460643.81547431,0.0,inf,-4.78132618331115,94.49367711777424,0.11
NRU,Nauru,partner_embedded_branch,600,2046902.5879068747,1736999.791675731,0.8153429815691047,0.0712842588574007,150383681.5406714,5316.855665183632,25.0,0.027244516303114384,0.00014575947935911615,187.0115577871229,0.08,120139.06095441735,628930.8057233902,-458477.28031110164,-5037887.811941642,-370128075.86675936,-4906315.5249594655,-360461604.6716945,-5491078.674027464,-4558141.5784833385,0.0,inf,-3165.0738407686194,167.3095645654614,0.11
NZL,New Zealand,partner_embedded_branch,600,2213435.18105881,1977872.4484458747,1.0188254039371345,0.01736277409782607,162618647.9736916,6384.573032512715,25.0,25.31348556235551,9.926139107879234e-05,255151.2774006705,0.08,275151.16538910236,788844.3648276456,-450585.6502523316,-5375765.682665776,-394951591.3632037,-5210676.583492497,-382822676.8449519,-5682157.096473795,-4844523.710085701,0.0,inf,-2.788004996014171,167.7763759510198,0.11
OMN,Oman,partner_embedded_branch,600,1974527.162098527,1688317.4589688736,0.7780133072943273,0.06320329940385722,145066338.6195005,6065.372553741021,25.0,16.457628891348016,0.00014047258611827717,117220.03358681039,0.08,215828.78455414803,616701.1665812813,-351536.2887006308,-4472244.403052364,-328570876.8234138,-4595414.141970183,-337620022.0549932,-5209028.208601997,-3978629.7105895365,0.0,inf,-3.521643718249557,131.2116024394926,0.11
PAK,Pakistan,partner_embedded_branch,600,1665148.8993603468,1302950.6929661892,0.45,0.16180277186475678,122336657.9722154,4849.738456078201,25.0,37.03081585544072,0.00011657238705064455,317829.16373312636,0.08,292406.180845518,403919.47885684593,-79199.73970278027,-2716835.4606093056,-199602912.77195904,-2726813.2160761403,-200335967.49057636,-3062611.6416424224,-2453703.7247558604,0.0,inf,-0.4410036214583059,96.1922193010994,0.11
PAN,Panama,partner_embedded_branch,600,2034223.004256095,1682317.0517597175,0.7660028542688768,0.09925393569448591,149452126.47739062,6074.9460268194225,25.0,21.64349745796064,0.00014362622048776384,150771.71108754785,0.08,246223.7557331657,633618.1080300687,-336704.9036544975,-4493766.005208232,-330152045.26004314,-4537599.49270695,-333372443.3697376,-5060035.094397525,-3940211.094223376,0.0,inf,-2.560823084615174,132.71826172851746,0.11
PER,Peru,partner_embedded_branch,600,1833607.6991750642,1511605.8490498788,0.6287356397919689,0.1027451972396711,134713140.6899229,5404.498958567224,25.0,120.9694531661912,0.00013124580128804375,922181.6010249588,0.08,747628.1123089219,624696.7298994383,172907.12080143858,-2131611.578435707,-156607157.89493513,-2191737.169552493,-161024518.93613514,-2815113.6869046814,-1570540.809338168,0.0,inf,0.26447323297666353,120.26324999553827,0.11
PHL,Philippines,partner_embedded_branch,600,1679413.4823763913,1373904.7013916846,0.5168755181476478,0.11124121482849975,123384661.19536287,5175.022721517766,27.353278987288853,208.30621568868278,0.0001370971734825514,1520197.0394094791,0.08,1154869.8232534213,591201.6648913966,610964.2915533364,-115064.10555643757,-8453633.264715357,-58415.43604057746,-4291717.828921582,-1431512.1378783954,802377.0621306093,0.6,7.0,0.5667628011871916,100.4935660826297,0.11
PLW,Palau,partner_embedded_branch,600,2002449.8104909663,1723334.3122817364,0.8074015444633721,0.05632952681008561,147117784.88197976,5519.553981302695,25.0,0.07631740881253177,0.00015222221841263632,501.61639646109035,0.08,120404.38853534775,614176.7768239615,-444638.2461426968,-4907694.419214018,-360562910.5157928,-4911407.868867115,-360835733.5770112,-5608998.004316997,-4118262.8823239096,0.0,inf,-1055.55098373378,154.81304159199877,0.11
PNG,Papua New Guinea,partner_embedded_branch,600,1821987.3639678268,1430225.9473928642,0.5525597120115795,0.15810522951355918,133859407.44461589,4752.246064274427,25.0,0.3045860273634607,0.0001350712730935681,2256.176844306793,0.08,121389.56903978015,461021.7485578423,-302750.43963343475,-3901161.156475797,-286614018.8890047,-3871761.0907275653,-284454028.39855444,-4296416.525965671,-3399154.3170516863,0.0,inf,-209.15867706298422,126.2162840872564,0.11
POL,Poland,partner_embedded_branch,600,2049611.852012805,1744141.5995124208,0.8216513266640625,0.06830976472937071,150582728.19434357,6287.7990422616695,25.0,141.7111775374675,9.779636854717639e-05,1449798.1212178888,0.08,975409.350141947,824121.5996384011,217217.47847461805,-2410227.749384632,-177076781.4967646,-1993396.3479826166,-146452636.95030007,-3208453.488282918,-499846.24004671635,0.0,inf,0.24377659573282656,135.02656404746028,0.11
PRI,Puerto Rico (US),partner_embedded_branch,600,2238216.5272257216,1903691.1655040502,0.9491848239675236,0.06884054217858343,164439306.21709383,6243.65597291845,25.0,18.595771767894497,0.00014303290758127586,130078.16284848377,0.08,231461.37741085707,759583.4599324155,-467355.4057269652,-5436721.851764024,-399429974.05506593,-5596432.829184794,-411163763.8840947,-6234909.560298285,-4796716.794125105,0.0,inf,-4.025261484469904,164.97291222307936,0.11
PRK,"Korea, Dem. People's Rep.",partner_embedded_branch,600,2034591.8031305862,1575682.658609206,0.6657743723299475,0.17385877278708647,149479221.72502074,5316.966520944462,25.0,12.388701729015102,0.00012623582408040454,98190.46841374174,0.08,183235.49983789446,576307.3953066235,-346967.30384419917,-4465913.791561959,-328105773.76088643,-4655803.707071803,-342056776.9744876,-5099493.950339405,-4339241.56803607,0.0,inf,-5.267430676507829,140.47223064711883,0.11
PRT,Portugal,partner_embedded_branch,600,2042233.8691126525,1761633.8585355408,0.838528185679104,0.05389450574664335,150040675.90645057,6242.20730214938,25.0,38.985024887839124,9.960415707995771e-05,391603.4467404179,0.08,353618.50274817087,690217.1480266142,-281381.2734363142,-4342245.962046562,-319020034.3610027,-4709276.30364496,-345985349.8248612,-5318323.049895874,-3885759.571198831,0.0,inf,-1.156269813055193,138.0529020794533,0.11
PRY,Paraguay,partner_embedded_branch,600,1759066.1397335145,1448911.8057285682,0.5783912285232148,0.10369108029819825,129236654.3134676,5429.820499582083,25.0,12.176833174955588,0.00013374840565201845,91090.25058289716,0.08,183473.29765763044,471243.878961843,-250071.0709872651,-3618488.8528249487,-265846395.6793109,-3525312.15027454,-259000805.83730516,-3999328.9775039614,-3239554.0492689954,0.0,inf,-3.7821924652896097,107.9362419453244,0.11
PSE,West Bank and Gaza,partner_embedded_branch,600,1758637.811807001,1410675.6010589094,0.5418743861195829,0.13333047363772318,129205185.53186738,4702.0672726084285,25.0,3.266478022201427,0.00012394155273062516,26368.714750903233,0.08,134744.8314286925,445088.91764013964,-274736.97280023596,-3695604.4055742286,-271511990.51269245,-3674612.825107663,-269969762.1865524,-3983006.0991124976,-3309513.2322182436,0.0,inf,-17.887453997947407,122.14961174140635,0.11
PYF,French Polynesia,partner_embedded_branch,600,1845596.0364673552,1552412.6490865694,0.6657743723299475,0.08077873469654004,135593910.64361647,5333.79366500695,25.0,0.015748883806120304,0.0001375753296399401,114.53424862621026,0.08,120080.64124480897,518096.7448638345,-356568.3640299188,-4230854.164285878,-310836201.51050276,-4157781.630874601,-305467642.860563,-4565523.826382093,-3831549.7632553536,0.0,inf,-4244.795951247859,128.81414619815294,0.11
QAT,Qatar,partner_embedded_branch,600,2360347.8675991115,2079541.3120217707,1.0972634260545835,0.03184811781416573,173412161.44985238,7247.43233979467,25.0,9.709913454112428,0.00014447172341719132,67244.79280694255,0.08,187557.06315258413,832770.2739534685,-578591.588884607,-6130121.659297753,-450373295.1747807,-6277903.083501173,-461230633.85143936,-7073300.771781605,-5616288.111067384,0.0,inf,-8.221907516534433,158.3801522009365,0.11
ROU,Romania,partner_embedded_branch,600,1994144.504074823,1674385.9312564246,0.7629686264785001,0.0827005926331984,146507603.15542278,6161.6416376396155,25.0,43.30283906102375,9.479090637354498e-05,457062.7721096691,0.08,376143.91313895467,649281.8081228073,-221195.35033402801,-3983267.959167161,-292646315.36525625,-4006232.05018948,-294333461.8721659,-4880637.137372031,-3423880.311170417,0.0,inf,-0.829016523244381,127.73463567356558,0.11
RUS,Russian Federation,partner_embedded_branch,600,2071169.1520874458,1661225.932578744,0.7422950183210255,0.13342863870984792,152166519.31779736,6178.722765315576,71.48317488501999,544.3731134622074,0.0001401149809781177,3887212.2034224705,0.08,3348989.3270156733,1272504.6640194152,2178285.036117811,5409056.491074565,397397430.4371081,5021714.414371292,368939834.13800305,3456285.9955814066,7418424.762281124,1.0,4.0,0.6476186270351671,128.70003710678088,0.11
RWA,Rwanda,partner_embedded_branch,600,1583988.3157410573,1291289.1117559709,0.45,0.11515644702388389,116373879.17034817,4640.42900118909,25.0,1.2239524033758034,0.00013135861104562738,9322.494506713796,0.08,125452.47765955215,362219.4734952449,-207789.43795607318,-3109855.388869842,-228477654.57933956,-3010244.3497791803,-221159341.10949162,-3248150.344233135,-2789104.7256454043,0.0,inf,-36.58481022629526,97.3276772795672,0.11
SAU,Saudi Arabia,partner_embedded_branch,600,2155765.5226530023,1837054.1347091307,0.8962814038639384,0.06680951951683137,158381721.60724118,6563.157695394815,38.49977375655967,293.1912543218751,0.00013847921441420379,2118324.9170561926,0.08,1967290.01954407,1122026.3882317254,935025.7423708825,220658.80617088272,16211559.764687967,-214695.33798497496,-15773430.316884328,-2329892.154343322,1572293.088427641,0.5,7.0,0.48591434110470116,142.7767650688061,0.11
SDN,Sudan,partner_embedded_branch,600,1799835.6524575155,1356960.9992130206,0.4844101764688347,0.20579311450790874,132231945.56683597,4453.89652216189,25.0,1.9538809677556348,9.731369914910624e-05,20088.62794318297,0.08,128354.28830112492,422112.57958649384,-259989.2849184494,-3642974.4189371197,-267645323.28744936,-3666211.7070907652,-269352541.28708076,-4342482.008198373,-3214482.5482923896,0.0,inf,-29.8756404525929,120.97087833791632,0.11
SEN,Senegal,partner_embedded_branch,600,1580752.6878802977,1290820.606776885,0.45,0.11328242710753979,116136161.15060881,4761.082175796968,25.0,4.238754534268459,0.00012747608574536476,33268.69013723598,0.08,139373.81631425678,363850.78162453725,-195368.9027803175,-3054808.2173009925,-224433399.4360649,-2896743.7767748195,-212820578.86149156,-3177617.1612787633,-2700670.577639513,0.0,inf,-9.680805455509958,94.22424756882357,0.11
SGP,Singapore,partner_embedded_branch,600,2344137.118157564,2106954.4712024387,1.1232778823343472,0.01142847313801826,172221175.52020627,7684.72280520773,25.0,64.50698786119396,0.0001144761601378046,563790.6431918708,0.08,595889.5878836884,937560.768064985,-266666.3187360979,-4903222.958319461,-360234397.2024767,-4732583.771314672,-347697723.83634055,-5211524.711096785,-4140247.6725427792,0.0,inf,-0.5379392037659427,148.08363812794897,0.11
SLB,Solomon Islands,partner_embedded_branch,600,1858613.3021100871,1484838.5309583961,0.6002839968072993,0.13793413979708874,136550274.83139578,4527.311182891982,25.0,0.2749177443799317,0.00012810835882500488,2147.095979918182,0.08,121194.85265136644,492092.5279413711,-331530.273054695,-4113390.2962577417,-302206260.3367304,-4018972.167681423,-295269464.2901697,-4824963.256535188,-3440394.8889263896,0.0,inf,-266.36678737627943,146.56044398636107,0.11
SLE,Sierra Leone,partner_embedded_branch,600,1657553.9819874268,1301866.6643478828,0.45,0.1574666573915308,121778667.74723607,4621.53019196716,25.0,0.09492615985493034,0.0001101114465781653,862.5407030156041,0.08,120421.15594922598,375089.6796685483,-224661.34934583845,-3274592.8372626123,-240580733.70156315,-3146020.6503821583,-231134676.56086177,-3650859.2399326563,-2631539.406419734,0.0,inf,-512.1022171677325,101.51652471498612,0.11
SLV,El Salvador,partner_embedded_branch,600,1737061.6206313835,1430643.3290537656,0.5637542688418214,0.10380197200595578,127620006.50000507,5227.450782536248,25.0,7.8927097632306635,0.000132715984397555,59501.656233798625,0.08,159608.40175500634,455378.36860144115,-259339.6973583195,-3614717.5750411833,-265569324.04894322,-3582618.008273702,-263211004.1880598,-4032230.4573376123,-3269805.771991156,0.0,inf,-6.285689359644974,109.59375598713895,0.11
SMR,San Marino,partner_embedded_branch,600,2271381.4546994916,2014413.93727068,1.0465194396272564,0.025058550946437996,166875896.9571715,6826.358591797989,25.0,0.11992193384356,0.00010633155895784215,1128.398749967249,0.08,120785.8849185005,772582.5402793058,-589990.0521384608,-6013130.926352044,-441778114.7150657,-5755813.451320525,-422873282.87372255,-6271068.068815538,-5372379.228592311,0.0,inf,-720.704058214556,160.02650271268342,0.11
SOM,"Somalia, Fed. Rep.",partner_embedded_branch,600,1728897.763439419,1313865.8518057538,0.4518406699351739,0.1962600575471459,127020216.89235434,4438.557788649607,25.0,0.18089228650871111,0.0001343457139346159,1347.1699507335736,0.08,120770.78483250228,389308.50290120195,-237393.03783660353,-3425521.781082166,-251669317.18214756,-3545237.8113218024,-260464722.2362204,-3856238.6865547253,-3067667.947201042,0.0,inf,-295.669176030997,110.70289725610333,0.11
SRB,Serbia,partner_embedded_branch,600,1904450.3092301171,1584520.6151487695,0.6890875002732493,0.09264495922883136,139917869.32379657,5843.899458310613,25.0,24.30778785267319,0.00014685388677411276,165609.84330641793,0.08,256370.1775343675,569745.9662897787,-267796.1114522289,-3980496.39037174,-292442691.25458235,-4092577.6718023666,-300677179.7118809,-4603028.942047917,-3408524.453707292,0.0,inf,-1.8851941945250479,121.19161144728274,0.11
SSD,South Sudan,partner_embedded_branch,600,1958009.5752553006,1471081.574196319,0.5748652593570552,0.21000000000000002,143852809.68347415,4688.329401779147,25.0,0.747631497080311,0.0001035933503196303,7220.74262016549,0.08,123364.93702027947,501531.76311974623,-338044.2850498871,-4250367.84094415,-312269849.8695417,-4075027.969761593,-299387822.4076175,-4402242.158962148,-3680707.4562501595,0.0,inf,-96.44237371816807,140.98669827945028,0.11
STP,São Tomé and Principe,partner_embedded_branch,600,1735314.3130027303,1404829.5062774199,0.5392728686632722,0.12295368179331828,127491633.7305663,4849.017730191995,25.0,0.05750263429644024,0.00012968320127298307,443.6394647136861,0.08,120267.67804150673,436067.65227421164,-280914.56205076794,-3681500.96862801,-270475826.5140344,-3634101.664223266,-266993451.75865272,-3867879.6634464394,-3377381.223098,0.0,inf,-1007.471431166868,115.79993371031334,0.11
SUR,Suriname,partner_embedded_branch,600,1799588.7739703152,1480171.5464996411,0.6030831575712656,0.10527039814223642,132213807.6759477,5537.432415815133,25.0,0.07382758128010404,0.00013329713669585705,554.1457083811805,0.08,120392.4626320912,480003.8372926789,-321211.06767717336,-3970598.3599277223,-291715493.8456938,-3805508.719808967,-279586539.584773,-4172511.791646658,-3343487.2766664377,0.0,inf,-785.7120646798891,111.07319269212103,0.11
SVK,Slovak Republic,partner_embedded_branch,600,2059182.5972423425,1746014.4908761138,0.822382194881644,0.07214698909623447,151285880.31853795,6218.521204270247,25.0,13.161714990184333,0.00010151927685326483,129714.97640515643,0.08,198572.54760098192,652694.0418750261,-401905.97092404205,-4822978.723140514,-354338941.5125382,-5075851.127303519,-372917198.88674957,-5503944.529831497,-4561320.552497365,0.0,inf,-4.910490290405941,137.62306259805484,0.11
SVN,Slovenia,partner_embedded_branch,600,2108681.318396854,1819950.744003992,0.8852974195057082,0.05331587848742792,154922496.91316664,6406.281651044848,25.0,9.193545566990311,0.00010299276294972443,89310.49127956515,0.08,176540.58458290054,684827.8235623335,-453501.0130944463,-5138177.360976275,-377496238.7158299,-5422604.117014682,-398392759.61254,-5947527.55791021,-4784312.8750162255,0.0,inf,-7.699972962471523,143.177002942377,0.11
SWE,Sweden,partner_embedded_branch,600,2246566.021218178,2001476.5008481094,1.0370985900960943,0.020413052911966694,165052734.35627618,6675.135460032901,25.0,63.063092299692805,0.00010398244342902108,606794.1685400396,0.08,524116.49628384697,869867.998496603,-276162.06233302783,-4757198.501171067,-349506140.9626871,-4737158.0766493045,-348033793.0175401,-5729302.34949738,-3950348.8771034726,0.0,inf,-0.6560375096726873,162.22419430003575,0.11
SWZ,Eswatini,partner_embedded_branch,600,1734014.2324215379,1381439.750617939,0.5169295310506734,0.14111134721838833,127396118.24035473,5161.959247142662,25.0,0.2271020028654658,0.00012962791128917755,1752.8655088000744,0.08,121125.39963238657,424903.09354536573,-269785.4464293499,-3608595.436004524,-265119537.2282728,-3588899.778088191,-263672518.9063835,-3961424.606772878,-3210579.358697739,0.0,inf,-230.13516365110425,103.52334170781839,0.11
SXM,Sint Maarten (Dutch part),partner_embedded_branch,600,2283931.6426353734,1918386.3090069767,0.9582457119996862,0.08231667602947502,167797945.459614,6345.003790935742,25.0,0.0233506305528733,0.00015013165216943097,155.61537477714114,0.08,120142.23344580358,746767.1457669582,-566883.5406597981,-5896007.891623607,-433173214.18890566,-5950005.825199543,-437140382.9710027,-6471672.580660937,-5086014.448868012,0.0,inf,-3826.1619547976834,165.56850659211125,0.11
SYC,Seychelles,partner_embedded_branch,600,1969847.7737018913,1666456.4278328395,0.7582455471954085,0.07459797535431618,144722549.10132688,5980.656370498291,25.0,0.13859109687282795,0.00016183573841718592,856.8149835159445,0.08,120795.71109735055,586835.9655185202,-419093.3771796881,-4713659.069830234,-346307346.83545053,-4823297.057883937,-354362329.2159692,-5252909.633059871,-4314124.69275103,0.0,inf,-505.62276111533714,130.65036012816407,0.11
SYR,Syrian Arab Republic,partner_embedded_branch,600,1712601.1116814136,1309690.469407746,0.45,0.18876187763098454,125822919.81401062,4760.526826519943,25.0,9.996374475075358,0.00010297855343473504,97122.95429947706,0.08,165684.48850227403,392581.15640018246,-195490.17538589382,-3232554.548813308,-237492226.89131007,-3208293.0448804884,-235709760.88502014,-3581445.665022038,-2870620.246488476,0.0,inf,-4.107971316371779,100.62657263077764,0.11
TCA,Turks and Caicos Islands,partner_embedded_branch,600,2388754.7158208955,1959229.5569121162,0.9857051608886791,0.10839242320506888,175499181.3411738,5978.000261216226,25.0,0.03857743014946651,9.279723965983157e-05,415.93396871816094,0.08,120221.39125201014,786697.3977808516,-603540.2147063733,-6225696.482902401,-457395072.33270824,-6066262.976427673,-445681667.9888671,-6517241.865122217,-5583005.260269349,0.0,inf,-2617.079947185915,191.280490654094,0.11
TCD,Chad,partner_embedded_branch,600,1721440.432981371,1310939.7069934602,0.45,0.19375882797384034,126472335.02666505,4535.506443789672,25.0,0.3763359684612774,0.00011011522743317765,3419.4361790618573,0.08,121638.59924158652,387057.28972010675,-234454.10730091168,-3400080.586950103,-249800180.63457844,-3374916.99911201,-247951439.51606038,-3654528.8492610743,-3015897.2871260243,0.0,inf,-137.35874965434124,107.09362599700829,0.11
TGO,Togo,partner_embedded_branch,600,1638308.6280917155,1299113.1234461875,0.45,0.14645249378475025,120364732.76640745,4605.301780528178,25.0,1.0375507109062299,0.00012522220586244311,8289.992483650716,0.08,124587.10477087175,372220.989389107,-217856.20546710666,-3222730.9205548842,-236770495.72915477,-3370674.1653336696,-247639723.18548286,-3784629.2427395936,-2971805.8129718374,0.0,inf,-45.59345550083793,100.97636250285456,0.11
THA,Thailand,partner_embedded_branch,600,1799129.822859097,1501211.020017962,0.6230683950307861,0.08950210491791709,132180089.04265273,5686.184142292818,25.0,185.07871311989368,0.00014720961655972006,1257900.946740161,0.08,1130295.9778735691,679033.2657012457,505585.37342842296,-783787.6700114361,-57584017.9493032,-969589.8208950507,-71234697.5923564,-1935785.2877079789,521781.001175769,0.2,9.0,0.48041561000060257,110.31295111738893,0.11
TJK,Tajikistan,partner_embedded_branch,600,1655673.0454978112,1301597.9685158124,0.45,0.15639187406324978,121640477.41237415,4787.501281167077,25.0,5.655490694266159,0.00012852747391758676,44025.112506210746,0.08,145992.6421866506,378870.1690369855,-202567.91332737607,-3182961.2586303633,-233848662.41418833,-3189233.784056886,-234309497.95749697,-3477422.0529529783,-2927466.549318447,0.0,inf,-7.481547870272117,97.22871353650325,0.11
TKM,Turkmenistan,partner_embedded_branch,600,1919457.5557229004,1491114.2707132907,0.5988434366718385,0.17023989949397011,141020435.2156502,5518.954941277084,25.0,4.554277944095463,0.00011755795910939301,38760.88177483708,0.08,144129.4605729743,509069.19196504407,-324214.19603486627,-4148102.838856008,-304756552.6576282,-4330381.363252538,-318148355.3386644,-5040129.183571008,-3646678.77434375,0.0,inf,-12.898988241041568,117.0665539015158,0.11
TLS,Timor-Leste,partner_embedded_branch,600,1631610.068209063,1298152.4766645918,0.45,0.142609906658367,119872596.94024484,4706.627750472073,25.0,0.5804684814301202,0.0001229050029039783,4725.363649726204,0.08,122622.76710045445,370636.6076047728,-218362.9118959365,-3213490.687872335,-236091625.9982238,-3155765.2095603007,-231850598.6046648,-3409400.0836681626,-2812894.56625423,0.0,inf,-79.92642403657435,98.04530646614778,0.11
TON,Tonga,partner_embedded_branch,600,1839806.6565161066,1523831.974444608,0.6395464286291771,0.09759575463254669,135168571.2669162,4962.245477204594,25.0,0.13136258447532673,0.00012778137709520298,1028.5615242323656,0.08,120625.77925505913,505552.30094512866,-344482.3376144592,-4161899.2473264486,-305770159.6119021,-4255506.963261422,-312647415.5331571,-4461580.704334804,-4012177.809969026,0.0,inf,-528.4659749205514,136.28505549212906,0.11
TTO,Trinidad and Tobago,partner_embedded_branch,600,2027819.5213534508,1680318.1633417779,0.764835097811583,0.09709716430919577,148981669.63236454,5942.086297463336,25.0,1.9273641405856687,0.00013883283303975965,13889.855984572436,0.08,130994.46148799645,606583.1511933511,-427062.0376098866,-4836011.584471583,-355296451.49838436,-4952810.723915966,-363877555.79430974,-5364813.252610464,-4588465.5543605015,0.0,inf,-37.28964411336556,135.99573862756355,0.11
TUN,Tunisia,partner_embedded_branch,600,1726757.6252471476,1408618.953402607,0.5440130759059616,0.11441043408062053,126862983.29352017,5291.830648304784,25.0,14.425002612641203,0.00013673909167053573,105547.84343726188,0.08,193281.28409035323,449450.9641755151,-220213.60295112067,-3429484.5379628898,-251960456.57114178,-3498485.173853873,-257029857.38935283,-3964489.373533191,-3027284.7775020897,0.0,inf,-2.884843810493561,104.36318696639549,0.11
TUR,Türkiye,partner_embedded_branch,600,1974475.6285581803,1620404.8208138875,0.7147770158755772,0.10773420387766383,145062552.5069781,6053.501444306604,95.34942465036282,600.0,0.0001402107209809233,5181504.059417091,0.08,3606816.8319206038,1277712.9687311305,2431320.9006879637,7563513.303513441,555683002.5444987,8309879.641414827,610517716.3871418,6355609.617803683,10635808.720148845,1.0,4.0,0.6693979572694665,123.07561947475712,0.11
TUV,Tuvalu,partner_embedded_branch,600,2008005.4631280382,1670210.1320289278,0.75757770469951,0.09295200461816107,147525952.57000753,4874.199872025269,25.0,0.0035184456110534364,0.00013154999520470379,26.760003121180777,0.08,120016.46362286124,596161.5691921731,-428452.180033938,-4829574.317859066,-354823512.6013559,-4605467.424243274,-338358625.6449867,-5124480.253875914,-4274758.460033365,0.0,inf,-24983.2066914592,173.84584974297417,0.11
TZA,Tanzania,partner_embedded_branch,600,1623899.7439320728,1297045.2871135017,0.45,0.138181148454007,119306127.89697108,4688.597030729617,25.0,2.5857513789855897,0.00011507670935020585,22481.51035491107,0.08,131638.6043882082,370690.612497995,-209396.75910994725,-3168800.800949552,-232808309.16488257,-3090159.2448069127,-227030600.5407946,-3421210.303817679,-2809939.887639758,0.0,inf,-17.271906668570733,98.11506647128654,0.11
UGA,Uganda,partner_embedded_branch,600,1653635.5730634378,1301306.8087283617,0.45,0.1552272349134467,121490786.55384041,4595.532642242652,25.0,1.446882905463791,0.00011654343532327211,12421.433664921104,0.08,126383.22971669926,375367.9346692636,-218955.27017902324,-3247802.977399502,-238612512.1662663,-3371272.2114890506,-247683660.97866794,-3697644.1482023867,-2900518.96000523,0.0,inf,-32.92957776875276,102.00928477005858,0.11
UKR,Ukraine,partner_embedded_branch,600,1804696.724082223,1455126.4194521494,0.578604111578472,0.1274851199162384,132589083.15192443,5449.770010047772,25.0,93.63051684213083,9.236425356692057e-05,1014237.4678809341,0.08,609854.1914030567,559093.3721347216,95488.28903911286,-2344888.004778499,-172276342.33427107,-2215526.0695831142,-162772263.25359488,-3123512.8541898006,-1372037.224751191,0.0,inf,0.18713478232162845,109.81893077546782,0.11
URY,Uruguay,partner_embedded_branch,600,2007868.8926765139,1747015.0173378342,0.8286458242424115,0.04483094813927918,147515918.88916153,5976.274799520072,25.0,22.164400074487986,0.00014499036453039535,152947.71506787578,0.08,247162.1237871776,653676.8795828228,-354220.6054290194,-4571258.057088976,-335845301.07046425,-4799148.020767123,-352588126.0229377,-5293391.2858094815,-4281561.522895053,0.0,inf,-2.6741593415109954,142.64947841965935,0.11
USA,United States,partner_embedded_branch,600,2492675.4054088667,2172937.6278018756,1.1697782112329187,0.042859455042909785,183134120.0924435,6845.813756034988,271.3871829426343,600.0,0.00010136854575283585,20398822.798459332,0.08,4063188.723476153,2036418.7019995402,2189683.5176365757,8605181.675249068,632213231.9807063,8887147.662499517,652928962.9014108,6639886.557676919,10918779.492285501,1.0,2.0,0.5330955032448944,189.22171349509836,0.11
UZB,Uzbekistan,partner_embedded_branch,600,1688633.9333382838,1376105.8699879665,0.5177736998002789,0.11555498095047144,124062077.58503705,5166.413807451671,25.0,59.40550560018111,0.00012209810351185058,486792.56063653715,0.08,414636.88739656634,466627.32536663045,-14660.251940733695,-2559248.7318596737,-188025189.1561252,-2838492.5207187617,-208540923.15543464,-3432066.9518545982,-2139131.9415809927,0.0,inf,-0.047766734123014506,101.29890305650488,0.11
VCT,St. Vincent and the Grenadines,partner_embedded_branch,600,1868918.9709833039,1575878.8844693433,0.6850752109023645,0.07813948336555049,137307420.98727527,5561.483808983961,25.0,0.212389479935308,0.00014271864450892576,1488.9442727588262,0.08,121133.95262770439,532036.8560099552,-368339.9549014544,-4320952.074487501,-317455595.8653148,-4335086.586497033,-318494042.91469187,-4785121.739853426,-3875542.5067481934,0.0,inf,-311.83521080704077,126.35803194056278,0.11
VEN,"Venezuela, RB",partner_embedded_branch,600,2141229.2437995104,1685131.080665025,0.7570757105211006,0.15514577005459768,157313757.18978187,5669.157190680772,25.0,132.80247711207411,0.00012516038774512065,1061611.0498579722,0.08,842762.9933377283,795557.143361727,110850.42144493945,-2920380.811322012,-214557165.78893578,-2707593.8042804347,-198923938.44729885,-3893214.8934437637,-1763749.8751743431,0.0,inf,0.1472355468778356,150.16245817652566,0.11
VGB,British Virgin Islands,partner_embedded_branch,600,1946570.4865746805,1614408.4431283707,0.7122997626244092,0.09613495939143683,143012392.42110655,5690.600174273108,25.0,0.03892014927920395,9.255311564629376e-05,420.7359368675251,0.08,120212.61984794014,562204.9460343658,-397015.9305036764,-4564123.240498901,-335321113.94388974,-4701215.682943695,-345393144.88862205,-5406185.315687951,-4123535.176554573,0.0,inf,-1792.5668604129673,131.11029717597685,0.11
VIR,Virgin Islands (US),partner_embedded_branch,600,2286909.5772389662,1973329.7661070956,1.0079530900973346,0.053553613941709315,168016731.0392119,6373.647276716638,25.0,0.22477172474333704,0.00015864364991102645,1417.5720420981716,0.08,121375.31106364154,764965.3098791079,-582392.7740251378,-5993266.867630708,-440318724.17127377,-6003085.880893776,-441040116.2747968,-6625313.024390291,-4980279.739785184,0.0,inf,-406.52407869370165,171.60317963115273,0.11
VNM,Viet Nam,partner_embedded_branch,600,1735881.7706997597,1427292.2009884617,0.5607053421100122,0.10564209340378694,127533324.22336358,5489.373661609645,33.89884875092005,258.1533608014093,0.00022291997909966156,1158657.1447716802,0.08,1480416.2490616972,685190.5363281603,850040.9556397897,724769.1814428854,53247994.51450921,1261609.7417946241,92689079.95893507,170619.41492948445,2327583.1201443546,0.9,6.0,0.5998453179143035,102.73737575963253,0.11
VUT,Vanuatu,partner_embedded_branch,600,1984555.7759471592,1606594.1442328454,0.7006832339357489,0.12296040725263667,145803129.84748426,4629.9586087089465,25.0,0.012022415744296836,0.00011694518484610232,102.85740228517531,0.08,120053.43675578188,566538.3608531066,-401161.85522907623,-4648798.281685342,-341542096.07731223,-4803242.925270956,-352888974.15243936,-5159656.023157681,-4209809.69562147,0.0,inf,-7206.937909777604,172.26746607168502,0.11
WSM,Samoa,partner_embedded_branch,600,1793990.7395482908,1477583.8129775445,0.6013146764060202,0.10376186988007663,131802526.24479944,5005.581725672872,25.0,0.09949269637604147,0.00013385023105661045,743.7007681849267,0.08,120478.09806990511,477968.6259542624,-319253.0378080163,-3965034.019309141,-291306687.8612214,-3871431.0595094487,-284429781.3679938,-4121008.8886428815,-3451130.4793204796,0.0,inf,-641.0461275372194,125.32027188126303,0.11
XKX,Kosovo,partner_embedded_branch,600,1787594.790013542,1467471.0903795236,0.5924956883275452,0.1074059198803683,131332622.86802591,5432.404440481863,25.0,7.374036774854047,0.00013976939680453485,52786.07403862094,0.08,158456.40011519392,479624.91782661754,-282798.52428529423,-3797877.5551199066,-279025886.30934894,-3811821.2638435466,-280050315.25119513,-4319979.951181179,-3262579.2804616108,0.0,inf,-7.059594306816551,111.48483785023963,0.11
YEM,"Yemen, Rep.",partner_embedded_branch,600,1985443.2381076515,1497097.1486468893,0.5965512963722496,0.20563211272630935,145868330.71620724,5340.857924603943,25.0,5.55181114859814,0.0001038981057482767,53462.9857741781,0.08,148465.37718613909,523304.1090798754,-332974.40316734626,-4276412.827550164,-314183346.3860003,-4286142.67664065,-314898187.6958443,-4544681.205085005,-3988662.4832027354,0.0,inf,-11.229622040501368,124.99400464900764,0.11
ZAF,South Africa,partner_embedded_branch,600,1768020.297262286,1449171.881997089,0.5775154844424775,0.10911010577596866,129894506.41753317,5317.196560926899,25.0,55.786574296960524,0.0001310540487983302,425897.8082267698,0.08,404763.0537577838,514339.4045196418,-68429.19840028667,-2929673.1041863505,-215239860.32415658,-3036401.02136184,-223081042.9983309,-3676646.996873729,-2743970.977241257,0.0,inf,-0.23069014606140614,111.08474852574057,0.11
ZMB,Zambia,partner_embedded_branch,600,1627399.2853940465,1297548.0073608125,0.45,0.14019202944324974,119563235.35868667,4688.061651054077,25.0,0.8641847226816023,0.00011770406523377583,7345.836810245352,0.08,123889.2972075172,370063.874696204,-216569.46751299046,-3201284.7329907357,-235194867.91962308,-3341724.8092862447,-245512845.8409702,-3674146.793373725,-2983575.910922077,0.0,inf,-53.45610729121712,98.30185353387735,0.11
ZWE,Zimbabwe,partner_embedded_branch,600,1714431.709094109,1332472.5386770475,0.47204085989238187,0.1696858552462801,125957411.7922642,4826.592264276739,25.0,1.566558155768599,0.00011036759626166028,14201.397785398018,0.08,127258.69197712546,398760.593285594,-239601.05384562103,-3427440.9896357064,-251810319.32344678,-3530666.591402202,-259394190.73706925,-4011553.632779315,-3131262.247190126,0.0,inf,-31.68849324598094,103.13239898525326,0.11
