rank_eligible,iso3,country,region,income_group,eligible,exclusion_reason,recommendation_category,PRIORITY,rank_median_mc,rank_q25_mc,rank_q75_mc,p_top5_mc,p_top10_mc,p_top20_mc,I_MARKET,I_PROGRAM,I_DEM,I_ECO,I_RUSCOMP,I_RUSCOMP_GRADED,I_FIN,I_FEAS,I_HRSTRAT,I_PARTNERSHIP,PROGRAM_FIT,recommended_program_profile,I_PROFILE_DIPLO_ANALYTIC,I_PROFILE_ECON_LEGAL,I_PROFILE_DIGITAL_FINANCE,I_PROFILE_ENERGY_LOGISTICS,addressable_market_students_2026,addressable_market_students_2035,addressable_market_students_2050,DATAQ,IMPUTED_SHARE_KEY,recommended_format,capex_usd,capex_rub,npv_10y_usd,npv_10y_rub,npv_expected_usd,npv_expected_rub,npv_p10_usd,npv_p90_usd,npv_positive_probability,payback_years,students_year_10,avg_tuition_usd,host_subsidy_share,demand_pool_students,is_unfriendly,is_domestic_russia,is_non_sovereign_or_special,has_existing_mgimo_branch,has_mgimo_pipeline,mgimo_pipeline_status_label,mgimo_pipeline_stage,mgimo_presence_type,partner_universities_mgimo_count,platform_data_coverage_pct,top_strengths,main_weaknesses
1.0,VNM,Viet Nam,East Asia & Pacific,Lower middle income,True,,neutral_in_preparation,80.38224626694874,1.0,1.0,1.0,1.0,1.0,1.0,0.7902073498591018,0.8190688663800925,0.7902073498591018,0.7309318801358704,0.7929056123055176,0.7929056123055176,0.9299999999999999,0.519808666346423,0.6749893805625682,0.5,0.8190688663800925,digital_finance_business_informatics,0.4592542498095345,0.4789220785758553,0.635347449250511,0.9239125909653574,1158657.1447716802,1306524.9704126506,1006972.7709199325,0.7473684210526315,0.25263157894736854,partner_embedded_branch,1735881.7706997597,127533324.22336358,724769.1814428854,53247994.51450921,1261609.7417946241,92689079.95893507,170619.41492948445,2327583.1201443546,0.9,6.0,258.1533608014093,5489.373661609645,0.08,1158657.1447716802,False,False,False,False,True,В подготовке,planned_first_program,branch_pipeline,3.0,100.0,I_FIN=0.93; I_PROGRAM=0.82; I_RUSCOMP=0.79,I_FEAS=0.52; I_HRSTRAT=0.67; I_ECO=0.73
2.0,CHN,China,East Asia & Pacific,Upper middle income,True,,A_open_priority,76.21954369266368,2.0,2.0,2.0,1.0,1.0,1.0,0.8458964440894422,0.5652536283048547,0.8458964440894422,0.6394646381863845,0.7412886293989794,0.7412886293989794,1.0,0.5716862447190245,0.4563605547374491,0.5,0.5652536283048547,digital_finance_business_informatics,0.512694542907245,0.3953139753244509,0.6238191044328291,0.29412906788994053,40042687.00524328,41080277.68625977,19937717.31681206,0.7473684210526315,0.25263157894736854,urban_standard_branch,6621112.197425964,486445829.92146844,14160868.77555516,1040383451.9843845,14143514.402516266,1039108445.2870274,11924304.976785066,17539479.70248849,1.0,3.0,1400.0,5720.949103829381,0.0,40042687.00524328,False,False,False,False,False,,,,0.0,100.0,I_FIN=1.00; I_MARKET=0.85; I_RUSCOMP=0.74,I_HRSTRAT=0.46; I_PROGRAM=0.57; I_FEAS=0.57
3.0,TUR,Türkiye,Europe & Central Asia,Upper middle income,True,,A_open_priority,75.69950238081866,3.0,3.0,3.0,0.994,1.0,1.0,0.8591285530641766,0.5698097284634696,0.8591285530641766,0.6500958551568061,0.7428996215512674,0.7428996215512674,1.0,0.5102990732833462,0.4659887392076695,0.5,0.5698097284634696,digital_finance_business_informatics,0.5353755707969705,0.43427885734866356,0.6234378261742245,0.28776650511126883,5181504.059417091,5151300.528549127,3825178.599583105,0.7473684210526315,0.25263157894736854,partner_embedded_branch,1974475.6285581803,145062552.5069781,7563513.303513441,555683002.5444987,8309879.641414827,610517716.3871418,6355609.617803683,10635808.720148845,1.0,4.0,600.0,6053.501444306604,0.08,5181504.059417091,False,False,False,False,False,,,,0.0,100.0,I_FIN=1.00; I_MARKET=0.86; I_RUSCOMP=0.74,I_HRSTRAT=0.47; I_FEAS=0.51; I_PROGRAM=0.57
4.0,SAU,Saudi Arabia,Middle East & North Africa,High income,True,,A_open_priority,73.39919974824426,4.0,4.0,5.0,0.879,1.0,1.0,0.8885517380492359,0.550749959665261,0.8885517380492359,0.6354038462125837,0.7397854928507883,0.7397854928507883,0.6301699824091219,0.6963203658325847,0.45592080736885066,0.5,0.550749959665261,digital_finance_business_informatics,0.5548085172035764,0.4987242174521772,0.59472855666153,0.22804039822861844,2118324.9170561926,2321360.5921713132,2607379.0489481078,0.7473684210526315,0.25263157894736854,partner_embedded_branch,2155765.5226530023,158381721.60724118,220658.80617088272,16211559.764687967,-214695.33798497496,-15773430.316884328,-2329892.154343322,1572293.088427641,0.5,7.0,293.1912543218751,6563.157695394815,0.08,2118324.9170561926,False,False,False,False,False,,,,0.0,100.0,I_MARKET=0.89; I_RUSCOMP=0.74; I_FEAS=0.70,I_HRSTRAT=0.46; I_PROGRAM=0.55; I_FIN=0.63
5.0,BRA,Brazil,Latin America & Caribbean,Upper middle income,True,,A_open_priority,73.02874452478801,5.0,4.0,5.0,0.934,1.0,1.0,0.8402771867927563,0.5116577487325465,0.8402771867927563,0.5837403312255262,0.730165494495484,0.730165494495484,1.0,0.52717604619986,0.4083309968519101,0.5,0.5116577487325465,digital_finance_business_informatics,0.4411029097198089,0.38336647589657835,0.5701444886715535,0.21754419538105058,5527767.533165593,5197690.162507579,4329405.007767758,0.7473684210526315,0.25263157894736854,partner_embedded_branch,1879179.5139668381,138061251.79367825,7012640.945108274,515211016.3320653,6127153.971945341,450155262.4494551,3770140.5275145937,8402172.336106846,1.0,4.0,600.0,5559.251244264256,0.08,5527767.533165593,False,False,False,False,False,,,,0.0,100.0,I_FIN=1.00; I_MARKET=0.84; I_RUSCOMP=0.73,I_HRSTRAT=0.41; I_PROGRAM=0.51; I_FEAS=0.53
6.0,IDN,Indonesia,East Asia & Pacific,Upper middle income,True,,A_open_priority,71.37852896112831,6.0,6.0,7.0,0.081,0.94,1.0,0.8516311035667543,0.4289149917586723,0.8516311035667543,0.551649043464352,0.7183125776007384,0.7183125776007384,1.0,0.5578172170399862,0.3785089868739253,0.5,0.4289149917586723,digital_finance_business_informatics,0.3672125449672645,0.3291049607346231,0.46129198319861764,0.3175356845803043,3844007.5208474323,3890691.59767757,3522552.960054951,0.7473684210526315,0.25263157894736854,partner_embedded_branch,1721044.852089301,126443272.13366365,4580875.403643986,336551876.94277966,3623542.461174199,266217678.72576112,2457626.8418339947,5191788.849387663,1.0,4.0,489.55597118144317,5355.095315135381,0.08,3844007.5208474323,False,False,False,False,False,,,,0.0,100.0,I_FIN=1.00; I_MARKET=0.85; I_RUSCOMP=0.72,I_HRSTRAT=0.38; I_PROGRAM=0.43; I_ECO=0.55
7.0,IND,India,South Asia,Lower middle income,True,,A_open_priority,71.20497466817474,7.0,6.0,7.0,0.04,0.951,1.0,0.824198180193429,0.46170247988306873,0.824198180193429,0.5711425813257636,0.7262041401794135,0.7262041401794135,1.0,0.4966981126663463,0.41694910159255416,0.5,0.46170247988306873,digital_finance_business_informatics,0.3567685968764032,0.33476691233992334,0.4975168961480083,0.3917075647712461,10621302.750913672,9911628.88202456,8999938.18626319,0.7473684210526315,0.25263157894736854,partner_embedded_branch,1667963.3077023032,122543429.45724975,8946007.262011614,657253312.932005,8771089.51398499,644402298.3940119,7961056.420490162,10179405.241457071,1.0,2.0,600.0,5131.718318167629,0.08,10621302.750913672,False,False,False,False,False,,,,0.0,100.0,I_FIN=1.00; I_MARKET=0.82; I_RUSCOMP=0.73,I_HRSTRAT=0.42; I_PROGRAM=0.46; I_FEAS=0.50
8.0,MEX,Mexico,Latin America & Caribbean,Upper middle income,True,,A_open_priority,70.8022227881451,8.0,8.0,8.0,0.0,0.998,1.0,0.8378799091177936,0.5072529696093646,0.8378799091177936,0.5686790997798613,0.7326897437904238,0.7326897437904238,0.8599999999999999,0.49970105651984165,0.4330370569123945,0.5,0.5072529696093646,digital_finance_business_informatics,0.41375646211652073,0.4228264231461593,0.5552968658921675,0.2802346120389324,2766445.3420121446,2659985.9976002662,2331416.3384563033,0.7473684210526315,0.25263157894736854,partner_embedded_branch,1974471.6706803686,145062261.72604895,1701214.415344336,124986351.7594915,2272807.486749866,166980665.96327725,-428934.01264559524,5269511.155211756,0.8,6.0,372.01583128294016,5637.527377821153,0.08,2766445.3420121446,False,False,False,False,False,,,,0.0,100.0,I_FIN=0.86; I_MARKET=0.84; I_RUSCOMP=0.73,I_HRSTRAT=0.43; I_FEAS=0.50; I_PROGRAM=0.51
9.0,PHL,Philippines,East Asia & Pacific,Lower middle income,True,,A_open_priority,69.0313710650312,9.0,9.0,9.0,0.0,0.861,1.0,0.787107524183561,0.5322055015335618,0.787107524183561,0.5906538023105271,0.7416370638375912,0.7416370638375912,0.7077177744144257,0.49435811441591027,0.48680428070195747,0.5,0.5322055015335618,digital_finance_business_informatics,0.430623591707961,0.4269975819619459,0.5678518476043667,0.43854755690542324,1520197.0394094791,1522492.6160096806,1212800.86091956,0.7473684210526315,0.25263157894736854,partner_embedded_branch,1679413.4823763913,123384661.19536287,-115064.10555643757,-8453633.264715357,-58415.43604057746,-4291717.828921582,-1431512.1378783954,802377.0621306093,0.6,7.0,208.30621568868278,5175.022721517766,0.08,1520197.0394094791,False,False,False,False,False,,,,0.0,100.0,I_MARKET=0.79; I_RUSCOMP=0.74; I_FIN=0.71,I_HRSTRAT=0.49; I_FEAS=0.49; I_PROGRAM=0.53
10.0,THA,Thailand,East Asia & Pacific,Upper middle income,True,,B_strategic_with_subsidy,67.02326061545864,10.0,10.0,10.0,0.0,0.805,1.0,0.7427111818236969,0.6370168021995813,0.7427111818236969,0.642498584291074,0.7671139843168407,0.7671139843168407,0.3837111257547081,0.5931722503731042,0.6117692008073538,0.5,0.6370168021995813,digital_finance_business_informatics,0.5706719830606207,0.5880162963394429,0.6582287035376625,0.5735761016348528,1257900.946740161,1101276.167099787,852234.8926015744,0.7473684210526315,0.25263157894736854,partner_embedded_branch,1799129.822859097,132180089.04265273,-783787.6700114361,-57584017.9493032,-969589.8208950507,-71234697.5923564,-1935785.2877079789,521781.001175769,0.2,9.0,185.07871311989368,5686.184142292818,0.08,1257900.946740161,False,False,False,False,False,,,,0.0,100.0,I_RUSCOMP=0.77; I_MARKET=0.74; I_ECO=0.64,I_FIN=0.38; I_FEAS=0.59; I_HRSTRAT=0.61
11.0,MYS,Malaysia,East Asia & Pacific,Upper middle income,True,,B_strategic_with_subsidy,64.94181309762479,11.0,11.0,12.0,0.006,0.14,1.0,0.739122176735935,0.7012816965404672,0.739122176735935,0.7308780575652805,0.7826366801966971,0.7826366801966971,0.19091020026262323,0.7269718963839061,0.6875709211887513,0.5,0.7012816965404672,digital_finance_business_informatics,0.5649224564700456,0.6310351805141878,0.7269414167827423,0.6916126677379933,805992.6844053838,798474.7347954024,698504.0735703061,0.7473684210526315,0.25263157894736854,partner_embedded_branch,1857863.0671324236,136495155.89284533,-2049963.071237041,-150608531.88440704,-2062853.0497542962,-151555544.42709342,-2886352.833389196,-1477393.0440297676,0.0,inf,123.65426624678966,6067.290267821616,0.08,805992.6844053838,False,False,False,False,False,,,,0.0,100.0,I_RUSCOMP=0.78; I_MARKET=0.74; I_ECO=0.73,I_FIN=0.19; I_HRSTRAT=0.69; I_PROGRAM=0.70
12.0,ARG,Argentina,Latin America & Caribbean,Upper middle income,True,,A_open_priority,64.40593805490838,12.0,11.0,13.0,0.0,0.11,0.995,0.8411074852773873,0.43819992986097134,0.8411074852773873,0.4624242292280152,0.7097011757759308,0.7097011757759308,0.6499999999999999,0.55327967033353,0.2990098565819463,0.5,0.43819992986097134,diplomatic_analytic,0.494810636151561,0.35788597666345373,0.47774134184706035,0.0018250894802867572,2317223.3363430025,2308952.445355653,1667559.2208202821,0.7473684210526315,0.25263157894736854,partner_embedded_branch,1943526.264981255,142788736.80928132,630531.8245091003,46324479.561676644,1097103.6066494626,80602995.16656871,-966693.8032781258,3875461.436683445,0.5,6.0,295.676442691072,5777.889732991785,0.08,2317223.3363430025,False,False,False,False,False,,,,0.0,100.0,I_MARKET=0.84; I_RUSCOMP=0.71; I_FIN=0.65,I_HRSTRAT=0.30; I_PROGRAM=0.44; I_ECO=0.46
13.0,ARE,United Arab Emirates,Middle East & North Africa,High income,True,,B_strategic_with_subsidy,63.506106745664795,13.0,12.0,13.0,0.066,0.188,1.0,0.7469476890324414,0.8261867829907272,0.7469476890324414,0.8119043644370746,0.8093191916495804,0.8093191916495804,0.08771584780215456,0.8380234908089251,0.80583761125423,0.5,0.8261867829907272,energy_logistics,0.7604462803960823,0.793380405985645,0.7877274012873411,0.8424417631453338,523421.05145924253,522828.45996740577,645802.3823044426,0.7473684210526315,0.25263157894736854,partner_embedded_branch,2210941.8253280874,162435463.87084675,-4055308.436992449,-297939050.0265546,-4199531.335590083,-308534947.74133426,-4919696.322109088,-3321983.943893368,0.0,inf,86.6736048042813,6819.488953702283,0.08,523421.05145924253,False,False,False,False,False,,,,0.0,100.0,I_FEAS=0.84; I_PROGRAM=0.83; I_ECO=0.81,I_FIN=0.09; I_MARKET=0.75; I_HRSTRAT=0.81
14.0,CHL,Chile,Latin America & Caribbean,High income,True,,C_watchlist,61.65425234476375,14.0,13.0,14.0,0.0,0.005,1.0,0.770678394014943,0.6059672224590582,0.770678394014943,0.5967477597248699,0.7505834544279639,0.7505834544279639,0.19505430445415603,0.7452782467990213,0.4998894348504829,0.5,0.6059672224590582,diplomatic_analytic,0.648484214907766,0.5461190825659953,0.6202618697192009,0.29316320731001316,1068630.331709049,1035994.4197573187,741061.2562745439,0.7473684210526315,0.25263157894736854,partner_embedded_branch,1889494.462610326,138819079.7240718,-1747975.7864467308,-128421858.25687623,-1977047.797536825,-145251526.93245324,-2563819.680429073,-1419355.7657071822,0.0,inf,153.3974050601147,5921.210076467734,0.08,1068630.331709049,False,False,False,False,False,,,,0.0,100.0,I_MARKET=0.77; I_RUSCOMP=0.75; I_FEAS=0.75,I_FIN=0.20; I_HRSTRAT=0.50; I_ECO=0.60
15.0,GEO,Georgia,Europe & Central Asia,Upper middle income,True,,B_strategic_with_subsidy,58.64935681598443,15.0,15.0,15.0,0.0,0.002,1.0,0.6595224007655793,0.7069151348149068,0.6595224007655793,0.6999658469873008,0.781334416355231,0.781334416355231,0.11982225007918246,0.6416361674757658,0.6720241906145015,0.5,0.7069151348149068,digital_finance_business_informatics,0.666776343612489,0.6017820870661431,0.728963998635572,0.666346550134766,159082.9770260433,188073.05906699022,133663.00120484628,0.7473684210526315,0.25263157894736854,partner_embedded_branch,1811786.1049393904,133109932.16518159,-3660152.1761422567,-268907354.21377784,-3534756.074677296,-259694640.5748588,-3967000.0390726025,-3238577.7605401715,0.0,inf,24.465926557470386,5817.465907045056,0.08,159082.9770260433,False,False,False,False,False,,,,0.0,100.0,I_RUSCOMP=0.78; I_PROGRAM=0.71; I_ECO=0.70,I_FIN=0.12; I_FEAS=0.64; I_MARKET=0.66
16.0,EGY,"Egypt, Arab Rep.",Middle East & North Africa,Lower middle income,True,,C_watchlist,56.618254902616336,16.0,16.0,18.25,0.0,0.0,0.832,0.835787206316009,0.40278508078537467,0.835787206316009,0.5009045966434785,0.7098236756620341,0.7098236756620341,0.3252660125514986,0.4233245938927765,0.3295430631958037,0.5,0.40278508078537467,digital_finance_business_informatics,0.30686016721755627,0.31028747244187194,0.45071370102828845,0.18723780350642238,1340510.0554749868,1585829.5014324063,1552234.1463325154,0.7473684210526315,0.25263157894736854,partner_embedded_branch,1810149.130837639,132989665.47859743,-1131261.8053225,-83112560.44905822,-730341.4984304007,-53657386.51403327,-1743820.2943013425,-117270.60636590411,0.1,10.0,167.28307867629005,5449.397599209665,0.08,1340510.0554749868,False,False,False,False,False,,,,0.0,100.0,I_MARKET=0.84; I_RUSCOMP=0.71; I_ECO=0.50,I_FIN=0.33; I_HRSTRAT=0.33; I_PROGRAM=0.40
17.0,DOM,Dominican Republic,Latin America & Caribbean,Upper middle income,True,,C_watchlist,56.35290616731421,17.0,16.0,17.0,0.0,0.0,0.995,0.6827939909731652,0.5917118420221565,0.6827939909731652,0.6096563706037276,0.749480976571578,0.749480976571578,0.13944522786052593,0.6199345548318113,0.5025816030780185,0.5,0.5917118420221565,digital_finance_business_informatics,0.4690166012248355,0.4573439836951214,0.6508777264707027,0.3500910579373364,339965.7151827424,345021.1865045595,306357.57549587335,0.7473684210526315,0.25263157894736854,partner_embedded_branch,1844570.4768716819,135518563.9082379,-3364500.3222621875,-247186137.72624844,-3128454.862167665,-229844137.42310998,-3918419.8774872306,-2260664.970454863,0.0,inf,48.384489123374735,5744.840835749256,0.08,339965.7151827424,False,False,False,False,False,,,,0.0,100.0,I_RUSCOMP=0.75; I_MARKET=0.68; I_FEAS=0.62,I_FIN=0.14; I_HRSTRAT=0.50; I_PROGRAM=0.59
18.0,MNG,Mongolia,East Asia & Pacific,Upper middle income,True,,B_strategic_with_subsidy,55.37927627117115,19.0,17.0,21.0,0.0,0.0,0.742,0.6641857398349369,0.6496287559303817,0.6641857398349369,0.5844046261951655,0.764802985263588,0.764802985263588,0.11793524273841512,0.5805344616397992,0.5820009139212483,0.5,0.6496287559303817,energy_logistics,0.5068147414266884,0.45426100144938053,0.5918513076004744,0.696606968154148,104750.35763102693,152254.9621542618,118278.2169631536,0.7473684210526315,0.25263157894736854,partner_embedded_branch,1746558.70068027,128317746.5244087,-3544141.821655631,-260384201.0810354,-3573827.278809081,-262565158.9640965,-4142120.1795699657,-3076395.498753759,0.0,inf,15.50417915198017,5516.366474301389,0.08,104750.35763102693,False,False,False,False,False,,,,0.0,100.0,I_RUSCOMP=0.76; I_MARKET=0.66; I_PROGRAM=0.65,I_FIN=0.12; I_FEAS=0.58; I_HRSTRAT=0.58
19.0,COL,Colombia,Latin America & Caribbean,Upper middle income,True,,C_watchlist,55.307013275857685,19.0,18.0,21.0,0.0,0.0,0.709,0.7524831749748395,0.457595518585694,0.7524831749748395,0.5040928595178338,0.7192134558094195,0.7192134558094195,0.22520572349291265,0.521918267678758,0.3621158662570836,0.5,0.457595518585694,digital_finance_business_informatics,0.4209650406781676,0.389187646763694,0.5076144158948268,0.1410460195668154,1123917.5929155764,1004446.9850826286,915737.1017937359,0.7473684210526315,0.25263157894736854,partner_embedded_branch,1793596.9518267666,131773595.09406555,-1477111.2223433377,-108521736.68322045,-1352751.2075473075,-99385143.19217238,-1843396.8895474493,-243932.1208906613,0.0,inf,145.76928592659215,5512.256722329409,0.08,1123917.5929155764,False,False,False,False,False,,,,0.0,100.0,I_MARKET=0.75; I_RUSCOMP=0.72; I_FEAS=0.52,I_FIN=0.23; I_HRSTRAT=0.36; I_PROGRAM=0.46
20.0,PER,Peru,Latin America & Caribbean,Upper middle income,True,,C_watchlist,54.806961566652056,21.0,20.0,24.0,0.0,0.0,0.475,0.7595648508356556,0.47186015157609384,0.7595648508356556,0.5128570164984834,0.7249966627677861,0.7249966627677861,0.18468553210683214,0.5329763761833132,0.3984220634181388,0.5,0.47186015157609384,digital_finance_business_informatics,0.4172847575544811,0.3681836583810984,0.5140531008748236,0.27448575184626595,922181.6010249588,881906.5688313398,826190.8088205525,0.7473684210526315,0.25263157894736854,partner_embedded_branch,1833607.6991750642,134713140.6899229,-2131611.578435707,-156607157.89493513,-2191737.169552493,-161024518.93613514,-2815113.6869046814,-1570540.809338168,0.0,inf,120.9694531661912,5404.498958567224,0.08,922181.6010249588,False,False,False,False,False,,,,0.0,100.0,I_MARKET=0.76; I_RUSCOMP=0.72; I_FEAS=0.53,I_FIN=0.18; I_HRSTRAT=0.40; I_PROGRAM=0.47
